{
"type": "FeatureCollection",
"name": "points_techniciens",
"crs": { "type": "name", "properties": { "name": "urn:ogc:def:crs:OGC:1.3:CRS84" } },
"features": [
{ "type": "Feature", "properties": { "technicien": "Yann GENIEIS", "secteur": 73 }, "geometry": { "type": "Point", "coordinates": [ 4.7467991, 45.753718 ] } },
{ "type": "Feature", "properties": { "technicien": "Yann GENIEIS", "secteur": 73 }, "geometry": { "type": "Point", "coordinates": [ 4.7658004, 45.6712475 ] } },
{ "type": "Feature", "properties": { "technicien": "Nouredine BOUNAAS", "secteur": 72 }, "geometry": { "type": "Point", "coordinates": [ 4.8186556, 45.7661049 ] } },
{ "type": "Feature", "properties": { "technicien": "Mohamed BESSAFI", "secteur": 45 }, "geometry": { "type": "Point", "coordinates": [ 4.8374403, 45.7427222 ] } },
{ "type": "Feature", "properties": { "technicien": "Christopher WILTORD", "secteur": 53 }, "geometry": { "type": "Point", "coordinates": [ 4.8668192, 45.7586961 ] } },
{ "type": "Feature", "properties": { "technicien": "Luc CHAROLLAIS", "secteur": 27 }, "geometry": { "type": "Point", "coordinates": [ 4.8739654, 45.7640866 ] } },
{ "type": "Feature", "properties": { "technicien": "Nouredine BOUNAAS", "secteur": 72 }, "geometry": { "type": "Point", "coordinates": [ 4.8274812, 45.7593756 ] } },
{ "type": "Feature", "properties": { "technicien": "Paul SAULNIER", "secteur": 48 }, "geometry": { "type": "Point", "coordinates": [ 5.6568321, 46.2568346 ] } },
{ "type": "Feature", "properties": { "technicien": "Paul SAULNIER", "secteur": 48 }, "geometry": { "type": "Point", "coordinates": [ 5.6568321, 46.2568346 ] } },
{ "type": "Feature", "properties": { "technicien": "Paul SAULNIER", "secteur": 48 }, "geometry": { "type": "Point", "coordinates": [ 5.656347, 46.256902 ] } },
{ "type": "Feature", "properties": { "technicien": "Aurélien GUERIN", "secteur": 6 }, "geometry": { "type": "Point", "coordinates": [ 4.632711, 45.584582 ] } },
{ "type": "Feature", "properties": { "technicien": "Aurélien GUERIN", "secteur": 6 }, "geometry": { "type": "Point", "coordinates": [ 4.7223232, 45.7476983 ] } },
{ "type": "Feature", "properties": { "technicien": "Yaya DOUCOURE ", "secteur": 56 }, "geometry": { "type": "Point", "coordinates": [ 4.8482311, 45.7692168 ] } },
{ "type": "Feature", "properties": { "technicien": "Yaya DOUCOURE ", "secteur": 56 }, "geometry": { "type": "Point", "coordinates": [ 4.8377592, 45.7676054 ] } },
{ "type": "Feature", "properties": { "technicien": "Yaya DOUCOURE ", "secteur": 56 }, "geometry": { "type": "Point", "coordinates": [ 4.8431699, 45.7694816 ] } },
{ "type": "Feature", "properties": { "technicien": "Nouredine BOUNAAS", "secteur": 72 }, "geometry": { "type": "Point", "coordinates": [ 4.8273397, 45.7647721 ] } },
{ "type": "Feature", "properties": { "technicien": "Guillaume LANGLOIS", "secteur": 70 }, "geometry": { "type": "Point", "coordinates": [ 4.7833511, 45.60658 ] } },
{ "type": "Feature", "properties": { "technicien": "Mohamed BESSAFI", "secteur": 45 }, "geometry": { "type": "Point", "coordinates": [ 4.8680011, 45.7367451 ] } },
{ "type": "Feature", "properties": { "technicien": "Mohamed BESSAFI", "secteur": 45 }, "geometry": { "type": "Point", "coordinates": [ 4.8730286, 45.7444286 ] } },
{ "type": "Feature", "properties": { "technicien": "Mohamed BESSAFI", "secteur": 45 }, "geometry": { "type": "Point", "coordinates": [ 4.8724418, 45.7445101 ] } },
{ "type": "Feature", "properties": { "technicien": "Yann GENIEIS", "secteur": 73 }, "geometry": { "type": "Point", "coordinates": [ 4.7833511, 45.60658 ] } },
{ "type": "Feature", "properties": { "technicien": "Yann GENIEIS", "secteur": 73 }, "geometry": { "type": "Point", "coordinates": [ 4.7833511, 45.60658 ] } },
{ "type": "Feature", "properties": { "technicien": "Yann GENIEIS", "secteur": 73 }, "geometry": { "type": "Point", "coordinates": [ 4.7833511, 45.60658 ] } },
{ "type": "Feature", "properties": { "technicien": "Yaya DOUCOURE ", "secteur": 56 }, "geometry": { "type": "Point", "coordinates": [ 4.8440251, 45.7649848 ] } },
{ "type": "Feature", "properties": { "technicien": "Yaya DOUCOURE ", "secteur": 56 }, "geometry": { "type": "Point", "coordinates": [ 4.8359682, 45.7575564 ] } },
{ "type": "Feature", "properties": { "technicien": "Mohamed BESSAFI", "secteur": 45 }, "geometry": { "type": "Point", "coordinates": [ 4.8280237, 45.7313868 ] } },
{ "type": "Feature", "properties": { "technicien": "Nefis ALIOUCHE", "secteur": 47 }, "geometry": { "type": "Point", "coordinates": [ 4.8372593, 45.7676459 ] } },
{ "type": "Feature", "properties": { "technicien": "Yaya DOUCOURE ", "secteur": 56 }, "geometry": { "type": "Point", "coordinates": [ 4.856749, 45.7674196 ] } },
{ "type": "Feature", "properties": { "technicien": "Romain RICORDEAU ", "secteur": 21 }, "geometry": { "type": "Point", "coordinates": [ 4.8744129, 45.7567009 ] } },
{ "type": "Feature", "properties": { "technicien": "Christopher WILTORD", "secteur": 53 }, "geometry": { "type": "Point", "coordinates": [ 4.8431747, 45.7591905 ] } },
{ "type": "Feature", "properties": { "technicien": "Romain RICORDEAU ", "secteur": 21 }, "geometry": { "type": "Point", "coordinates": [ 4.8673575, 45.7386975 ] } },
{ "type": "Feature", "properties": { "technicien": "Yaya DOUCOURE ", "secteur": 56 }, "geometry": { "type": "Point", "coordinates": [ 4.8431906, 45.7636795 ] } },
{ "type": "Feature", "properties": { "technicien": "Christopher WILTORD", "secteur": 53 }, "geometry": { "type": "Point", "coordinates": [ 4.8734076, 45.7452075 ] } },
{ "type": "Feature", "properties": { "technicien": "Christopher WILTORD", "secteur": 53 }, "geometry": { "type": "Point", "coordinates": [ 4.8733844, 45.7451285 ] } },
{ "type": "Feature", "properties": { "technicien": "Christopher WILTORD", "secteur": 53 }, "geometry": { "type": "Point", "coordinates": [ 4.8735016, 45.7448932 ] } },
{ "type": "Feature", "properties": { "technicien": "Christopher WILTORD", "secteur": 53 }, "geometry": { "type": "Point", "coordinates": [ 4.8736274, 45.74485 ] } },
{ "type": "Feature", "properties": { "technicien": "Yann GENIEIS", "secteur": 73 }, "geometry": { "type": "Point", "coordinates": [ 4.91561, 45.6704376 ] } },
{ "type": "Feature", "properties": { "technicien": "Yann GENIEIS", "secteur": 73 }, "geometry": { "type": "Point", "coordinates": [ 4.91561, 45.6704376 ] } },
{ "type": "Feature", "properties": { "technicien": "Mohamed BESSAFI", "secteur": 45 }, "geometry": { "type": "Point", "coordinates": [ 4.8447361, 45.7533538 ] } },
{ "type": "Feature", "properties": { "technicien": "Christopher WILTORD", "secteur": 53 }, "geometry": { "type": "Point", "coordinates": [ 4.8431444, 45.7584659 ] } },
{ "type": "Feature", "properties": { "technicien": "Yaya DOUCOURE ", "secteur": 56 }, "geometry": { "type": "Point", "coordinates": [ 4.8290864, 45.7578738 ] } },
{ "type": "Feature", "properties": { "technicien": "Romain RICORDEAU ", "secteur": 21 }, "geometry": { "type": "Point", "coordinates": [ 4.8054006, 45.7744149 ] } },
{ "type": "Feature", "properties": { "technicien": "Kenzy CHABBI", "secteur": 71 }, "geometry": { "type": "Point", "coordinates": [ 4.8092389, 45.7296855 ] } },
{ "type": "Feature", "properties": { "technicien": "Kenzy CHABBI", "secteur": 71 }, "geometry": { "type": "Point", "coordinates": [ 4.8092389, 45.7296855 ] } },
{ "type": "Feature", "properties": { "technicien": "Kenzy CHABBI", "secteur": 71 }, "geometry": { "type": "Point", "coordinates": [ 4.8092389, 45.7296855 ] } },
{ "type": "Feature", "properties": { "technicien": "Kenzy CHABBI", "secteur": 71 }, "geometry": { "type": "Point", "coordinates": [ 4.805655, 45.7380786 ] } },
{ "type": "Feature", "properties": { "technicien": "Kenzy CHABBI", "secteur": 71 }, "geometry": { "type": "Point", "coordinates": [ 4.805655, 45.7380786 ] } },
{ "type": "Feature", "properties": { "technicien": "Kenzy CHABBI", "secteur": 71 }, "geometry": { "type": "Point", "coordinates": [ 4.805655, 45.7380786 ] } },
{ "type": "Feature", "properties": { "technicien": "Christopher WILTORD", "secteur": 53 }, "geometry": { "type": "Point", "coordinates": [ 4.8500805, 45.7537658 ] } },
{ "type": "Feature", "properties": { "technicien": "Olivier VUILLAUME ", "secteur": 58 }, "geometry": { "type": "Point", "coordinates": [ 5.1334409, 45.642246 ] } },
{ "type": "Feature", "properties": { "technicien": "Olivier VUILLAUME ", "secteur": 58 }, "geometry": { "type": "Point", "coordinates": [ 5.2233284, 45.6156155 ] } },
{ "type": "Feature", "properties": { "technicien": "Olivier VUILLAUME ", "secteur": 58 }, "geometry": { "type": "Point", "coordinates": [ 5.2233284, 45.6156155 ] } },
{ "type": "Feature", "properties": { "technicien": "Olivier VUILLAUME ", "secteur": 58 }, "geometry": { "type": "Point", "coordinates": [ 5.2111373, 45.6168958 ] } },
{ "type": "Feature", "properties": { "technicien": "Yann GENIEIS", "secteur": 73 }, "geometry": { "type": "Point", "coordinates": [ 4.8669998, 45.5190138 ] } },
{ "type": "Feature", "properties": { "technicien": "Olivier VUILLAUME ", "secteur": 58 }, "geometry": { "type": "Point", "coordinates": [ 5.2753421, 45.584628 ] } },
{ "type": "Feature", "properties": { "technicien": "Kenzy CHABBI", "secteur": 71 }, "geometry": { "type": "Point", "coordinates": [ 4.8134185, 45.7486715 ] } },
{ "type": "Feature", "properties": { "technicien": "Yann GENIEIS", "secteur": 73 }, "geometry": { "type": "Point", "coordinates": [ 4.8590352, 45.7067784 ] } },
{ "type": "Feature", "properties": { "technicien": "Luc CHAROLLAIS", "secteur": 27 }, "geometry": { "type": "Point", "coordinates": [ 4.8845747, 45.7684884 ] } },
{ "type": "Feature", "properties": { "technicien": "Romain RICORDEAU ", "secteur": 21 }, "geometry": { "type": "Point", "coordinates": [ 4.9190225, 45.7900785 ] } },
{ "type": "Feature", "properties": { "technicien": "Christopher WILTORD", "secteur": 53 }, "geometry": { "type": "Point", "coordinates": [ 4.8436309, 45.7593839 ] } },
{ "type": "Feature", "properties": { "technicien": "Christopher WILTORD", "secteur": 53 }, "geometry": { "type": "Point", "coordinates": [ 4.8868092, 45.7501962 ] } },
{ "type": "Feature", "properties": { "technicien": "Guillaume LANGLOIS", "secteur": 70 }, "geometry": { "type": "Point", "coordinates": [ 5.0291335, 45.6937146 ] } },
{ "type": "Feature", "properties": { "technicien": "Guillaume LANGLOIS", "secteur": 70 }, "geometry": { "type": "Point", "coordinates": [ 5.0287616, 45.6939116 ] } },
{ "type": "Feature", "properties": { "technicien": "Guillaume LANGLOIS", "secteur": 70 }, "geometry": { "type": "Point", "coordinates": [ 5.0282047, 45.694532 ] } },
{ "type": "Feature", "properties": { "technicien": "ILEX-Paris", "secteur": 4 }, "geometry": { "type": "Point", "coordinates": [ 2.3897086, 48.8580246 ] } },
{ "type": "Feature", "properties": { "technicien": "Christopher WILTORD", "secteur": 53 }, "geometry": { "type": "Point", "coordinates": [ 4.8689077, 45.7566563 ] } },
{ "type": "Feature", "properties": { "technicien": "Khalil BELLAL", "secteur": 65 }, "geometry": { "type": "Point", "coordinates": [ 4.8540798, 45.7255465 ] } },
{ "type": "Feature", "properties": { "technicien": "Khalil BELLAL", "secteur": 65 }, "geometry": { "type": "Point", "coordinates": [ 4.8540798, 45.7255465 ] } },
{ "type": "Feature", "properties": { "technicien": "Khalil BELLAL", "secteur": 65 }, "geometry": { "type": "Point", "coordinates": [ 4.8540798, 45.7255465 ] } },
{ "type": "Feature", "properties": { "technicien": "Yann GENIEIS", "secteur": 73 }, "geometry": { "type": "Point", "coordinates": [ 4.6735622, 45.6169085 ] } },
{ "type": "Feature", "properties": { "technicien": "Yann GENIEIS", "secteur": 73 }, "geometry": { "type": "Point", "coordinates": [ 4.6735622, 45.6169085 ] } },
{ "type": "Feature", "properties": { "technicien": "Nefis ALIOUCHE", "secteur": 47 }, "geometry": { "type": "Point", "coordinates": [ 4.924101, 45.784602 ] } },
{ "type": "Feature", "properties": { "technicien": "Nefis ALIOUCHE", "secteur": 47 }, "geometry": { "type": "Point", "coordinates": [ 4.924101, 45.784602 ] } },
{ "type": "Feature", "properties": { "technicien": "Nefis ALIOUCHE", "secteur": 47 }, "geometry": { "type": "Point", "coordinates": [ 4.924101, 45.784602 ] } },
{ "type": "Feature", "properties": { "technicien": "Nefis ALIOUCHE", "secteur": 47 }, "geometry": { "type": "Point", "coordinates": [ 4.924101, 45.784602 ] } },
{ "type": "Feature", "properties": { "technicien": "Yann GENIEIS", "secteur": 73 }, "geometry": { "type": "Point", "coordinates": [ 4.6707828, 45.6160994 ] } },
{ "type": "Feature", "properties": { "technicien": "Khalil BELLAL", "secteur": 65 }, "geometry": { "type": "Point", "coordinates": [ 4.8551088, 45.7250814 ] } },
{ "type": "Feature", "properties": { "technicien": "Khalil BELLAL", "secteur": 65 }, "geometry": { "type": "Point", "coordinates": [ 4.8553265, 45.7251562 ] } },
{ "type": "Feature", "properties": { "technicien": "Yaya DOUCOURE ", "secteur": 56 }, "geometry": { "type": "Point", "coordinates": [ 4.8242235, 45.7469562 ] } },
{ "type": "Feature", "properties": { "technicien": "Guillaume LANGLOIS", "secteur": 70 }, "geometry": { "type": "Point", "coordinates": [ 5.4470333, 45.5624539 ] } },
{ "type": "Feature", "properties": { "technicien": "Yaya DOUCOURE ", "secteur": 56 }, "geometry": { "type": "Point", "coordinates": [ 4.845557, 45.7675096 ] } },
{ "type": "Feature", "properties": { "technicien": "Yaya DOUCOURE ", "secteur": 56 }, "geometry": { "type": "Point", "coordinates": [ 4.8455316, 45.7676533 ] } },
{ "type": "Feature", "properties": { "technicien": "Christopher WILTORD", "secteur": 53 }, "geometry": { "type": "Point", "coordinates": [ 4.8433805, 45.759205 ] } },
{ "type": "Feature", "properties": { "technicien": "Mohamed BESSAFI", "secteur": 45 }, "geometry": { "type": "Point", "coordinates": [ 4.8670295, 45.7257037 ] } },
{ "type": "Feature", "properties": { "technicien": "Mohamed BESSAFI", "secteur": 45 }, "geometry": { "type": "Point", "coordinates": [ 4.8670295, 45.7257037 ] } },
{ "type": "Feature", "properties": { "technicien": "Aurélien GUERIN", "secteur": 6 }, "geometry": { "type": "Point", "coordinates": [ 4.6735622, 45.6169085 ] } },
{ "type": "Feature", "properties": { "technicien": "Christopher WILTORD", "secteur": 53 }, "geometry": { "type": "Point", "coordinates": [ 4.8658251, 45.7636372 ] } },
{ "type": "Feature", "properties": { "technicien": "Christopher WILTORD", "secteur": 53 }, "geometry": { "type": "Point", "coordinates": [ 4.8658099, 45.7630082 ] } },
{ "type": "Feature", "properties": { "technicien": "Romain RICORDEAU ", "secteur": 21 }, "geometry": { "type": "Point", "coordinates": [ 4.8658099, 45.7630082 ] } },
{ "type": "Feature", "properties": { "technicien": "Nefis ALIOUCHE", "secteur": 47 }, "geometry": { "type": "Point", "coordinates": [ 4.892176, 45.817423 ] } },
{ "type": "Feature", "properties": { "technicien": "Nefis ALIOUCHE", "secteur": 47 }, "geometry": { "type": "Point", "coordinates": [ 4.89213, 45.817487 ] } },
{ "type": "Feature", "properties": { "technicien": "Nefis ALIOUCHE", "secteur": 47 }, "geometry": { "type": "Point", "coordinates": [ 4.8924143, 45.817952 ] } },
{ "type": "Feature", "properties": { "technicien": "Guillaume LANGLOIS", "secteur": 70 }, "geometry": { "type": "Point", "coordinates": [ 5.2222811, 45.9192462 ] } },
{ "type": "Feature", "properties": { "technicien": "Luc CHAROLLAIS", "secteur": 27 }, "geometry": { "type": "Point", "coordinates": [ 5.2222811, 45.9192462 ] } },
{ "type": "Feature", "properties": { "technicien": "Nouredine BOUNAAS", "secteur": 72 }, "geometry": { "type": "Point", "coordinates": [ 4.7973122, 45.7564856 ] } },
{ "type": "Feature", "properties": { "technicien": "Christopher WILTORD", "secteur": 53 }, "geometry": { "type": "Point", "coordinates": [ 4.8492379, 45.7591347 ] } },
{ "type": "Feature", "properties": { "technicien": "Yaya DOUCOURE ", "secteur": 56 }, "geometry": { "type": "Point", "coordinates": [ 4.843297, 45.7642989 ] } },
{ "type": "Feature", "properties": { "technicien": "Yaya DOUCOURE ", "secteur": 56 }, "geometry": { "type": "Point", "coordinates": [ 4.8327886, 45.7592485 ] } },
{ "type": "Feature", "properties": { "technicien": "Romain RICORDEAU ", "secteur": 21 }, "geometry": { "type": "Point", "coordinates": [ 4.8436309, 45.7593839 ] } },
{ "type": "Feature", "properties": { "technicien": "Romain RICORDEAU ", "secteur": 21 }, "geometry": { "type": "Point", "coordinates": [ 4.8673575, 45.7386975 ] } },
{ "type": "Feature", "properties": { "technicien": "Nouredine BOUNAAS", "secteur": 72 }, "geometry": { "type": "Point", "coordinates": [ 4.805044, 45.7791175 ] } },
{ "type": "Feature", "properties": { "technicien": "Nouredine BOUNAAS", "secteur": 72 }, "geometry": { "type": "Point", "coordinates": [ 4.805663, 45.7789396 ] } },
{ "type": "Feature", "properties": { "technicien": "Yaya DOUCOURE ", "secteur": 56 }, "geometry": { "type": "Point", "coordinates": [ 4.8324525, 45.7619286 ] } },
{ "type": "Feature", "properties": { "technicien": "Romain RICORDEAU ", "secteur": 21 }, "geometry": { "type": "Point", "coordinates": [ 4.8433805, 45.759205 ] } },
{ "type": "Feature", "properties": { "technicien": "Khalil BELLAL", "secteur": 65 }, "geometry": { "type": "Point", "coordinates": [ 4.8587921, 45.7072164 ] } },
{ "type": "Feature", "properties": { "technicien": "Yaya DOUCOURE ", "secteur": 56 }, "geometry": { "type": "Point", "coordinates": [ 4.8455077, 45.7677781 ] } },
{ "type": "Feature", "properties": { "technicien": "Yann GENIEIS", "secteur": 73 }, "geometry": { "type": "Point", "coordinates": [ 4.823674, 45.6265951 ] } },
{ "type": "Feature", "properties": { "technicien": "Yann GENIEIS", "secteur": 73 }, "geometry": { "type": "Point", "coordinates": [ 4.823674, 45.6265951 ] } },
{ "type": "Feature", "properties": { "technicien": "Yaya DOUCOURE ", "secteur": 56 }, "geometry": { "type": "Point", "coordinates": [ 4.845478, 45.7679217 ] } },
{ "type": "Feature", "properties": { "technicien": "Romain RICORDEAU ", "secteur": 21 }, "geometry": { "type": "Point", "coordinates": [ 4.8461747, 45.7608966 ] } },
{ "type": "Feature", "properties": { "technicien": "Romain RICORDEAU ", "secteur": 21 }, "geometry": { "type": "Point", "coordinates": [ 4.8461747, 45.7608966 ] } },
{ "type": "Feature", "properties": { "technicien": "Romain RICORDEAU ", "secteur": 21 }, "geometry": { "type": "Point", "coordinates": [ 4.8391471, 45.7325845 ] } },
{ "type": "Feature", "properties": { "technicien": "Romain RICORDEAU ", "secteur": 21 }, "geometry": { "type": "Point", "coordinates": [ 4.8391471, 45.7325845 ] } },
{ "type": "Feature", "properties": { "technicien": "Romain RICORDEAU ", "secteur": 21 }, "geometry": { "type": "Point", "coordinates": [ 4.8391471, 45.7325845 ] } },
{ "type": "Feature", "properties": { "technicien": "Romain RICORDEAU ", "secteur": 21 }, "geometry": { "type": "Point", "coordinates": [ 4.8391471, 45.7325845 ] } },
{ "type": "Feature", "properties": { "technicien": "Yann GENIEIS", "secteur": 73 }, "geometry": { "type": "Point", "coordinates": [ 4.8092389, 45.7296855 ] } },
{ "type": "Feature", "properties": { "technicien": "Luc CHAROLLAIS", "secteur": 27 }, "geometry": { "type": "Point", "coordinates": [ 4.876785, 45.7587992 ] } },
{ "type": "Feature", "properties": { "technicien": "Romain RICORDEAU ", "secteur": 21 }, "geometry": { "type": "Point", "coordinates": [ 4.8428411, 45.7450422 ] } },
{ "type": "Feature", "properties": { "technicien": "Romain RICORDEAU ", "secteur": 21 }, "geometry": { "type": "Point", "coordinates": [ 4.8428411, 45.7450422 ] } },
{ "type": "Feature", "properties": { "technicien": "Romain RICORDEAU ", "secteur": 21 }, "geometry": { "type": "Point", "coordinates": [ 4.8428411, 45.7450422 ] } },
{ "type": "Feature", "properties": { "technicien": "Romain RICORDEAU ", "secteur": 21 }, "geometry": { "type": "Point", "coordinates": [ 4.8428411, 45.7450422 ] } },
{ "type": "Feature", "properties": { "technicien": "Mohamed BESSAFI", "secteur": 45 }, "geometry": { "type": "Point", "coordinates": [ 4.868533, 45.7437506 ] } },
{ "type": "Feature", "properties": { "technicien": "Guillaume LANGLOIS", "secteur": 70 }, "geometry": { "type": "Point", "coordinates": [ 5.6785216, 45.9047187 ] } },
{ "type": "Feature", "properties": { "technicien": "Guillaume LANGLOIS", "secteur": 70 }, "geometry": { "type": "Point", "coordinates": [ 5.0284554, 46.0021189 ] } },
{ "type": "Feature", "properties": { "technicien": "Paul SAULNIER", "secteur": 48 }, "geometry": { "type": "Point", "coordinates": [ 5.650625, 46.254645 ] } },
{ "type": "Feature", "properties": { "technicien": "Bruno THOLY ", "secteur": 25 }, "geometry": { "type": "Point", "coordinates": [ 4.0954217, 45.599898 ] } },
{ "type": "Feature", "properties": { "technicien": "Bruno THOLY ", "secteur": 25 }, "geometry": { "type": "Point", "coordinates": [ 4.0954217, 45.599898 ] } },
{ "type": "Feature", "properties": { "technicien": "Mohamed BESSAFI", "secteur": 45 }, "geometry": { "type": "Point", "coordinates": [ 4.8580136, 45.7494558 ] } },
{ "type": "Feature", "properties": { "technicien": "Mohamed BESSAFI", "secteur": 45 }, "geometry": { "type": "Point", "coordinates": [ 4.8577523, 45.7493056 ] } },
{ "type": "Feature", "properties": { "technicien": "Mohamed BESSAFI", "secteur": 45 }, "geometry": { "type": "Point", "coordinates": [ 4.8576104, 45.749279 ] } },
{ "type": "Feature", "properties": { "technicien": "Mohamed BESSAFI", "secteur": 45 }, "geometry": { "type": "Point", "coordinates": [ 4.8576006, 45.749243 ] } },
{ "type": "Feature", "properties": { "technicien": "Mohamed BESSAFI", "secteur": 45 }, "geometry": { "type": "Point", "coordinates": [ 4.8573679, 45.7489602 ] } },
{ "type": "Feature", "properties": { "technicien": "Mohamed BESSAFI", "secteur": 45 }, "geometry": { "type": "Point", "coordinates": [ 4.8500432, 45.7504649 ] } },
{ "type": "Feature", "properties": { "technicien": "Yaya DOUCOURE ", "secteur": 56 }, "geometry": { "type": "Point", "coordinates": [ 4.8267183, 45.7683921 ] } },
{ "type": "Feature", "properties": { "technicien": "Mohamed BESSAFI", "secteur": 45 }, "geometry": { "type": "Point", "coordinates": [ 4.8392129, 45.7504852 ] } },
{ "type": "Feature", "properties": { "technicien": "Mohamed BESSAFI", "secteur": 45 }, "geometry": { "type": "Point", "coordinates": [ 4.8502404, 45.7506982 ] } },
{ "type": "Feature", "properties": { "technicien": "Yaya DOUCOURE ", "secteur": 56 }, "geometry": { "type": "Point", "coordinates": [ 4.8371573, 45.766222 ] } },
{ "type": "Feature", "properties": { "technicien": "Mohamed BESSAFI", "secteur": 45 }, "geometry": { "type": "Point", "coordinates": [ 4.8383055, 45.7434598 ] } },
{ "type": "Feature", "properties": { "technicien": "Nefis ALIOUCHE", "secteur": 47 }, "geometry": { "type": "Point", "coordinates": [ 4.8312802, 45.7752701 ] } },
{ "type": "Feature", "properties": { "technicien": "Nefis ALIOUCHE", "secteur": 47 }, "geometry": { "type": "Point", "coordinates": [ 4.8580466, 45.8094175 ] } },
{ "type": "Feature", "properties": { "technicien": "Nefis ALIOUCHE", "secteur": 47 }, "geometry": { "type": "Point", "coordinates": [ 4.8582026, 45.8092941 ] } },
{ "type": "Feature", "properties": { "technicien": "Nefis ALIOUCHE", "secteur": 47 }, "geometry": { "type": "Point", "coordinates": [ 4.8583985, 45.8090866 ] } },
{ "type": "Feature", "properties": { "technicien": "Nefis ALIOUCHE", "secteur": 47 }, "geometry": { "type": "Point", "coordinates": [ 4.8585372, 45.8089689 ] } },
{ "type": "Feature", "properties": { "technicien": "Nefis ALIOUCHE", "secteur": 47 }, "geometry": { "type": "Point", "coordinates": [ 4.8587316, 45.8087643 ] } },
{ "type": "Feature", "properties": { "technicien": "Nefis ALIOUCHE", "secteur": 47 }, "geometry": { "type": "Point", "coordinates": [ 4.8589202, 45.8086086 ] } },
{ "type": "Feature", "properties": { "technicien": "Aurélien GUERIN", "secteur": 6 }, "geometry": { "type": "Point", "coordinates": [ 4.7223232, 45.7476983 ] } },
{ "type": "Feature", "properties": { "technicien": "Romain RICORDEAU ", "secteur": 21 }, "geometry": { "type": "Point", "coordinates": [ 4.8164396, 45.7723606 ] } },
{ "type": "Feature", "properties": { "technicien": "Guillaume LANGLOIS", "secteur": 70 }, "geometry": { "type": "Point", "coordinates": [ 5.2233284, 45.6156155 ] } },
{ "type": "Feature", "properties": { "technicien": "Mohamed BESSAFI", "secteur": 45 }, "geometry": { "type": "Point", "coordinates": [ 4.8448278, 45.745277 ] } },
{ "type": "Feature", "properties": { "technicien": "Kenzy CHABBI", "secteur": 71 }, "geometry": { "type": "Point", "coordinates": [ 4.9119027, 45.7488926 ] } },
{ "type": "Feature", "properties": { "technicien": "Olivier VUILLAUME ", "secteur": 58 }, "geometry": { "type": "Point", "coordinates": [ 5.0298082, 45.7820821 ] } },
{ "type": "Feature", "properties": { "technicien": "Olivier VUILLAUME ", "secteur": 58 }, "geometry": { "type": "Point", "coordinates": [ 5.0298082, 45.7820821 ] } },
{ "type": "Feature", "properties": { "technicien": "Yann GENIEIS", "secteur": 73 }, "geometry": { "type": "Point", "coordinates": [ 4.8135156, 45.814675 ] } },
{ "type": "Feature", "properties": { "technicien": "Yann GENIEIS", "secteur": 73 }, "geometry": { "type": "Point", "coordinates": [ 4.8135156, 45.814675 ] } },
{ "type": "Feature", "properties": { "technicien": "Yann GENIEIS", "secteur": 73 }, "geometry": { "type": "Point", "coordinates": [ 4.8135156, 45.814675 ] } },
{ "type": "Feature", "properties": { "technicien": "Yann GENIEIS", "secteur": 73 }, "geometry": { "type": "Point", "coordinates": [ 4.8135156, 45.814675 ] } },
{ "type": "Feature", "properties": { "technicien": "Yaya DOUCOURE ", "secteur": 56 }, "geometry": { "type": "Point", "coordinates": [ 4.8183841, 45.7449421 ] } },
{ "type": "Feature", "properties": { "technicien": "Aurélien GUERIN", "secteur": 6 }, "geometry": { "type": "Point", "coordinates": [ 4.671092, 45.6216287 ] } },
{ "type": "Feature", "properties": { "technicien": "Yann GENIEIS", "secteur": 73 }, "geometry": { "type": "Point", "coordinates": [ 4.671092, 45.6216287 ] } },
{ "type": "Feature", "properties": { "technicien": "Nefis ALIOUCHE", "secteur": 47 }, "geometry": { "type": "Point", "coordinates": [ 4.8164396, 45.7723606 ] } },
{ "type": "Feature", "properties": { "technicien": "Nefis ALIOUCHE", "secteur": 47 }, "geometry": { "type": "Point", "coordinates": [ 4.8164396, 45.7723606 ] } },
{ "type": "Feature", "properties": { "technicien": "Nefis ALIOUCHE", "secteur": 47 }, "geometry": { "type": "Point", "coordinates": [ 4.8164396, 45.7723606 ] } },
{ "type": "Feature", "properties": { "technicien": "Nefis ALIOUCHE", "secteur": 47 }, "geometry": { "type": "Point", "coordinates": [ 4.8164396, 45.7723606 ] } },
{ "type": "Feature", "properties": { "technicien": "Romain RICORDEAU ", "secteur": 21 }, "geometry": { "type": "Point", "coordinates": [ 4.8164396, 45.7723606 ] } },
{ "type": "Feature", "properties": { "technicien": "Romain RICORDEAU ", "secteur": 21 }, "geometry": { "type": "Point", "coordinates": [ 4.8164396, 45.7723606 ] } },
{ "type": "Feature", "properties": { "technicien": "Yaya DOUCOURE ", "secteur": 56 }, "geometry": { "type": "Point", "coordinates": [ 4.8321515, 45.7629266 ] } },
{ "type": "Feature", "properties": { "technicien": "Guillaume LANGLOIS", "secteur": 70 }, "geometry": { "type": "Point", "coordinates": [ 5.2034293, 45.6541668 ] } },
{ "type": "Feature", "properties": { "technicien": "Christopher WILTORD", "secteur": 53 }, "geometry": { "type": "Point", "coordinates": [ 4.8691832, 45.7475774 ] } },
{ "type": "Feature", "properties": { "technicien": "Christopher WILTORD", "secteur": 53 }, "geometry": { "type": "Point", "coordinates": [ 4.8691832, 45.7475774 ] } },
{ "type": "Feature", "properties": { "technicien": "Christopher WILTORD", "secteur": 53 }, "geometry": { "type": "Point", "coordinates": [ 4.8691832, 45.7475774 ] } },
{ "type": "Feature", "properties": { "technicien": "Nouredine BOUNAAS", "secteur": 72 }, "geometry": { "type": "Point", "coordinates": [ 4.7939888, 45.7591122 ] } },
{ "type": "Feature", "properties": { "technicien": "Nouredine BOUNAAS", "secteur": 72 }, "geometry": { "type": "Point", "coordinates": [ 4.7939888, 45.7591122 ] } },
{ "type": "Feature", "properties": { "technicien": "Nouredine BOUNAAS", "secteur": 72 }, "geometry": { "type": "Point", "coordinates": [ 4.7939888, 45.7591122 ] } },
{ "type": "Feature", "properties": { "technicien": "Mohamed BESSAFI", "secteur": 45 }, "geometry": { "type": "Point", "coordinates": [ 4.8597714, 45.7469474 ] } },
{ "type": "Feature", "properties": { "technicien": "Guillaume LANGLOIS", "secteur": 70 }, "geometry": { "type": "Point", "coordinates": [ 5.1470256, 45.6355622 ] } },
{ "type": "Feature", "properties": { "technicien": "Guillaume LANGLOIS", "secteur": 70 }, "geometry": { "type": "Point", "coordinates": [ 5.1470256, 45.6355622 ] } },
{ "type": "Feature", "properties": { "technicien": "Guillaume LANGLOIS", "secteur": 70 }, "geometry": { "type": "Point", "coordinates": [ 4.769343, 45.458722 ] } },
{ "type": "Feature", "properties": { "technicien": "Yaya DOUCOURE ", "secteur": 56 }, "geometry": { "type": "Point", "coordinates": [ 4.827216, 45.7541801 ] } },
{ "type": "Feature", "properties": { "technicien": "Nefis ALIOUCHE", "secteur": 47 }, "geometry": { "type": "Point", "coordinates": [ 4.8322088, 45.7671021 ] } },
{ "type": "Feature", "properties": { "technicien": "Romain RICORDEAU ", "secteur": 21 }, "geometry": { "type": "Point", "coordinates": [ 5.156042, 45.6097312 ] } },
{ "type": "Feature", "properties": { "technicien": "Romain RICORDEAU ", "secteur": 21 }, "geometry": { "type": "Point", "coordinates": [ 5.156042, 45.6097312 ] } },
{ "type": "Feature", "properties": { "technicien": "Romain RICORDEAU ", "secteur": 21 }, "geometry": { "type": "Point", "coordinates": [ 5.1501205, 45.6147123 ] } },
{ "type": "Feature", "properties": { "technicien": "Romain RICORDEAU ", "secteur": 21 }, "geometry": { "type": "Point", "coordinates": [ 4.8580466, 45.8094175 ] } },
{ "type": "Feature", "properties": { "technicien": "Guillaume LANGLOIS", "secteur": 70 }, "geometry": { "type": "Point", "coordinates": [ 5.142813, 45.502809 ] } },
{ "type": "Feature", "properties": { "technicien": "Mohamed BESSAFI", "secteur": 45 }, "geometry": { "type": "Point", "coordinates": [ 4.8437038, 45.7504842 ] } },
{ "type": "Feature", "properties": { "technicien": "Mohamed BESSAFI", "secteur": 45 }, "geometry": { "type": "Point", "coordinates": [ 4.8437038, 45.7504842 ] } },
{ "type": "Feature", "properties": { "technicien": "Nouredine BOUNAAS", "secteur": 72 }, "geometry": { "type": "Point", "coordinates": [ 4.767904, 45.4618007 ] } },
{ "type": "Feature", "properties": { "technicien": "Nouredine BOUNAAS", "secteur": 72 }, "geometry": { "type": "Point", "coordinates": [ 4.7645109, 45.4617072 ] } },
{ "type": "Feature", "properties": { "technicien": "Yann GENIEIS", "secteur": 73 }, "geometry": { "type": "Point", "coordinates": [ 4.7795246, 45.7467267 ] } },
{ "type": "Feature", "properties": { "technicien": "Yann GENIEIS", "secteur": 73 }, "geometry": { "type": "Point", "coordinates": [ 4.7795246, 45.7467267 ] } },
{ "type": "Feature", "properties": { "technicien": "Yann GENIEIS", "secteur": 73 }, "geometry": { "type": "Point", "coordinates": [ 4.7795246, 45.7467267 ] } },
{ "type": "Feature", "properties": { "technicien": "Yann GENIEIS", "secteur": 73 }, "geometry": { "type": "Point", "coordinates": [ 4.7795246, 45.7467267 ] } },
{ "type": "Feature", "properties": { "technicien": "Yann GENIEIS", "secteur": 73 }, "geometry": { "type": "Point", "coordinates": [ 4.7795246, 45.7467267 ] } },
{ "type": "Feature", "properties": { "technicien": "Yann GENIEIS", "secteur": 73 }, "geometry": { "type": "Point", "coordinates": [ 4.7795246, 45.7467267 ] } },
{ "type": "Feature", "properties": { "technicien": "Yann GENIEIS", "secteur": 73 }, "geometry": { "type": "Point", "coordinates": [ 4.7795246, 45.7467267 ] } },
{ "type": "Feature", "properties": { "technicien": "Yann GENIEIS", "secteur": 73 }, "geometry": { "type": "Point", "coordinates": [ 4.7795246, 45.7467267 ] } },
{ "type": "Feature", "properties": { "technicien": "Yann GENIEIS", "secteur": 73 }, "geometry": { "type": "Point", "coordinates": [ 4.7795246, 45.7467267 ] } },
{ "type": "Feature", "properties": { "technicien": "Yann GENIEIS", "secteur": 73 }, "geometry": { "type": "Point", "coordinates": [ 4.7795246, 45.7467267 ] } },
{ "type": "Feature", "properties": { "technicien": "Yann GENIEIS", "secteur": 73 }, "geometry": { "type": "Point", "coordinates": [ 4.7795246, 45.7467267 ] } },
{ "type": "Feature", "properties": { "technicien": "Yann GENIEIS", "secteur": 73 }, "geometry": { "type": "Point", "coordinates": [ 4.7795246, 45.7467267 ] } },
{ "type": "Feature", "properties": { "technicien": "Yann GENIEIS", "secteur": 73 }, "geometry": { "type": "Point", "coordinates": [ 4.7795246, 45.7467267 ] } },
{ "type": "Feature", "properties": { "technicien": "Yann GENIEIS", "secteur": 73 }, "geometry": { "type": "Point", "coordinates": [ 4.7795246, 45.7467267 ] } },
{ "type": "Feature", "properties": { "technicien": "Yann GENIEIS", "secteur": 73 }, "geometry": { "type": "Point", "coordinates": [ 4.7795246, 45.7467267 ] } },
{ "type": "Feature", "properties": { "technicien": "Yann GENIEIS", "secteur": 73 }, "geometry": { "type": "Point", "coordinates": [ 4.7795246, 45.7467267 ] } },
{ "type": "Feature", "properties": { "technicien": "Yann GENIEIS", "secteur": 73 }, "geometry": { "type": "Point", "coordinates": [ 4.7795246, 45.7467267 ] } },
{ "type": "Feature", "properties": { "technicien": "Yann GENIEIS", "secteur": 73 }, "geometry": { "type": "Point", "coordinates": [ 4.7795246, 45.7467267 ] } },
{ "type": "Feature", "properties": { "technicien": "Luc CHAROLLAIS", "secteur": 27 }, "geometry": { "type": "Point", "coordinates": [ 4.861663, 45.776857 ] } },
{ "type": "Feature", "properties": { "technicien": "Romain RICORDEAU ", "secteur": 21 }, "geometry": { "type": "Point", "coordinates": [ 4.8383055, 45.7434598 ] } },
{ "type": "Feature", "properties": { "technicien": "Christopher WILTORD", "secteur": 53 }, "geometry": { "type": "Point", "coordinates": [ 4.8676064, 45.7550958 ] } },
{ "type": "Feature", "properties": { "technicien": "Christopher WILTORD", "secteur": 53 }, "geometry": { "type": "Point", "coordinates": [ 4.867045, 45.7552163 ] } },
{ "type": "Feature", "properties": { "technicien": "Guillaume LANGLOIS", "secteur": 70 }, "geometry": { "type": "Point", "coordinates": [ 4.8411638, 45.5163684 ] } },
{ "type": "Feature", "properties": { "technicien": "Nouredine BOUNAAS", "secteur": 72 }, "geometry": { "type": "Point", "coordinates": [ 4.8127226, 45.7856155 ] } },
{ "type": "Feature", "properties": { "technicien": "Luc CHAROLLAIS", "secteur": 27 }, "geometry": { "type": "Point", "coordinates": [ 4.8828623, 45.7803159 ] } },
{ "type": "Feature", "properties": { "technicien": "Luc CHAROLLAIS", "secteur": 27 }, "geometry": { "type": "Point", "coordinates": [ 4.8829322, 45.7805162 ] } },
{ "type": "Feature", "properties": { "technicien": "Luc CHAROLLAIS", "secteur": 27 }, "geometry": { "type": "Point", "coordinates": [ 4.8827671, 45.7806398 ] } },
{ "type": "Feature", "properties": { "technicien": "Karim MOKNECHE", "secteur": 30 }, "geometry": { "type": "Point", "coordinates": [ 4.8855822, 44.8757126 ] } },
{ "type": "Feature", "properties": { "technicien": "Yann GENIEIS", "secteur": 73 }, "geometry": { "type": "Point", "coordinates": [ 4.697464, 45.5842513 ] } },
{ "type": "Feature", "properties": { "technicien": "Romain RICORDEAU ", "secteur": 21 }, "geometry": { "type": "Point", "coordinates": [ 4.8689319, 45.7690986 ] } },
{ "type": "Feature", "properties": { "technicien": "Mohamed BESSAFI", "secteur": 45 }, "geometry": { "type": "Point", "coordinates": [ 4.8792576, 45.737569 ] } },
{ "type": "Feature", "properties": { "technicien": "Guillaume LANGLOIS", "secteur": 70 }, "geometry": { "type": "Point", "coordinates": [ 5.1606284, 45.6083537 ] } },
{ "type": "Feature", "properties": { "technicien": "Guillaume LANGLOIS", "secteur": 70 }, "geometry": { "type": "Point", "coordinates": [ 5.1606284, 45.6083537 ] } },
{ "type": "Feature", "properties": { "technicien": "Christopher WILTORD", "secteur": 53 }, "geometry": { "type": "Point", "coordinates": [ 4.8497314, 45.7594329 ] } },
{ "type": "Feature", "properties": { "technicien": "Aurélien GUERIN", "secteur": 6 }, "geometry": { "type": "Point", "coordinates": [ 4.7797, 45.7607146 ] } },
{ "type": "Feature", "properties": { "technicien": "Mohamed BESSAFI", "secteur": 45 }, "geometry": { "type": "Point", "coordinates": [ 4.8376482, 45.7475376 ] } },
{ "type": "Feature", "properties": { "technicien": "Mohamed BESSAFI", "secteur": 45 }, "geometry": { "type": "Point", "coordinates": [ 4.8376482, 45.7475376 ] } },
{ "type": "Feature", "properties": { "technicien": "Christopher WILTORD", "secteur": 53 }, "geometry": { "type": "Point", "coordinates": [ 4.8689077, 45.7566563 ] } },
{ "type": "Feature", "properties": { "technicien": "Yann GENIEIS", "secteur": 73 }, "geometry": { "type": "Point", "coordinates": [ 4.7467991, 45.753718 ] } },
{ "type": "Feature", "properties": { "technicien": "Christopher WILTORD", "secteur": 53 }, "geometry": { "type": "Point", "coordinates": [ 4.852416, 45.7576946 ] } },
{ "type": "Feature", "properties": { "technicien": "Olivier VUILLAUME ", "secteur": 58 }, "geometry": { "type": "Point", "coordinates": [ 4.9675136, 45.7263181 ] } },
{ "type": "Feature", "properties": { "technicien": "Romain RICORDEAU ", "secteur": 21 }, "geometry": { "type": "Point", "coordinates": [ 4.8552766, 45.7408105 ] } },
{ "type": "Feature", "properties": { "technicien": "Khalil BELLAL", "secteur": 65 }, "geometry": { "type": "Point", "coordinates": [ 4.9021554, 45.7069782 ] } },
{ "type": "Feature", "properties": { "technicien": "Christopher WILTORD", "secteur": 53 }, "geometry": { "type": "Point", "coordinates": [ 4.8459613, 45.7627037 ] } },
{ "type": "Feature", "properties": { "technicien": "Khalil BELLAL", "secteur": 65 }, "geometry": { "type": "Point", "coordinates": [ 4.9027775, 45.70686 ] } },
{ "type": "Feature", "properties": { "technicien": "Khalil BELLAL", "secteur": 65 }, "geometry": { "type": "Point", "coordinates": [ 4.9030962, 45.7065546 ] } },
{ "type": "Feature", "properties": { "technicien": "Khalil BELLAL", "secteur": 65 }, "geometry": { "type": "Point", "coordinates": [ 4.903433, 45.7070396 ] } },
{ "type": "Feature", "properties": { "technicien": "Yann GENIEIS", "secteur": 73 }, "geometry": { "type": "Point", "coordinates": [ 4.8720584, 45.7051412 ] } },
{ "type": "Feature", "properties": { "technicien": "Olivier VUILLAUME ", "secteur": 58 }, "geometry": { "type": "Point", "coordinates": [ 5.0357389, 45.7686493 ] } },
{ "type": "Feature", "properties": { "technicien": "Olivier VUILLAUME ", "secteur": 58 }, "geometry": { "type": "Point", "coordinates": [ 5.0357389, 45.7686493 ] } },
{ "type": "Feature", "properties": { "technicien": "Olivier VUILLAUME ", "secteur": 58 }, "geometry": { "type": "Point", "coordinates": [ 5.0357389, 45.7686493 ] } },
{ "type": "Feature", "properties": { "technicien": "Olivier VUILLAUME ", "secteur": 58 }, "geometry": { "type": "Point", "coordinates": [ 5.0357389, 45.7686493 ] } },
{ "type": "Feature", "properties": { "technicien": "Yann GENIEIS", "secteur": 73 }, "geometry": { "type": "Point", "coordinates": [ 4.8724928, 45.7050064 ] } },
{ "type": "Feature", "properties": { "technicien": "Olivier VUILLAUME ", "secteur": 58 }, "geometry": { "type": "Point", "coordinates": [ 4.9575584, 45.711378 ] } },
{ "type": "Feature", "properties": { "technicien": "Romain RICORDEAU ", "secteur": 21 }, "geometry": { "type": "Point", "coordinates": [ 4.8647683, 45.7687908 ] } },
{ "type": "Feature", "properties": { "technicien": "Christopher WILTORD", "secteur": 53 }, "geometry": { "type": "Point", "coordinates": [ 4.8572947, 45.7349085 ] } },
{ "type": "Feature", "properties": { "technicien": "Christopher WILTORD", "secteur": 53 }, "geometry": { "type": "Point", "coordinates": [ 4.8572947, 45.7349085 ] } },
{ "type": "Feature", "properties": { "technicien": "Christopher WILTORD", "secteur": 53 }, "geometry": { "type": "Point", "coordinates": [ 4.8572947, 45.7349085 ] } },
{ "type": "Feature", "properties": { "technicien": "Guillaume LANGLOIS", "secteur": 70 }, "geometry": { "type": "Point", "coordinates": [ 5.4459609, 45.5649786 ] } },
{ "type": "Feature", "properties": { "technicien": "Nefis ALIOUCHE", "secteur": 47 }, "geometry": { "type": "Point", "coordinates": [ 4.8301485, 45.7697085 ] } },
{ "type": "Feature", "properties": { "technicien": "Mohamed BESSAFI", "secteur": 45 }, "geometry": { "type": "Point", "coordinates": [ 4.8768194, 45.7425769 ] } },
{ "type": "Feature", "properties": { "technicien": "Mohamed BESSAFI", "secteur": 45 }, "geometry": { "type": "Point", "coordinates": [ 4.8765576, 45.7427091 ] } },
{ "type": "Feature", "properties": { "technicien": "Romain RICORDEAU ", "secteur": 21 }, "geometry": { "type": "Point", "coordinates": [ 4.9310612, 45.7447228 ] } },
{ "type": "Feature", "properties": { "technicien": "Luc CHAROLLAIS", "secteur": 27 }, "geometry": { "type": "Point", "coordinates": [ 4.8692466, 45.7709046 ] } },
{ "type": "Feature", "properties": { "technicien": "Nouredine BOUNAAS", "secteur": 72 }, "geometry": { "type": "Point", "coordinates": [ 4.7952133, 45.7826742 ] } },
{ "type": "Feature", "properties": { "technicien": "Aurélien GUERIN", "secteur": 6 }, "geometry": { "type": "Point", "coordinates": [ 4.7473758, 45.6215082 ] } },
{ "type": "Feature", "properties": { "technicien": "Christopher WILTORD", "secteur": 53 }, "geometry": { "type": "Point", "coordinates": [ 4.8638511, 45.7603235 ] } },
{ "type": "Feature", "properties": { "technicien": "Yann GENIEIS", "secteur": 73 }, "geometry": { "type": "Point", "coordinates": [ 4.7261703, 45.756976 ] } },
{ "type": "Feature", "properties": { "technicien": "Nouredine BOUNAAS", "secteur": 72 }, "geometry": { "type": "Point", "coordinates": [ 4.7952133, 45.7826742 ] } },
{ "type": "Feature", "properties": { "technicien": "Nouredine BOUNAAS", "secteur": 72 }, "geometry": { "type": "Point", "coordinates": [ 4.7952133, 45.7826742 ] } },
{ "type": "Feature", "properties": { "technicien": "Nouredine BOUNAAS", "secteur": 72 }, "geometry": { "type": "Point", "coordinates": [ 4.7952133, 45.7826742 ] } },
{ "type": "Feature", "properties": { "technicien": "Nouredine BOUNAAS", "secteur": 72 }, "geometry": { "type": "Point", "coordinates": [ 4.7952133, 45.7826742 ] } },
{ "type": "Feature", "properties": { "technicien": "Nouredine BOUNAAS", "secteur": 72 }, "geometry": { "type": "Point", "coordinates": [ 4.7952133, 45.7826742 ] } },
{ "type": "Feature", "properties": { "technicien": "Paul SAULNIER", "secteur": 48 }, "geometry": { "type": "Point", "coordinates": [ 5.65793, 46.256884 ] } },
{ "type": "Feature", "properties": { "technicien": "Aurélien GUERIN", "secteur": 6 }, "geometry": { "type": "Point", "coordinates": [ 4.6640057, 45.7341223 ] } },
{ "type": "Feature", "properties": { "technicien": "Aurélien GUERIN", "secteur": 6 }, "geometry": { "type": "Point", "coordinates": [ 4.6640057, 45.7341223 ] } },
{ "type": "Feature", "properties": { "technicien": "Yann GENIEIS", "secteur": 73 }, "geometry": { "type": "Point", "coordinates": [ 4.8346318, 45.700735 ] } },
{ "type": "Feature", "properties": { "technicien": "Christopher WILTORD", "secteur": 53 }, "geometry": { "type": "Point", "coordinates": [ 4.8638511, 45.7603235 ] } },
{ "type": "Feature", "properties": { "technicien": "Nefis ALIOUCHE", "secteur": 47 }, "geometry": { "type": "Point", "coordinates": [ 4.9020175, 45.8220618 ] } },
{ "type": "Feature", "properties": { "technicien": "Yann GENIEIS", "secteur": 73 }, "geometry": { "type": "Point", "coordinates": [ 4.8346318, 45.700735 ] } },
{ "type": "Feature", "properties": { "technicien": "Yann GENIEIS", "secteur": 73 }, "geometry": { "type": "Point", "coordinates": [ 4.8346318, 45.700735 ] } },
{ "type": "Feature", "properties": { "technicien": "Yann GENIEIS", "secteur": 73 }, "geometry": { "type": "Point", "coordinates": [ 4.8346318, 45.700735 ] } },
{ "type": "Feature", "properties": { "technicien": "Yann GENIEIS", "secteur": 73 }, "geometry": { "type": "Point", "coordinates": [ 4.8346318, 45.700735 ] } },
{ "type": "Feature", "properties": { "technicien": "Yann GENIEIS", "secteur": 73 }, "geometry": { "type": "Point", "coordinates": [ 4.8346318, 45.700735 ] } },
{ "type": "Feature", "properties": { "technicien": "Yann GENIEIS", "secteur": 73 }, "geometry": { "type": "Point", "coordinates": [ 4.8346318, 45.700735 ] } },
{ "type": "Feature", "properties": { "technicien": "Yaya DOUCOURE ", "secteur": 56 }, "geometry": { "type": "Point", "coordinates": [ 4.8442597, 45.7642638 ] } },
{ "type": "Feature", "properties": { "technicien": "Yann GENIEIS", "secteur": 73 }, "geometry": { "type": "Point", "coordinates": [ 4.7373149, 45.6388068 ] } },
{ "type": "Feature", "properties": { "technicien": "Romain RICORDEAU ", "secteur": 21 }, "geometry": { "type": "Point", "coordinates": [ 4.8380282, 45.7475368 ] } },
{ "type": "Feature", "properties": { "technicien": "Mohamed BESSAFI", "secteur": 45 }, "geometry": { "type": "Point", "coordinates": [ 4.8375964, 45.7478146 ] } },
{ "type": "Feature", "properties": { "technicien": "Mohamed BESSAFI", "secteur": 45 }, "geometry": { "type": "Point", "coordinates": [ 4.8380282, 45.7475368 ] } },
{ "type": "Feature", "properties": { "technicien": "Luc CHAROLLAIS", "secteur": 27 }, "geometry": { "type": "Point", "coordinates": [ 4.8831431, 45.7612254 ] } },
{ "type": "Feature", "properties": { "technicien": "Romain RICORDEAU ", "secteur": 21 }, "geometry": { "type": "Point", "coordinates": [ 4.8831431, 45.7612254 ] } },
{ "type": "Feature", "properties": { "technicien": "Yaya DOUCOURE ", "secteur": 56 }, "geometry": { "type": "Point", "coordinates": [ 4.8354341, 45.7575955 ] } },
{ "type": "Feature", "properties": { "technicien": "Yann GENIEIS", "secteur": 73 }, "geometry": { "type": "Point", "coordinates": [ 4.7373149, 45.6388068 ] } },
{ "type": "Feature", "properties": { "technicien": "Khalil BELLAL", "secteur": 65 }, "geometry": { "type": "Point", "coordinates": [ 4.9382726, 45.6897528 ] } },
{ "type": "Feature", "properties": { "technicien": "Olivier VUILLAUME ", "secteur": 58 }, "geometry": { "type": "Point", "coordinates": [ 5.0357389, 45.7686493 ] } },
{ "type": "Feature", "properties": { "technicien": "Olivier VUILLAUME ", "secteur": 58 }, "geometry": { "type": "Point", "coordinates": [ 5.0357389, 45.7686493 ] } },
{ "type": "Feature", "properties": { "technicien": "Romain RICORDEAU ", "secteur": 21 }, "geometry": { "type": "Point", "coordinates": [ 4.8378228, 45.7629453 ] } },
{ "type": "Feature", "properties": { "technicien": "Luc CHAROLLAIS", "secteur": 27 }, "geometry": { "type": "Point", "coordinates": [ 4.8950351, 45.7665738 ] } },
{ "type": "Feature", "properties": { "technicien": "Luc CHAROLLAIS", "secteur": 27 }, "geometry": { "type": "Point", "coordinates": [ 4.8953985, 45.7665046 ] } },
{ "type": "Feature", "properties": { "technicien": "Yaya DOUCOURE ", "secteur": 56 }, "geometry": { "type": "Point", "coordinates": [ 4.8378228, 45.7629453 ] } },
{ "type": "Feature", "properties": { "technicien": "Olivier VUILLAUME ", "secteur": 58 }, "geometry": { "type": "Point", "coordinates": [ 4.9028625, 45.7063049 ] } },
{ "type": "Feature", "properties": { "technicien": "Olivier VUILLAUME ", "secteur": 58 }, "geometry": { "type": "Point", "coordinates": [ 4.9028625, 45.7063049 ] } },
{ "type": "Feature", "properties": { "technicien": "Olivier VUILLAUME ", "secteur": 58 }, "geometry": { "type": "Point", "coordinates": [ 4.9028625, 45.7063049 ] } },
{ "type": "Feature", "properties": { "technicien": "Olivier VUILLAUME ", "secteur": 58 }, "geometry": { "type": "Point", "coordinates": [ 4.9028625, 45.7063049 ] } },
{ "type": "Feature", "properties": { "technicien": "Nefis ALIOUCHE", "secteur": 47 }, "geometry": { "type": "Point", "coordinates": [ 4.830072, 45.786915 ] } },
{ "type": "Feature", "properties": { "technicien": "Nefis ALIOUCHE", "secteur": 47 }, "geometry": { "type": "Point", "coordinates": [ 4.830072, 45.786915 ] } },
{ "type": "Feature", "properties": { "technicien": "Nefis ALIOUCHE", "secteur": 47 }, "geometry": { "type": "Point", "coordinates": [ 4.830072, 45.786915 ] } },
{ "type": "Feature", "properties": { "technicien": "Aurélien GUERIN", "secteur": 6 }, "geometry": { "type": "Point", "coordinates": [ 4.3308012, 45.9738836 ] } },
{ "type": "Feature", "properties": { "technicien": "Yaya DOUCOURE ", "secteur": 56 }, "geometry": { "type": "Point", "coordinates": [ 4.8329086, 45.7633513 ] } },
{ "type": "Feature", "properties": { "technicien": "Christopher WILTORD", "secteur": 53 }, "geometry": { "type": "Point", "coordinates": [ 4.8647215, 45.7582366 ] } },
{ "type": "Feature", "properties": { "technicien": "Aurélien GUERIN", "secteur": 6 }, "geometry": { "type": "Point", "coordinates": [ 4.7072929, 45.8574713 ] } },
{ "type": "Feature", "properties": { "technicien": "Kenzy CHABBI", "secteur": 71 }, "geometry": { "type": "Point", "coordinates": [ 4.804592, 45.7450684 ] } },
{ "type": "Feature", "properties": { "technicien": "Kenzy CHABBI", "secteur": 71 }, "geometry": { "type": "Point", "coordinates": [ 4.8045133, 45.7448639 ] } },
{ "type": "Feature", "properties": { "technicien": "Kenzy CHABBI", "secteur": 71 }, "geometry": { "type": "Point", "coordinates": [ 4.8047617, 45.74482 ] } },
{ "type": "Feature", "properties": { "technicien": "Christopher WILTORD", "secteur": 53 }, "geometry": { "type": "Point", "coordinates": [ 4.886111, 45.753484 ] } },
{ "type": "Feature", "properties": { "technicien": "Guillaume LANGLOIS", "secteur": 70 }, "geometry": { "type": "Point", "coordinates": [ 4.8765514, 45.5252031 ] } },
{ "type": "Feature", "properties": { "technicien": "Paul SAULNIER", "secteur": 48 }, "geometry": { "type": "Point", "coordinates": [ 4.4482829, 45.8920362 ] } },
{ "type": "Feature", "properties": { "technicien": "Paul SAULNIER", "secteur": 48 }, "geometry": { "type": "Point", "coordinates": [ 4.4482829, 45.8920362 ] } },
{ "type": "Feature", "properties": { "technicien": "Luc CHAROLLAIS", "secteur": 27 }, "geometry": { "type": "Point", "coordinates": [ 4.8687931, 45.7657277 ] } },
{ "type": "Feature", "properties": { "technicien": "Aurélien GUERIN", "secteur": 6 }, "geometry": { "type": "Point", "coordinates": [ 4.6878923, 45.8548384 ] } },
{ "type": "Feature", "properties": { "technicien": "Aurélien GUERIN", "secteur": 6 }, "geometry": { "type": "Point", "coordinates": [ 4.5747255, 45.9063302 ] } },
{ "type": "Feature", "properties": { "technicien": "Paul SAULNIER", "secteur": 48 }, "geometry": { "type": "Point", "coordinates": [ 4.7163419, 45.988126 ] } },
{ "type": "Feature", "properties": { "technicien": "Nefis ALIOUCHE", "secteur": 47 }, "geometry": { "type": "Point", "coordinates": [ 4.8737854, 45.769734 ] } },
{ "type": "Feature", "properties": { "technicien": "Aurélien GUERIN", "secteur": 6 }, "geometry": { "type": "Point", "coordinates": [ 4.6878923, 45.8548384 ] } },
{ "type": "Feature", "properties": { "technicien": "Aurélien GUERIN", "secteur": 6 }, "geometry": { "type": "Point", "coordinates": [ 4.3339482, 45.9788866 ] } },
{ "type": "Feature", "properties": { "technicien": "Yaya DOUCOURE ", "secteur": 56 }, "geometry": { "type": "Point", "coordinates": [ 4.8368036, 45.7694644 ] } },
{ "type": "Feature", "properties": { "technicien": "Yaya DOUCOURE ", "secteur": 56 }, "geometry": { "type": "Point", "coordinates": [ 4.856875, 45.7696327 ] } },
{ "type": "Feature", "properties": { "technicien": "Yann GENIEIS", "secteur": 73 }, "geometry": { "type": "Point", "coordinates": [ 4.6317516, 45.9220059 ] } },
{ "type": "Feature", "properties": { "technicien": "Yann GENIEIS", "secteur": 73 }, "geometry": { "type": "Point", "coordinates": [ 4.6317516, 45.9220059 ] } },
{ "type": "Feature", "properties": { "technicien": "Nefis ALIOUCHE", "secteur": 47 }, "geometry": { "type": "Point", "coordinates": [ 4.8782229, 45.7646573 ] } },
{ "type": "Feature", "properties": { "technicien": "Jimmy LARGETEAU ", "secteur": 64 }, "geometry": { "type": "Point", "coordinates": [ 5.4485289, 45.5658032 ] } },
{ "type": "Feature", "properties": { "technicien": "Christopher WILTORD", "secteur": 53 }, "geometry": { "type": "Point", "coordinates": [ 4.8638596, 45.7606201 ] } },
{ "type": "Feature", "properties": { "technicien": "Christopher WILTORD", "secteur": 53 }, "geometry": { "type": "Point", "coordinates": [ 4.8638596, 45.7606201 ] } },
{ "type": "Feature", "properties": { "technicien": "Romain RICORDEAU ", "secteur": 21 }, "geometry": { "type": "Point", "coordinates": [ 4.8358368, 45.7299929 ] } },
{ "type": "Feature", "properties": { "technicien": "Romain RICORDEAU ", "secteur": 21 }, "geometry": { "type": "Point", "coordinates": [ 4.8358368, 45.7299929 ] } },
{ "type": "Feature", "properties": { "technicien": "Romain RICORDEAU ", "secteur": 21 }, "geometry": { "type": "Point", "coordinates": [ 4.8358368, 45.7299929 ] } },
{ "type": "Feature", "properties": { "technicien": "Romain RICORDEAU ", "secteur": 21 }, "geometry": { "type": "Point", "coordinates": [ 4.8358368, 45.7299929 ] } },
{ "type": "Feature", "properties": { "technicien": "Romain RICORDEAU ", "secteur": 21 }, "geometry": { "type": "Point", "coordinates": [ 4.8358368, 45.7299929 ] } },
{ "type": "Feature", "properties": { "technicien": "Romain RICORDEAU ", "secteur": 21 }, "geometry": { "type": "Point", "coordinates": [ 4.8358368, 45.7299929 ] } },
{ "type": "Feature", "properties": { "technicien": "Romain RICORDEAU ", "secteur": 21 }, "geometry": { "type": "Point", "coordinates": [ 4.8358368, 45.7299929 ] } },
{ "type": "Feature", "properties": { "technicien": "Romain RICORDEAU ", "secteur": 21 }, "geometry": { "type": "Point", "coordinates": [ 4.8358368, 45.7299929 ] } },
{ "type": "Feature", "properties": { "technicien": "Romain RICORDEAU ", "secteur": 21 }, "geometry": { "type": "Point", "coordinates": [ 4.8358368, 45.7299929 ] } },
{ "type": "Feature", "properties": { "technicien": "Romain RICORDEAU ", "secteur": 21 }, "geometry": { "type": "Point", "coordinates": [ 4.8358368, 45.7299929 ] } },
{ "type": "Feature", "properties": { "technicien": "Romain RICORDEAU ", "secteur": 21 }, "geometry": { "type": "Point", "coordinates": [ 4.8358368, 45.7299929 ] } },
{ "type": "Feature", "properties": { "technicien": "Romain RICORDEAU ", "secteur": 21 }, "geometry": { "type": "Point", "coordinates": [ 4.8358368, 45.7299929 ] } },
{ "type": "Feature", "properties": { "technicien": "Romain RICORDEAU ", "secteur": 21 }, "geometry": { "type": "Point", "coordinates": [ 4.8358368, 45.7299929 ] } },
{ "type": "Feature", "properties": { "technicien": "Romain RICORDEAU ", "secteur": 21 }, "geometry": { "type": "Point", "coordinates": [ 4.8358368, 45.7299929 ] } },
{ "type": "Feature", "properties": { "technicien": "Mohamed BESSAFI", "secteur": 45 }, "geometry": { "type": "Point", "coordinates": [ 4.8358368, 45.7299929 ] } },
{ "type": "Feature", "properties": { "technicien": "Romain RICORDEAU ", "secteur": 21 }, "geometry": { "type": "Point", "coordinates": [ 4.8358368, 45.7299929 ] } },
{ "type": "Feature", "properties": { "technicien": "Christopher WILTORD", "secteur": 53 }, "geometry": { "type": "Point", "coordinates": [ 4.8633613, 45.7602735 ] } },
{ "type": "Feature", "properties": { "technicien": "Christopher WILTORD", "secteur": 53 }, "geometry": { "type": "Point", "coordinates": [ 4.8633613, 45.7602735 ] } },
{ "type": "Feature", "properties": { "technicien": "Olivier VUILLAUME ", "secteur": 58 }, "geometry": { "type": "Point", "coordinates": [ 4.9231821, 45.6990643 ] } },
{ "type": "Feature", "properties": { "technicien": "Yann GENIEIS", "secteur": 73 }, "geometry": { "type": "Point", "coordinates": [ 4.7518323, 45.6622859 ] } },
{ "type": "Feature", "properties": { "technicien": "Aurélien GUERIN", "secteur": 6 }, "geometry": { "type": "Point", "coordinates": [ 4.7670259, 45.7606534 ] } },
{ "type": "Feature", "properties": { "technicien": "Aurélien GUERIN", "secteur": 6 }, "geometry": { "type": "Point", "coordinates": [ 4.7670259, 45.7606534 ] } },
{ "type": "Feature", "properties": { "technicien": "Olivier VUILLAUME ", "secteur": 58 }, "geometry": { "type": "Point", "coordinates": [ 4.9607741, 45.7284226 ] } },
{ "type": "Feature", "properties": { "technicien": "Mohamed BESSAFI", "secteur": 45 }, "geometry": { "type": "Point", "coordinates": [ 4.8450801, 45.7509575 ] } },
{ "type": "Feature", "properties": { "technicien": "Mohamed BESSAFI", "secteur": 45 }, "geometry": { "type": "Point", "coordinates": [ 4.855571, 45.7480906 ] } },
{ "type": "Feature", "properties": { "technicien": "Luc CHAROLLAIS", "secteur": 27 }, "geometry": { "type": "Point", "coordinates": [ 4.8783741, 45.7778386 ] } },
{ "type": "Feature", "properties": { "technicien": "Bruno THOLY ", "secteur": 25 }, "geometry": { "type": "Point", "coordinates": [ 4.3919546, 45.4365385 ] } },
{ "type": "Feature", "properties": { "technicien": "Luc CHAROLLAIS", "secteur": 27 }, "geometry": { "type": "Point", "coordinates": [ 4.8881514, 45.7846073 ] } },
{ "type": "Feature", "properties": { "technicien": "Romain RICORDEAU ", "secteur": 21 }, "geometry": { "type": "Point", "coordinates": [ 4.8881514, 45.7846073 ] } },
{ "type": "Feature", "properties": { "technicien": "Nouredine BOUNAAS", "secteur": 72 }, "geometry": { "type": "Point", "coordinates": [ 4.8077725, 45.7782467 ] } },
{ "type": "Feature", "properties": { "technicien": "Yaya DOUCOURE ", "secteur": 56 }, "geometry": { "type": "Point", "coordinates": [ 4.8311213, 45.7588279 ] } },
{ "type": "Feature", "properties": { "technicien": "Mohamed BESSAFI", "secteur": 45 }, "geometry": { "type": "Point", "coordinates": [ 4.8459184, 45.7449703 ] } },
{ "type": "Feature", "properties": { "technicien": "Romain RICORDEAU ", "secteur": 21 }, "geometry": { "type": "Point", "coordinates": [ 4.8881514, 45.7846073 ] } },
{ "type": "Feature", "properties": { "technicien": "Luc CHAROLLAIS", "secteur": 27 }, "geometry": { "type": "Point", "coordinates": [ 4.8881284, 45.7680284 ] } },
{ "type": "Feature", "properties": { "technicien": "Yann GENIEIS", "secteur": 73 }, "geometry": { "type": "Point", "coordinates": [ 4.6740822, 45.6162755 ] } },
{ "type": "Feature", "properties": { "technicien": "Aurélien GUERIN", "secteur": 6 }, "geometry": { "type": "Point", "coordinates": [ 4.6740822, 45.6162755 ] } },
{ "type": "Feature", "properties": { "technicien": "Mohamed BESSAFI", "secteur": 45 }, "geometry": { "type": "Point", "coordinates": [ 4.86405, 45.7407892 ] } },
{ "type": "Feature", "properties": { "technicien": "Yann GENIEIS", "secteur": 73 }, "geometry": { "type": "Point", "coordinates": [ 4.0711456, 46.0375763 ] } },
{ "type": "Feature", "properties": { "technicien": "Christopher WILTORD", "secteur": 53 }, "geometry": { "type": "Point", "coordinates": [ 4.8531605, 45.7528169 ] } },
{ "type": "Feature", "properties": { "technicien": "Romain RICORDEAU ", "secteur": 21 }, "geometry": { "type": "Point", "coordinates": [ 4.8331243, 45.7657483 ] } },
{ "type": "Feature", "properties": { "technicien": "Nefis ALIOUCHE", "secteur": 47 }, "geometry": { "type": "Point", "coordinates": [ 4.8326319, 45.7748306 ] } },
{ "type": "Feature", "properties": { "technicien": "Mohamed BESSAFI", "secteur": 45 }, "geometry": { "type": "Point", "coordinates": [ 4.8447404, 45.754151 ] } },
{ "type": "Feature", "properties": { "technicien": "Nefis ALIOUCHE", "secteur": 47 }, "geometry": { "type": "Point", "coordinates": [ 4.8326319, 45.7748306 ] } },
{ "type": "Feature", "properties": { "technicien": "Aurélien GUERIN", "secteur": 6 }, "geometry": { "type": "Point", "coordinates": [ 4.7795951, 45.7605513 ] } },
{ "type": "Feature", "properties": { "technicien": "Christopher WILTORD", "secteur": 53 }, "geometry": { "type": "Point", "coordinates": [ 4.8638511, 45.7603235 ] } },
{ "type": "Feature", "properties": { "technicien": "Romain RICORDEAU ", "secteur": 21 }, "geometry": { "type": "Point", "coordinates": [ 4.7263316, 45.7572467 ] } },
{ "type": "Feature", "properties": { "technicien": "Romain RICORDEAU ", "secteur": 21 }, "geometry": { "type": "Point", "coordinates": [ 4.7263316, 45.7572467 ] } },
{ "type": "Feature", "properties": { "technicien": "Guillaume LANGLOIS", "secteur": 70 }, "geometry": { "type": "Point", "coordinates": [ 4.959781, 45.824005 ] } },
{ "type": "Feature", "properties": { "technicien": "Guillaume LANGLOIS", "secteur": 70 }, "geometry": { "type": "Point", "coordinates": [ 4.959781, 45.824005 ] } },
{ "type": "Feature", "properties": { "technicien": "Kenzy CHABBI", "secteur": 71 }, "geometry": { "type": "Point", "coordinates": [ 4.7630211, 45.6984882 ] } },
{ "type": "Feature", "properties": { "technicien": "Romain RICORDEAU ", "secteur": 21 }, "geometry": { "type": "Point", "coordinates": [ 4.8944715, 45.7627412 ] } },
{ "type": "Feature", "properties": { "technicien": "Romain RICORDEAU ", "secteur": 21 }, "geometry": { "type": "Point", "coordinates": [ 4.8944715, 45.7627412 ] } },
{ "type": "Feature", "properties": { "technicien": "Romain RICORDEAU ", "secteur": 21 }, "geometry": { "type": "Point", "coordinates": [ 4.8944715, 45.7627412 ] } },
{ "type": "Feature", "properties": { "technicien": "Nefis ALIOUCHE", "secteur": 47 }, "geometry": { "type": "Point", "coordinates": [ 4.8585291, 45.7899501 ] } },
{ "type": "Feature", "properties": { "technicien": "Mohamed BESSAFI", "secteur": 45 }, "geometry": { "type": "Point", "coordinates": [ 4.8623022, 45.7388166 ] } },
{ "type": "Feature", "properties": { "technicien": "Yaya DOUCOURE ", "secteur": 56 }, "geometry": { "type": "Point", "coordinates": [ 4.826483, 45.768429 ] } },
{ "type": "Feature", "properties": { "technicien": "Mohamed BESSAFI", "secteur": 45 }, "geometry": { "type": "Point", "coordinates": [ 4.8760524, 45.7261541 ] } },
{ "type": "Feature", "properties": { "technicien": "Mohamed BESSAFI", "secteur": 45 }, "geometry": { "type": "Point", "coordinates": [ 4.8766658, 45.7258669 ] } },
{ "type": "Feature", "properties": { "technicien": "Romain RICORDEAU ", "secteur": 21 }, "geometry": { "type": "Point", "coordinates": [ 4.8760524, 45.7261541 ] } },
{ "type": "Feature", "properties": { "technicien": "Yann GENIEIS", "secteur": 73 }, "geometry": { "type": "Point", "coordinates": [ 4.8068864, 45.7416814 ] } },
{ "type": "Feature", "properties": { "technicien": "Aurélien GUERIN", "secteur": 6 }, "geometry": { "type": "Point", "coordinates": [ 4.7228151, 45.7444542 ] } },
{ "type": "Feature", "properties": { "technicien": "Aurélien GUERIN", "secteur": 6 }, "geometry": { "type": "Point", "coordinates": [ 4.6724601, 45.6174468 ] } },
{ "type": "Feature", "properties": { "technicien": "Romain RICORDEAU ", "secteur": 21 }, "geometry": { "type": "Point", "coordinates": [ 4.86405, 45.7407892 ] } },
{ "type": "Feature", "properties": { "technicien": "Guillaume LANGLOIS", "secteur": 70 }, "geometry": { "type": "Point", "coordinates": [ 4.8712642, 45.6107947 ] } },
{ "type": "Feature", "properties": { "technicien": "Guillaume LANGLOIS", "secteur": 70 }, "geometry": { "type": "Point", "coordinates": [ 4.8712642, 45.6107947 ] } },
{ "type": "Feature", "properties": { "technicien": "Nefis ALIOUCHE", "secteur": 47 }, "geometry": { "type": "Point", "coordinates": [ 4.8597454, 45.7920429 ] } },
{ "type": "Feature", "properties": { "technicien": "Nefis ALIOUCHE", "secteur": 47 }, "geometry": { "type": "Point", "coordinates": [ 4.8553551, 45.7925843 ] } },
{ "type": "Feature", "properties": { "technicien": "Nefis ALIOUCHE", "secteur": 47 }, "geometry": { "type": "Point", "coordinates": [ 4.858641, 45.792751 ] } },
{ "type": "Feature", "properties": { "technicien": "Nefis ALIOUCHE", "secteur": 47 }, "geometry": { "type": "Point", "coordinates": [ 4.85868, 45.793093 ] } },
{ "type": "Feature", "properties": { "technicien": "Nefis ALIOUCHE", "secteur": 47 }, "geometry": { "type": "Point", "coordinates": [ 4.8597454, 45.7920429 ] } },
{ "type": "Feature", "properties": { "technicien": "Nefis ALIOUCHE", "secteur": 47 }, "geometry": { "type": "Point", "coordinates": [ 4.8553551, 45.7925843 ] } },
{ "type": "Feature", "properties": { "technicien": "Nefis ALIOUCHE", "secteur": 47 }, "geometry": { "type": "Point", "coordinates": [ 4.8597454, 45.7920429 ] } },
{ "type": "Feature", "properties": { "technicien": "Kenzy CHABBI", "secteur": 71 }, "geometry": { "type": "Point", "coordinates": [ 4.9150286, 45.7389469 ] } },
{ "type": "Feature", "properties": { "technicien": "Nefis ALIOUCHE", "secteur": 47 }, "geometry": { "type": "Point", "coordinates": [ 4.8963199, 45.8202438 ] } },
{ "type": "Feature", "properties": { "technicien": "Mohamed BESSAFI", "secteur": 45 }, "geometry": { "type": "Point", "coordinates": [ 4.8792764, 45.7365405 ] } },
{ "type": "Feature", "properties": { "technicien": "Mohamed BESSAFI", "secteur": 45 }, "geometry": { "type": "Point", "coordinates": [ 4.8792764, 45.7365405 ] } },
{ "type": "Feature", "properties": { "technicien": "Romain RICORDEAU ", "secteur": 21 }, "geometry": { "type": "Point", "coordinates": [ 4.8792764, 45.7365405 ] } },
{ "type": "Feature", "properties": { "technicien": "Romain RICORDEAU ", "secteur": 21 }, "geometry": { "type": "Point", "coordinates": [ 4.8792764, 45.7365405 ] } },
{ "type": "Feature", "properties": { "technicien": "Romain RICORDEAU ", "secteur": 21 }, "geometry": { "type": "Point", "coordinates": [ 4.8792764, 45.7365405 ] } },
{ "type": "Feature", "properties": { "technicien": "Romain RICORDEAU ", "secteur": 21 }, "geometry": { "type": "Point", "coordinates": [ 4.8792764, 45.7365405 ] } },
{ "type": "Feature", "properties": { "technicien": "Romain RICORDEAU ", "secteur": 21 }, "geometry": { "type": "Point", "coordinates": [ 4.8792764, 45.7365405 ] } },
{ "type": "Feature", "properties": { "technicien": "Kenzy CHABBI", "secteur": 71 }, "geometry": { "type": "Point", "coordinates": [ 4.9338359, 45.7400724 ] } },
{ "type": "Feature", "properties": { "technicien": "Romain RICORDEAU ", "secteur": 21 }, "geometry": { "type": "Point", "coordinates": [ 4.8311213, 45.7588279 ] } },
{ "type": "Feature", "properties": { "technicien": "Aurélien GUERIN", "secteur": 6 }, "geometry": { "type": "Point", "coordinates": [ 4.6937066, 45.7202726 ] } },
{ "type": "Feature", "properties": { "technicien": "Aurélien GUERIN", "secteur": 6 }, "geometry": { "type": "Point", "coordinates": [ 4.6939963, 45.7218152 ] } },
{ "type": "Feature", "properties": { "technicien": "Romain RICORDEAU ", "secteur": 21 }, "geometry": { "type": "Point", "coordinates": [ 4.8752063, 45.7790991 ] } },
{ "type": "Feature", "properties": { "technicien": "Romain RICORDEAU ", "secteur": 21 }, "geometry": { "type": "Point", "coordinates": [ 4.8752063, 45.7790991 ] } },
{ "type": "Feature", "properties": { "technicien": "Romain RICORDEAU ", "secteur": 21 }, "geometry": { "type": "Point", "coordinates": [ 4.8752063, 45.7790991 ] } },
{ "type": "Feature", "properties": { "technicien": "Romain RICORDEAU ", "secteur": 21 }, "geometry": { "type": "Point", "coordinates": [ 4.8752063, 45.7790991 ] } },
{ "type": "Feature", "properties": { "technicien": "Romain RICORDEAU ", "secteur": 21 }, "geometry": { "type": "Point", "coordinates": [ 4.8752063, 45.7790991 ] } },
{ "type": "Feature", "properties": { "technicien": "Yann GENIEIS", "secteur": 73 }, "geometry": { "type": "Point", "coordinates": [ 4.6859317, 45.7349962 ] } },
{ "type": "Feature", "properties": { "technicien": "Yann GENIEIS", "secteur": 73 }, "geometry": { "type": "Point", "coordinates": [ 4.7228151, 45.7444542 ] } },
{ "type": "Feature", "properties": { "technicien": "Yann GENIEIS", "secteur": 73 }, "geometry": { "type": "Point", "coordinates": [ 4.7228151, 45.7444542 ] } },
{ "type": "Feature", "properties": { "technicien": "Mohamed BESSAFI", "secteur": 45 }, "geometry": { "type": "Point", "coordinates": [ 4.8423618, 45.7495813 ] } },
{ "type": "Feature", "properties": { "technicien": "Yaya DOUCOURE ", "secteur": 56 }, "geometry": { "type": "Point", "coordinates": [ 4.8309389, 45.7684943 ] } },
{ "type": "Feature", "properties": { "technicien": "Yaya DOUCOURE ", "secteur": 56 }, "geometry": { "type": "Point", "coordinates": [ 4.8350353, 45.757615 ] } },
{ "type": "Feature", "properties": { "technicien": "Yaya DOUCOURE ", "secteur": 56 }, "geometry": { "type": "Point", "coordinates": [ 4.8619776, 45.7704994 ] } },
{ "type": "Feature", "properties": { "technicien": "Nouredine BOUNAAS", "secteur": 72 }, "geometry": { "type": "Point", "coordinates": [ 4.8264394, 45.7965952 ] } },
{ "type": "Feature", "properties": { "technicien": "Guillaume LANGLOIS", "secteur": 70 }, "geometry": { "type": "Point", "coordinates": [ 4.9370501, 45.760761 ] } },
{ "type": "Feature", "properties": { "technicien": "Nefis ALIOUCHE", "secteur": 47 }, "geometry": { "type": "Point", "coordinates": [ 4.8330971, 45.7677466 ] } },
{ "type": "Feature", "properties": { "technicien": "Khalil BELLAL", "secteur": 65 }, "geometry": { "type": "Point", "coordinates": [ 4.8657538, 45.5132156 ] } },
{ "type": "Feature", "properties": { "technicien": "Khalil BELLAL", "secteur": 65 }, "geometry": { "type": "Point", "coordinates": [ 4.8657538, 45.5132156 ] } },
{ "type": "Feature", "properties": { "technicien": "Christopher WILTORD", "secteur": 53 }, "geometry": { "type": "Point", "coordinates": [ 4.8697716, 45.7502224 ] } },
{ "type": "Feature", "properties": { "technicien": "Christopher WILTORD", "secteur": 53 }, "geometry": { "type": "Point", "coordinates": [ 4.8701683, 45.7502355 ] } },
{ "type": "Feature", "properties": { "technicien": "Christopher WILTORD", "secteur": 53 }, "geometry": { "type": "Point", "coordinates": [ 4.8702625, 45.7504302 ] } },
{ "type": "Feature", "properties": { "technicien": "Aurélien GUERIN", "secteur": 6 }, "geometry": { "type": "Point", "coordinates": [ 4.7329717, 45.8658725 ] } },
{ "type": "Feature", "properties": { "technicien": "Nefis ALIOUCHE", "secteur": 47 }, "geometry": { "type": "Point", "coordinates": [ 4.844476, 45.7873141 ] } },
{ "type": "Feature", "properties": { "technicien": "Nefis ALIOUCHE", "secteur": 47 }, "geometry": { "type": "Point", "coordinates": [ 4.844476, 45.7873141 ] } },
{ "type": "Feature", "properties": { "technicien": "Romain RICORDEAU ", "secteur": 21 }, "geometry": { "type": "Point", "coordinates": [ 4.87942, 45.7827313 ] } },
{ "type": "Feature", "properties": { "technicien": "Yaya DOUCOURE ", "secteur": 56 }, "geometry": { "type": "Point", "coordinates": [ 4.8363988, 45.7652719 ] } },
{ "type": "Feature", "properties": { "technicien": "Nefis ALIOUCHE", "secteur": 47 }, "geometry": { "type": "Point", "coordinates": [ 4.8189326, 45.7746008 ] } },
{ "type": "Feature", "properties": { "technicien": "Romain RICORDEAU ", "secteur": 21 }, "geometry": { "type": "Point", "coordinates": [ 4.8523867, 45.7979479 ] } },
{ "type": "Feature", "properties": { "technicien": "Aurélien GUERIN", "secteur": 6 }, "geometry": { "type": "Point", "coordinates": [ 4.527112, 45.9193437 ] } },
{ "type": "Feature", "properties": { "technicien": "Nouredine BOUNAAS", "secteur": 72 }, "geometry": { "type": "Point", "coordinates": [ 4.8280434, 45.7649379 ] } },
{ "type": "Feature", "properties": { "technicien": "Aurélien GUERIN", "secteur": 6 }, "geometry": { "type": "Point", "coordinates": [ 4.7438465, 45.789441 ] } },
{ "type": "Feature", "properties": { "technicien": "Romain RICORDEAU ", "secteur": 21 }, "geometry": { "type": "Point", "coordinates": [ 4.8687923, 45.7660968 ] } },
{ "type": "Feature", "properties": { "technicien": "Romain RICORDEAU ", "secteur": 21 }, "geometry": { "type": "Point", "coordinates": [ 4.8311213, 45.7588279 ] } },
{ "type": "Feature", "properties": { "technicien": "Mohamed BESSAFI", "secteur": 45 }, "geometry": { "type": "Point", "coordinates": [ 4.8509188, 45.7452355 ] } },
{ "type": "Feature", "properties": { "technicien": "Mohamed BESSAFI", "secteur": 45 }, "geometry": { "type": "Point", "coordinates": [ 4.8495822, 45.7447951 ] } },
{ "type": "Feature", "properties": { "technicien": "Aurélien GUERIN", "secteur": 6 }, "geometry": { "type": "Point", "coordinates": [ 4.7801169, 45.775043 ] } },
{ "type": "Feature", "properties": { "technicien": "Aurélien GUERIN", "secteur": 6 }, "geometry": { "type": "Point", "coordinates": [ 4.7801776, 45.7751866 ] } },
{ "type": "Feature", "properties": { "technicien": "Aurélien GUERIN", "secteur": 6 }, "geometry": { "type": "Point", "coordinates": [ 4.7796637, 45.775273 ] } },
{ "type": "Feature", "properties": { "technicien": "Aurélien GUERIN", "secteur": 6 }, "geometry": { "type": "Point", "coordinates": [ 4.7794815, 45.7755239 ] } },
{ "type": "Feature", "properties": { "technicien": "Aurélien GUERIN", "secteur": 6 }, "geometry": { "type": "Point", "coordinates": [ 4.7792552, 45.7753351 ] } },
{ "type": "Feature", "properties": { "technicien": "Aurélien GUERIN", "secteur": 6 }, "geometry": { "type": "Point", "coordinates": [ 4.6953927, 45.7474833 ] } },
{ "type": "Feature", "properties": { "technicien": "Romain RICORDEAU ", "secteur": 21 }, "geometry": { "type": "Point", "coordinates": [ 4.8822648, 45.7748083 ] } },
{ "type": "Feature", "properties": { "technicien": "Romain RICORDEAU ", "secteur": 21 }, "geometry": { "type": "Point", "coordinates": [ 4.8444812, 45.7714981 ] } },
{ "type": "Feature", "properties": { "technicien": "Romain RICORDEAU ", "secteur": 21 }, "geometry": { "type": "Point", "coordinates": [ 4.8444812, 45.7714981 ] } },
{ "type": "Feature", "properties": { "technicien": "Romain RICORDEAU ", "secteur": 21 }, "geometry": { "type": "Point", "coordinates": [ 4.8444812, 45.7714981 ] } },
{ "type": "Feature", "properties": { "technicien": "Romain RICORDEAU ", "secteur": 21 }, "geometry": { "type": "Point", "coordinates": [ 4.8444812, 45.7714981 ] } },
{ "type": "Feature", "properties": { "technicien": "Romain RICORDEAU ", "secteur": 21 }, "geometry": { "type": "Point", "coordinates": [ 4.8444812, 45.7714981 ] } },
{ "type": "Feature", "properties": { "technicien": "Romain RICORDEAU ", "secteur": 21 }, "geometry": { "type": "Point", "coordinates": [ 4.8444812, 45.7714981 ] } },
{ "type": "Feature", "properties": { "technicien": "Romain RICORDEAU ", "secteur": 21 }, "geometry": { "type": "Point", "coordinates": [ 4.8444812, 45.7714981 ] } },
{ "type": "Feature", "properties": { "technicien": "Romain RICORDEAU ", "secteur": 21 }, "geometry": { "type": "Point", "coordinates": [ 4.8444812, 45.7714981 ] } },
{ "type": "Feature", "properties": { "technicien": "Romain RICORDEAU ", "secteur": 21 }, "geometry": { "type": "Point", "coordinates": [ 4.8444812, 45.7714981 ] } },
{ "type": "Feature", "properties": { "technicien": "Guillaume LANGLOIS", "secteur": 70 }, "geometry": { "type": "Point", "coordinates": [ 5.0348528, 45.7683767 ] } },
{ "type": "Feature", "properties": { "technicien": "Guillaume LANGLOIS", "secteur": 70 }, "geometry": { "type": "Point", "coordinates": [ 5.0348528, 45.7683767 ] } },
{ "type": "Feature", "properties": { "technicien": "Guillaume LANGLOIS", "secteur": 70 }, "geometry": { "type": "Point", "coordinates": [ 5.0348528, 45.7683767 ] } },
{ "type": "Feature", "properties": { "technicien": "Christopher WILTORD", "secteur": 53 }, "geometry": { "type": "Point", "coordinates": [ 4.8493919, 45.7583266 ] } },
{ "type": "Feature", "properties": { "technicien": "Christopher WILTORD", "secteur": 53 }, "geometry": { "type": "Point", "coordinates": [ 4.8494427, 45.7580406 ] } },
{ "type": "Feature", "properties": { "technicien": "Romain RICORDEAU ", "secteur": 21 }, "geometry": { "type": "Point", "coordinates": [ 5.1698833, 45.6264117 ] } },
{ "type": "Feature", "properties": { "technicien": "Romain RICORDEAU ", "secteur": 21 }, "geometry": { "type": "Point", "coordinates": [ 5.1698833, 45.6264117 ] } },
{ "type": "Feature", "properties": { "technicien": "Romain RICORDEAU ", "secteur": 21 }, "geometry": { "type": "Point", "coordinates": [ 5.1698833, 45.6264117 ] } },
{ "type": "Feature", "properties": { "technicien": "Romain RICORDEAU ", "secteur": 21 }, "geometry": { "type": "Point", "coordinates": [ 5.1698833, 45.6264117 ] } },
{ "type": "Feature", "properties": { "technicien": "Romain RICORDEAU ", "secteur": 21 }, "geometry": { "type": "Point", "coordinates": [ 5.1698833, 45.6264117 ] } },
{ "type": "Feature", "properties": { "technicien": "Romain RICORDEAU ", "secteur": 21 }, "geometry": { "type": "Point", "coordinates": [ 5.1698833, 45.6264117 ] } },
{ "type": "Feature", "properties": { "technicien": "Romain RICORDEAU ", "secteur": 21 }, "geometry": { "type": "Point", "coordinates": [ 5.1698833, 45.6264117 ] } },
{ "type": "Feature", "properties": { "technicien": "Romain RICORDEAU ", "secteur": 21 }, "geometry": { "type": "Point", "coordinates": [ 5.1698833, 45.6264117 ] } },
{ "type": "Feature", "properties": { "technicien": "Romain RICORDEAU ", "secteur": 21 }, "geometry": { "type": "Point", "coordinates": [ 5.1698833, 45.6264117 ] } },
{ "type": "Feature", "properties": { "technicien": "Yann GENIEIS", "secteur": 73 }, "geometry": { "type": "Point", "coordinates": [ 4.8910779, 45.689354 ] } },
{ "type": "Feature", "properties": { "technicien": "Yann GENIEIS", "secteur": 73 }, "geometry": { "type": "Point", "coordinates": [ 4.7953592, 45.7003687 ] } },
{ "type": "Feature", "properties": { "technicien": "Aurélien GUERIN", "secteur": 6 }, "geometry": { "type": "Point", "coordinates": [ 4.7438465, 45.789441 ] } },
{ "type": "Feature", "properties": { "technicien": "Nefis ALIOUCHE", "secteur": 47 }, "geometry": { "type": "Point", "coordinates": [ 4.8553199, 45.7909353 ] } },
{ "type": "Feature", "properties": { "technicien": "Nefis ALIOUCHE", "secteur": 47 }, "geometry": { "type": "Point", "coordinates": [ 4.855373, 45.79102 ] } },
{ "type": "Feature", "properties": { "technicien": "Nefis ALIOUCHE", "secteur": 47 }, "geometry": { "type": "Point", "coordinates": [ 4.8546022, 45.7910623 ] } },
{ "type": "Feature", "properties": { "technicien": "Nefis ALIOUCHE", "secteur": 47 }, "geometry": { "type": "Point", "coordinates": [ 4.8545594, 45.7912751 ] } },
{ "type": "Feature", "properties": { "technicien": "Nefis ALIOUCHE", "secteur": 47 }, "geometry": { "type": "Point", "coordinates": [ 4.8547858, 45.7913882 ] } },
{ "type": "Feature", "properties": { "technicien": "Nefis ALIOUCHE", "secteur": 47 }, "geometry": { "type": "Point", "coordinates": [ 4.8550329, 45.7915015 ] } },
{ "type": "Feature", "properties": { "technicien": "Nefis ALIOUCHE", "secteur": 47 }, "geometry": { "type": "Point", "coordinates": [ 4.8544389, 45.7917647 ] } },
{ "type": "Feature", "properties": { "technicien": "Aurélien GUERIN", "secteur": 6 }, "geometry": { "type": "Point", "coordinates": [ 4.6935664, 45.7215091 ] } },
{ "type": "Feature", "properties": { "technicien": "Aurélien GUERIN", "secteur": 6 }, "geometry": { "type": "Point", "coordinates": [ 4.6931965, 45.7215148 ] } },
{ "type": "Feature", "properties": { "technicien": "Mohamed BESSAFI", "secteur": 45 }, "geometry": { "type": "Point", "coordinates": [ 4.8368348, 45.736426 ] } },
{ "type": "Feature", "properties": { "technicien": "Romain RICORDEAU ", "secteur": 21 }, "geometry": { "type": "Point", "coordinates": [ 4.8592843, 45.7531962 ] } },
{ "type": "Feature", "properties": { "technicien": "Romain RICORDEAU ", "secteur": 21 }, "geometry": { "type": "Point", "coordinates": [ 4.8592843, 45.7531962 ] } },
{ "type": "Feature", "properties": { "technicien": "Romain RICORDEAU ", "secteur": 21 }, "geometry": { "type": "Point", "coordinates": [ 4.8592843, 45.7531962 ] } },
{ "type": "Feature", "properties": { "technicien": "Romain RICORDEAU ", "secteur": 21 }, "geometry": { "type": "Point", "coordinates": [ 4.8592843, 45.7531962 ] } },
{ "type": "Feature", "properties": { "technicien": "Romain RICORDEAU ", "secteur": 21 }, "geometry": { "type": "Point", "coordinates": [ 4.8592843, 45.7531962 ] } },
{ "type": "Feature", "properties": { "technicien": "Romain RICORDEAU ", "secteur": 21 }, "geometry": { "type": "Point", "coordinates": [ 4.8592843, 45.7531962 ] } },
{ "type": "Feature", "properties": { "technicien": "Romain RICORDEAU ", "secteur": 21 }, "geometry": { "type": "Point", "coordinates": [ 4.8592843, 45.7531962 ] } },
{ "type": "Feature", "properties": { "technicien": "Romain RICORDEAU ", "secteur": 21 }, "geometry": { "type": "Point", "coordinates": [ 4.8592843, 45.7531962 ] } },
{ "type": "Feature", "properties": { "technicien": "Romain RICORDEAU ", "secteur": 21 }, "geometry": { "type": "Point", "coordinates": [ 4.8592843, 45.7531962 ] } },
{ "type": "Feature", "properties": { "technicien": "Romain RICORDEAU ", "secteur": 21 }, "geometry": { "type": "Point", "coordinates": [ 4.8592843, 45.7531962 ] } },
{ "type": "Feature", "properties": { "technicien": "Romain RICORDEAU ", "secteur": 21 }, "geometry": { "type": "Point", "coordinates": [ 4.8592843, 45.7531962 ] } },
{ "type": "Feature", "properties": { "technicien": "Romain RICORDEAU ", "secteur": 21 }, "geometry": { "type": "Point", "coordinates": [ 4.8592843, 45.7531962 ] } },
{ "type": "Feature", "properties": { "technicien": "Olivier VUILLAUME ", "secteur": 58 }, "geometry": { "type": "Point", "coordinates": [ 4.9714063, 45.7294721 ] } },
{ "type": "Feature", "properties": { "technicien": "Olivier VUILLAUME ", "secteur": 58 }, "geometry": { "type": "Point", "coordinates": [ 4.9714063, 45.7294721 ] } },
{ "type": "Feature", "properties": { "technicien": "Olivier VUILLAUME ", "secteur": 58 }, "geometry": { "type": "Point", "coordinates": [ 4.9714063, 45.7294721 ] } },
{ "type": "Feature", "properties": { "technicien": "Olivier VUILLAUME ", "secteur": 58 }, "geometry": { "type": "Point", "coordinates": [ 4.9714063, 45.7294721 ] } },
{ "type": "Feature", "properties": { "technicien": "Olivier VUILLAUME ", "secteur": 58 }, "geometry": { "type": "Point", "coordinates": [ 4.9714063, 45.7294721 ] } },
{ "type": "Feature", "properties": { "technicien": "Guillaume LANGLOIS", "secteur": 70 }, "geometry": { "type": "Point", "coordinates": [ 4.9651388, 45.7692404 ] } },
{ "type": "Feature", "properties": { "technicien": "Guillaume LANGLOIS", "secteur": 70 }, "geometry": { "type": "Point", "coordinates": [ 4.9651388, 45.7692404 ] } },
{ "type": "Feature", "properties": { "technicien": "Aurélien GUERIN", "secteur": 6 }, "geometry": { "type": "Point", "coordinates": [ 4.7208153, 45.7445766 ] } },
{ "type": "Feature", "properties": { "technicien": "Aurélien GUERIN", "secteur": 6 }, "geometry": { "type": "Point", "coordinates": [ 4.7208153, 45.7445766 ] } },
{ "type": "Feature", "properties": { "technicien": "Aurélien GUERIN", "secteur": 6 }, "geometry": { "type": "Point", "coordinates": [ 4.7208153, 45.7445766 ] } },
{ "type": "Feature", "properties": { "technicien": "Christopher WILTORD", "secteur": 53 }, "geometry": { "type": "Point", "coordinates": [ 4.8678657, 45.7606061 ] } },
{ "type": "Feature", "properties": { "technicien": "Luc CHAROLLAIS", "secteur": 27 }, "geometry": { "type": "Point", "coordinates": [ 4.8790054, 45.76454 ] } },
{ "type": "Feature", "properties": { "technicien": "Yann GENIEIS", "secteur": 73 }, "geometry": { "type": "Point", "coordinates": [ 4.7897661, 45.7165849 ] } },
{ "type": "Feature", "properties": { "technicien": "Yann GENIEIS", "secteur": 73 }, "geometry": { "type": "Point", "coordinates": [ 4.7897661, 45.7165849 ] } },
{ "type": "Feature", "properties": { "technicien": "Romain RICORDEAU ", "secteur": 21 }, "geometry": { "type": "Point", "coordinates": [ 4.8751654, 45.7639736 ] } },
{ "type": "Feature", "properties": { "technicien": "Romain RICORDEAU ", "secteur": 21 }, "geometry": { "type": "Point", "coordinates": [ 4.8751654, 45.7639736 ] } },
{ "type": "Feature", "properties": { "technicien": "Romain RICORDEAU ", "secteur": 21 }, "geometry": { "type": "Point", "coordinates": [ 5.156042, 45.6097312 ] } },
{ "type": "Feature", "properties": { "technicien": "Yaya DOUCOURE ", "secteur": 56 }, "geometry": { "type": "Point", "coordinates": [ 4.8356566, 45.7632168 ] } },
{ "type": "Feature", "properties": { "technicien": "Olivier VUILLAUME ", "secteur": 58 }, "geometry": { "type": "Point", "coordinates": [ 4.9726524, 45.712255 ] } },
{ "type": "Feature", "properties": { "technicien": "Olivier VUILLAUME ", "secteur": 58 }, "geometry": { "type": "Point", "coordinates": [ 4.9726524, 45.712255 ] } },
{ "type": "Feature", "properties": { "technicien": "Aurélien GUERIN", "secteur": 6 }, "geometry": { "type": "Point", "coordinates": [ 4.6878923, 45.8548384 ] } },
{ "type": "Feature", "properties": { "technicien": "Aurélien GUERIN", "secteur": 6 }, "geometry": { "type": "Point", "coordinates": [ 4.6878923, 45.8548384 ] } },
{ "type": "Feature", "properties": { "technicien": "Romain RICORDEAU ", "secteur": 21 }, "geometry": { "type": "Point", "coordinates": [ 4.9142367, 45.7631677 ] } },
{ "type": "Feature", "properties": { "technicien": "Luc CHAROLLAIS", "secteur": 27 }, "geometry": { "type": "Point", "coordinates": [ 4.8790138, 45.7646672 ] } },
{ "type": "Feature", "properties": { "technicien": "Luc CHAROLLAIS", "secteur": 27 }, "geometry": { "type": "Point", "coordinates": [ 4.8791265, 45.7646829 ] } },
{ "type": "Feature", "properties": { "technicien": "Romain RICORDEAU ", "secteur": 21 }, "geometry": { "type": "Point", "coordinates": [ 4.8881514, 45.7846073 ] } },
{ "type": "Feature", "properties": { "technicien": "Romain RICORDEAU ", "secteur": 21 }, "geometry": { "type": "Point", "coordinates": [ 4.8881514, 45.7846073 ] } },
{ "type": "Feature", "properties": { "technicien": "Yaya DOUCOURE ", "secteur": 56 }, "geometry": { "type": "Point", "coordinates": [ 4.846302, 45.7755717 ] } },
{ "type": "Feature", "properties": { "technicien": "Nefis ALIOUCHE", "secteur": 47 }, "geometry": { "type": "Point", "coordinates": [ 4.8341027, 45.7813667 ] } },
{ "type": "Feature", "properties": { "technicien": "Nefis ALIOUCHE", "secteur": 47 }, "geometry": { "type": "Point", "coordinates": [ 4.8337226, 45.7813169 ] } },
{ "type": "Feature", "properties": { "technicien": "Nefis ALIOUCHE", "secteur": 47 }, "geometry": { "type": "Point", "coordinates": [ 4.8337226, 45.7813169 ] } },
{ "type": "Feature", "properties": { "technicien": "Yaya DOUCOURE ", "secteur": 56 }, "geometry": { "type": "Point", "coordinates": [ 4.8319039, 45.7613189 ] } },
{ "type": "Feature", "properties": { "technicien": "Olivier VUILLAUME ", "secteur": 58 }, "geometry": { "type": "Point", "coordinates": [ 4.9916151, 45.8293932 ] } },
{ "type": "Feature", "properties": { "technicien": "Olivier VUILLAUME ", "secteur": 58 }, "geometry": { "type": "Point", "coordinates": [ 4.9916151, 45.8293932 ] } },
{ "type": "Feature", "properties": { "technicien": "Olivier VUILLAUME ", "secteur": 58 }, "geometry": { "type": "Point", "coordinates": [ 4.9916151, 45.8293932 ] } },
{ "type": "Feature", "properties": { "technicien": "Olivier VUILLAUME ", "secteur": 58 }, "geometry": { "type": "Point", "coordinates": [ 4.9916151, 45.8293932 ] } },
{ "type": "Feature", "properties": { "technicien": "Olivier VUILLAUME ", "secteur": 58 }, "geometry": { "type": "Point", "coordinates": [ 4.9916151, 45.8293932 ] } },
{ "type": "Feature", "properties": { "technicien": "Olivier VUILLAUME ", "secteur": 58 }, "geometry": { "type": "Point", "coordinates": [ 4.9916151, 45.8293932 ] } },
{ "type": "Feature", "properties": { "technicien": "Olivier VUILLAUME ", "secteur": 58 }, "geometry": { "type": "Point", "coordinates": [ 4.9916151, 45.8293932 ] } },
{ "type": "Feature", "properties": { "technicien": "Olivier VUILLAUME ", "secteur": 58 }, "geometry": { "type": "Point", "coordinates": [ 4.9916151, 45.8293932 ] } },
{ "type": "Feature", "properties": { "technicien": "Olivier VUILLAUME ", "secteur": 58 }, "geometry": { "type": "Point", "coordinates": [ 4.9916151, 45.8293932 ] } },
{ "type": "Feature", "properties": { "technicien": "Olivier VUILLAUME ", "secteur": 58 }, "geometry": { "type": "Point", "coordinates": [ 4.9916151, 45.8293932 ] } },
{ "type": "Feature", "properties": { "technicien": "Guillaume LANGLOIS", "secteur": 70 }, "geometry": { "type": "Point", "coordinates": [ 4.9916151, 45.8293932 ] } },
{ "type": "Feature", "properties": { "technicien": "Guillaume LANGLOIS", "secteur": 70 }, "geometry": { "type": "Point", "coordinates": [ 4.9916151, 45.8293932 ] } },
{ "type": "Feature", "properties": { "technicien": "Olivier VUILLAUME ", "secteur": 58 }, "geometry": { "type": "Point", "coordinates": [ 4.9916151, 45.8293932 ] } },
{ "type": "Feature", "properties": { "technicien": "Olivier VUILLAUME ", "secteur": 58 }, "geometry": { "type": "Point", "coordinates": [ 4.9916151, 45.8293932 ] } },
{ "type": "Feature", "properties": { "technicien": "Aurélien GUERIN", "secteur": 6 }, "geometry": { "type": "Point", "coordinates": [ 4.7438465, 45.789441 ] } },
{ "type": "Feature", "properties": { "technicien": "Aurélien GUERIN", "secteur": 6 }, "geometry": { "type": "Point", "coordinates": [ 4.7438465, 45.789441 ] } },
{ "type": "Feature", "properties": { "technicien": "Aurélien GUERIN", "secteur": 6 }, "geometry": { "type": "Point", "coordinates": [ 4.7438465, 45.789441 ] } },
{ "type": "Feature", "properties": { "technicien": "Aurélien GUERIN", "secteur": 6 }, "geometry": { "type": "Point", "coordinates": [ 4.7438465, 45.789441 ] } },
{ "type": "Feature", "properties": { "technicien": "Aurélien GUERIN", "secteur": 6 }, "geometry": { "type": "Point", "coordinates": [ 4.7438465, 45.789441 ] } },
{ "type": "Feature", "properties": { "technicien": "Aurélien GUERIN", "secteur": 6 }, "geometry": { "type": "Point", "coordinates": [ 4.7438465, 45.789441 ] } },
{ "type": "Feature", "properties": { "technicien": "Christopher WILTORD", "secteur": 53 }, "geometry": { "type": "Point", "coordinates": [ 4.8064326, 45.7759454 ] } },
{ "type": "Feature", "properties": { "technicien": "Christopher WILTORD", "secteur": 53 }, "geometry": { "type": "Point", "coordinates": [ 4.8777089, 45.7476393 ] } },
{ "type": "Feature", "properties": { "technicien": "Christopher WILTORD", "secteur": 53 }, "geometry": { "type": "Point", "coordinates": [ 4.8779255, 45.7475433 ] } },
{ "type": "Feature", "properties": { "technicien": "Yann GENIEIS", "secteur": 73 }, "geometry": { "type": "Point", "coordinates": [ 4.7795246, 45.7467267 ] } },
{ "type": "Feature", "properties": { "technicien": "Yann GENIEIS", "secteur": 73 }, "geometry": { "type": "Point", "coordinates": [ 4.7795246, 45.7467267 ] } },
{ "type": "Feature", "properties": { "technicien": "Mohamed BESSAFI", "secteur": 45 }, "geometry": { "type": "Point", "coordinates": [ 4.8459272, 45.7499102 ] } },
{ "type": "Feature", "properties": { "technicien": "Yann GENIEIS", "secteur": 73 }, "geometry": { "type": "Point", "coordinates": [ 1.2662524, 45.8545957 ] } },
{ "type": "Feature", "properties": { "technicien": "Luc CHAROLLAIS", "secteur": 27 }, "geometry": { "type": "Point", "coordinates": [ 4.885069, 45.7809423 ] } },
{ "type": "Feature", "properties": { "technicien": "Luc CHAROLLAIS", "secteur": 27 }, "geometry": { "type": "Point", "coordinates": [ 4.8854224, 45.7810266 ] } },
{ "type": "Feature", "properties": { "technicien": "Luc CHAROLLAIS", "secteur": 27 }, "geometry": { "type": "Point", "coordinates": [ 4.8857949, 45.7811216 ] } },
{ "type": "Feature", "properties": { "technicien": "Aurélien GUERIN", "secteur": 6 }, "geometry": { "type": "Point", "coordinates": [ 4.7210435, 45.7457393 ] } },
{ "type": "Feature", "properties": { "technicien": "Aurélien GUERIN", "secteur": 6 }, "geometry": { "type": "Point", "coordinates": [ 4.7928346, 45.7919445 ] } },
{ "type": "Feature", "properties": { "technicien": "Aurélien GUERIN", "secteur": 6 }, "geometry": { "type": "Point", "coordinates": [ 4.7928346, 45.7919445 ] } },
{ "type": "Feature", "properties": { "technicien": "Christopher WILTORD", "secteur": 53 }, "geometry": { "type": "Point", "coordinates": [ 4.867902, 45.7607706 ] } },
{ "type": "Feature", "properties": { "technicien": "Christopher WILTORD", "secteur": 53 }, "geometry": { "type": "Point", "coordinates": [ 4.867928, 45.7608878 ] } },
{ "type": "Feature", "properties": { "technicien": "Romain RICORDEAU ", "secteur": 21 }, "geometry": { "type": "Point", "coordinates": [ 4.8090503, 45.7571303 ] } },
{ "type": "Feature", "properties": { "technicien": "Nefis ALIOUCHE", "secteur": 47 }, "geometry": { "type": "Point", "coordinates": [ 4.8398443, 45.7769352 ] } },
{ "type": "Feature", "properties": { "technicien": "Yaya DOUCOURE ", "secteur": 56 }, "geometry": { "type": "Point", "coordinates": [ 4.8587713, 45.7691349 ] } },
{ "type": "Feature", "properties": { "technicien": "Romain RICORDEAU ", "secteur": 21 }, "geometry": { "type": "Point", "coordinates": [ 4.8134185, 45.7486715 ] } },
{ "type": "Feature", "properties": { "technicien": "Guillaume LANGLOIS", "secteur": 70 }, "geometry": { "type": "Point", "coordinates": [ 5.1338793, 45.6340334 ] } },
{ "type": "Feature", "properties": { "technicien": "Khalil BELLAL", "secteur": 65 }, "geometry": { "type": "Point", "coordinates": [ 4.9011359, 45.687602 ] } },
{ "type": "Feature", "properties": { "technicien": "Olivier VUILLAUME ", "secteur": 58 }, "geometry": { "type": "Point", "coordinates": [ 5.265006, 45.5869086 ] } },
{ "type": "Feature", "properties": { "technicien": "Romain RICORDEAU ", "secteur": 21 }, "geometry": { "type": "Point", "coordinates": [ 4.8667796, 45.7734276 ] } },
{ "type": "Feature", "properties": { "technicien": "Yaya DOUCOURE ", "secteur": 56 }, "geometry": { "type": "Point", "coordinates": [ 4.8369884, 45.763679 ] } },
{ "type": "Feature", "properties": { "technicien": "Nouredine BOUNAAS", "secteur": 72 }, "geometry": { "type": "Point", "coordinates": [ 4.824503, 45.7562506 ] } },
{ "type": "Feature", "properties": { "technicien": "Yaya DOUCOURE ", "secteur": 56 }, "geometry": { "type": "Point", "coordinates": [ 4.836916, 45.763838 ] } },
{ "type": "Feature", "properties": { "technicien": "Kenzy CHABBI", "secteur": 71 }, "geometry": { "type": "Point", "coordinates": [ 4.8263911, 45.7016522 ] } },
{ "type": "Feature", "properties": { "technicien": "Kenzy CHABBI", "secteur": 71 }, "geometry": { "type": "Point", "coordinates": [ 4.8262603, 45.7018829 ] } },
{ "type": "Feature", "properties": { "technicien": "Kenzy CHABBI", "secteur": 71 }, "geometry": { "type": "Point", "coordinates": [ 4.8262972, 45.701738 ] } },
{ "type": "Feature", "properties": { "technicien": "Kenzy CHABBI", "secteur": 71 }, "geometry": { "type": "Point", "coordinates": [ 4.8263411, 45.7015663 ] } },
{ "type": "Feature", "properties": { "technicien": "Kenzy CHABBI", "secteur": 71 }, "geometry": { "type": "Point", "coordinates": [ 4.8263761, 45.7014293 ] } },
{ "type": "Feature", "properties": { "technicien": "Kenzy CHABBI", "secteur": 71 }, "geometry": { "type": "Point", "coordinates": [ 4.8264141, 45.7012805 ] } },
{ "type": "Feature", "properties": { "technicien": "Kenzy CHABBI", "secteur": 71 }, "geometry": { "type": "Point", "coordinates": [ 4.8268894, 45.702615 ] } },
{ "type": "Feature", "properties": { "technicien": "Kenzy CHABBI", "secteur": 71 }, "geometry": { "type": "Point", "coordinates": [ 4.8266142, 45.7025807 ] } },
{ "type": "Feature", "properties": { "technicien": "Kenzy CHABBI", "secteur": 71 }, "geometry": { "type": "Point", "coordinates": [ 4.8263041, 45.702542 ] } },
{ "type": "Feature", "properties": { "technicien": "Kenzy CHABBI", "secteur": 71 }, "geometry": { "type": "Point", "coordinates": [ 4.8260724, 45.7025131 ] } },
{ "type": "Feature", "properties": { "technicien": "Yaya DOUCOURE ", "secteur": 56 }, "geometry": { "type": "Point", "coordinates": [ 4.8353174, 45.7715247 ] } },
{ "type": "Feature", "properties": { "technicien": "Nouredine BOUNAAS", "secteur": 72 }, "geometry": { "type": "Point", "coordinates": [ 4.7980598, 45.7534165 ] } },
{ "type": "Feature", "properties": { "technicien": "Christopher WILTORD", "secteur": 53 }, "geometry": { "type": "Point", "coordinates": [ 4.8440687, 45.7636837 ] } },
{ "type": "Feature", "properties": { "technicien": "Luc CHAROLLAIS", "secteur": 27 }, "geometry": { "type": "Point", "coordinates": [ 4.8687923, 45.7660968 ] } },
{ "type": "Feature", "properties": { "technicien": "Aurélien GUERIN", "secteur": 6 }, "geometry": { "type": "Point", "coordinates": [ 4.6720905, 45.6170048 ] } },
{ "type": "Feature", "properties": { "technicien": "Luc CHAROLLAIS", "secteur": 27 }, "geometry": { "type": "Point", "coordinates": [ 4.8793928, 45.7670634 ] } },
{ "type": "Feature", "properties": { "technicien": "Romain RICORDEAU ", "secteur": 21 }, "geometry": { "type": "Point", "coordinates": [ 4.9142367, 45.7631677 ] } },
{ "type": "Feature", "properties": { "technicien": "Romain RICORDEAU ", "secteur": 21 }, "geometry": { "type": "Point", "coordinates": [ 4.8667796, 45.7734276 ] } },
{ "type": "Feature", "properties": { "technicien": "Romain RICORDEAU ", "secteur": 21 }, "geometry": { "type": "Point", "coordinates": [ 4.8667796, 45.7734276 ] } },
{ "type": "Feature", "properties": { "technicien": "SIMPA", "secteur": 51 }, "geometry": { "type": "Point", "coordinates": [ 7.042414, 43.6283543 ] } },
{ "type": "Feature", "properties": { "technicien": "SIMPA", "secteur": 51 }, "geometry": { "type": "Point", "coordinates": [ 7.042414, 43.6283543 ] } },
{ "type": "Feature", "properties": { "technicien": "SIMPA", "secteur": 51 }, "geometry": { "type": "Point", "coordinates": [ 7.042414, 43.6283543 ] } },
{ "type": "Feature", "properties": { "technicien": "SIMPA", "secteur": 51 }, "geometry": { "type": "Point", "coordinates": [ 7.042414, 43.6283543 ] } },
{ "type": "Feature", "properties": { "technicien": "SIMPA", "secteur": 51 }, "geometry": { "type": "Point", "coordinates": [ 7.042414, 43.6283543 ] } },
{ "type": "Feature", "properties": { "technicien": "SIMPA", "secteur": 51 }, "geometry": { "type": "Point", "coordinates": [ 7.042414, 43.6283543 ] } },
{ "type": "Feature", "properties": { "technicien": "Kenzy CHABBI", "secteur": 71 }, "geometry": { "type": "Point", "coordinates": [ 4.8195761, 45.716429 ] } },
{ "type": "Feature", "properties": { "technicien": "Kenzy CHABBI", "secteur": 71 }, "geometry": { "type": "Point", "coordinates": [ 4.8195761, 45.716429 ] } },
{ "type": "Feature", "properties": { "technicien": "Yann GENIEIS", "secteur": 73 }, "geometry": { "type": "Point", "coordinates": [ 4.8195761, 45.716429 ] } },
{ "type": "Feature", "properties": { "technicien": "Yann GENIEIS", "secteur": 73 }, "geometry": { "type": "Point", "coordinates": [ 4.8195761, 45.716429 ] } },
{ "type": "Feature", "properties": { "technicien": "Kenzy CHABBI", "secteur": 71 }, "geometry": { "type": "Point", "coordinates": [ 4.8195761, 45.716429 ] } },
{ "type": "Feature", "properties": { "technicien": "Karim MOKNECHE", "secteur": 30 }, "geometry": { "type": "Point", "coordinates": [ 4.753216, 44.5627676 ] } },
{ "type": "Feature", "properties": { "technicien": "Karim MOKNECHE", "secteur": 30 }, "geometry": { "type": "Point", "coordinates": [ 4.753216, 44.5627676 ] } },
{ "type": "Feature", "properties": { "technicien": "Luc CHAROLLAIS", "secteur": 27 }, "geometry": { "type": "Point", "coordinates": [ 4.8778379, 45.7776323 ] } },
{ "type": "Feature", "properties": { "technicien": "Romain RICORDEAU ", "secteur": 21 }, "geometry": { "type": "Point", "coordinates": [ 4.8710039, 45.7313154 ] } },
{ "type": "Feature", "properties": { "technicien": "Luc CHAROLLAIS", "secteur": 27 }, "geometry": { "type": "Point", "coordinates": [ 4.8812249, 45.7659337 ] } },
{ "type": "Feature", "properties": { "technicien": "Kenzy CHABBI", "secteur": 63 }, "geometry": { "type": "Point", "coordinates": [ 4.8677779, 45.7780378 ] } },
{ "type": "Feature", "properties": { "technicien": "Khalil BELLAL", "secteur": 65 }, "geometry": { "type": "Point", "coordinates": [ 4.8538617, 45.7289635 ] } },
{ "type": "Feature", "properties": { "technicien": "Nouredine BOUNAAS", "secteur": 72 }, "geometry": { "type": "Point", "coordinates": [ 4.8944715, 45.7627412 ] } },
{ "type": "Feature", "properties": { "technicien": "Romain RICORDEAU ", "secteur": 21 }, "geometry": { "type": "Point", "coordinates": [ 4.8074738, 45.7583006 ] } },
{ "type": "Feature", "properties": { "technicien": "Christopher WILTORD", "secteur": 53 }, "geometry": { "type": "Point", "coordinates": [ 4.8638511, 45.7603235 ] } },
{ "type": "Feature", "properties": { "technicien": "Olivier VUILLAUME ", "secteur": 58 }, "geometry": { "type": "Point", "coordinates": [ 5.0278549, 45.687645 ] } },
{ "type": "Feature", "properties": { "technicien": "Kenzy CHABBI", "secteur": 63 }, "geometry": { "type": "Point", "coordinates": [ 4.958807, 45.7182604 ] } },
{ "type": "Feature", "properties": { "technicien": "Khalil BELLAL", "secteur": 65 }, "geometry": { "type": "Point", "coordinates": [ 4.8757789, 45.6933987 ] } },
{ "type": "Feature", "properties": { "technicien": "Yann GENIEIS", "secteur": 73 }, "geometry": { "type": "Point", "coordinates": [ 4.6438052, 45.8753895 ] } },
{ "type": "Feature", "properties": { "technicien": "Yann GENIEIS", "secteur": 73 }, "geometry": { "type": "Point", "coordinates": [ 4.6438052, 45.8753895 ] } },
{ "type": "Feature", "properties": { "technicien": "Kenzy CHABBI", "secteur": 71 }, "geometry": { "type": "Point", "coordinates": [ 4.9213999, 45.7268194 ] } },
{ "type": "Feature", "properties": { "technicien": "Yaya DOUCOURE ", "secteur": 56 }, "geometry": { "type": "Point", "coordinates": [ 4.8331662, 45.7709743 ] } },
{ "type": "Feature", "properties": { "technicien": "Nefis ALIOUCHE", "secteur": 47 }, "geometry": { "type": "Point", "coordinates": [ 4.8319249, 45.7669426 ] } },
{ "type": "Feature", "properties": { "technicien": "Guillaume LANGLOIS", "secteur": 70 }, "geometry": { "type": "Point", "coordinates": [ 5.468686, 45.6191123 ] } },
{ "type": "Feature", "properties": { "technicien": "Aurélien GUERIN", "secteur": 6 }, "geometry": { "type": "Point", "coordinates": [ 4.7732528, 45.7612751 ] } },
{ "type": "Feature", "properties": { "technicien": "Aurélien GUERIN", "secteur": 6 }, "geometry": { "type": "Point", "coordinates": [ 4.8544999, 45.8447809 ] } },
{ "type": "Feature", "properties": { "technicien": "Aurélien GUERIN", "secteur": 6 }, "geometry": { "type": "Point", "coordinates": [ 4.8544999, 45.8447809 ] } },
{ "type": "Feature", "properties": { "technicien": "Romain RICORDEAU ", "secteur": 21 }, "geometry": { "type": "Point", "coordinates": [ 4.8262644, 45.7440329 ] } },
{ "type": "Feature", "properties": { "technicien": "Christopher WILTORD", "secteur": 53 }, "geometry": { "type": "Point", "coordinates": [ 4.866276, 45.747388 ] } },
{ "type": "Feature", "properties": { "technicien": "Christopher WILTORD", "secteur": 53 }, "geometry": { "type": "Point", "coordinates": [ 4.8663679, 45.7473545 ] } },
{ "type": "Feature", "properties": { "technicien": "Luc CHAROLLAIS", "secteur": 27 }, "geometry": { "type": "Point", "coordinates": [ 4.8898705, 45.7690269 ] } },
{ "type": "Feature", "properties": { "technicien": "Luc CHAROLLAIS", "secteur": 27 }, "geometry": { "type": "Point", "coordinates": [ 4.8904174, 45.768989 ] } },
{ "type": "Feature", "properties": { "technicien": "Luc CHAROLLAIS", "secteur": 27 }, "geometry": { "type": "Point", "coordinates": [ 4.8904424, 45.7692304 ] } },
{ "type": "Feature", "properties": { "technicien": "Nefis ALIOUCHE", "secteur": 47 }, "geometry": { "type": "Point", "coordinates": [ 4.837793, 45.7735861 ] } },
{ "type": "Feature", "properties": { "technicien": "Guillaume LANGLOIS", "secteur": 70 }, "geometry": { "type": "Point", "coordinates": [ 4.865048, 45.528314 ] } },
{ "type": "Feature", "properties": { "technicien": "Romain RICORDEAU ", "secteur": 21 }, "geometry": { "type": "Point", "coordinates": [ 4.8539, 45.7627659 ] } },
{ "type": "Feature", "properties": { "technicien": "Romain RICORDEAU ", "secteur": 21 }, "geometry": { "type": "Point", "coordinates": [ 4.8720352, 45.7494911 ] } },
{ "type": "Feature", "properties": { "technicien": "Romain RICORDEAU ", "secteur": 21 }, "geometry": { "type": "Point", "coordinates": [ 4.9222396, 45.7599445 ] } },
{ "type": "Feature", "properties": { "technicien": "Romain RICORDEAU ", "secteur": 21 }, "geometry": { "type": "Point", "coordinates": [ 4.9218887, 45.7600235 ] } },
{ "type": "Feature", "properties": { "technicien": "Romain RICORDEAU ", "secteur": 21 }, "geometry": { "type": "Point", "coordinates": [ 4.9218887, 45.7600235 ] } },
{ "type": "Feature", "properties": { "technicien": "Yann GENIEIS", "secteur": 73 }, "geometry": { "type": "Point", "coordinates": [ 4.8135156, 45.814675 ] } },
{ "type": "Feature", "properties": { "technicien": "Yann GENIEIS", "secteur": 73 }, "geometry": { "type": "Point", "coordinates": [ 4.8135156, 45.814675 ] } },
{ "type": "Feature", "properties": { "technicien": "Yann GENIEIS", "secteur": 73 }, "geometry": { "type": "Point", "coordinates": [ 4.8135156, 45.814675 ] } },
{ "type": "Feature", "properties": { "technicien": "Yann GENIEIS", "secteur": 73 }, "geometry": { "type": "Point", "coordinates": [ 4.8135156, 45.814675 ] } },
{ "type": "Feature", "properties": { "technicien": "Yann GENIEIS", "secteur": 73 }, "geometry": { "type": "Point", "coordinates": [ 4.8135156, 45.814675 ] } },
{ "type": "Feature", "properties": { "technicien": "Yann GENIEIS", "secteur": 73 }, "geometry": { "type": "Point", "coordinates": [ 4.8135156, 45.814675 ] } },
{ "type": "Feature", "properties": { "technicien": "Yann GENIEIS", "secteur": 73 }, "geometry": { "type": "Point", "coordinates": [ 4.8135156, 45.814675 ] } },
{ "type": "Feature", "properties": { "technicien": "Yann GENIEIS", "secteur": 73 }, "geometry": { "type": "Point", "coordinates": [ 4.8135156, 45.814675 ] } },
{ "type": "Feature", "properties": { "technicien": "Yann GENIEIS", "secteur": 73 }, "geometry": { "type": "Point", "coordinates": [ 4.8135156, 45.814675 ] } },
{ "type": "Feature", "properties": { "technicien": "Yann GENIEIS", "secteur": 73 }, "geometry": { "type": "Point", "coordinates": [ 4.8135156, 45.814675 ] } },
{ "type": "Feature", "properties": { "technicien": "Mohamed BESSAFI", "secteur": 45 }, "geometry": { "type": "Point", "coordinates": [ 4.858221, 45.7334998 ] } },
{ "type": "Feature", "properties": { "technicien": "Mohamed BESSAFI", "secteur": 45 }, "geometry": { "type": "Point", "coordinates": [ 4.858221, 45.7334998 ] } },
{ "type": "Feature", "properties": { "technicien": "Mohamed BESSAFI", "secteur": 45 }, "geometry": { "type": "Point", "coordinates": [ 4.8756432, 45.7258856 ] } },
{ "type": "Feature", "properties": { "technicien": "Yaya DOUCOURE ", "secteur": 56 }, "geometry": { "type": "Point", "coordinates": [ 4.8346025, 45.7611435 ] } },
{ "type": "Feature", "properties": { "technicien": "Romain RICORDEAU ", "secteur": 21 }, "geometry": { "type": "Point", "coordinates": [ 4.8857344, 45.743242 ] } },
{ "type": "Feature", "properties": { "technicien": "Romain RICORDEAU ", "secteur": 21 }, "geometry": { "type": "Point", "coordinates": [ 4.8857344, 45.743242 ] } },
{ "type": "Feature", "properties": { "technicien": "Paul SAULNIER", "secteur": 48 }, "geometry": { "type": "Point", "coordinates": [ 5.2729691, 46.1550752 ] } },
{ "type": "Feature", "properties": { "technicien": "Paul SAULNIER", "secteur": 48 }, "geometry": { "type": "Point", "coordinates": [ 5.2729691, 46.1550752 ] } },
{ "type": "Feature", "properties": { "technicien": "Luc CHAROLLAIS", "secteur": 27 }, "geometry": { "type": "Point", "coordinates": [ 4.8802601, 45.7789161 ] } },
{ "type": "Feature", "properties": { "technicien": "Nefis ALIOUCHE", "secteur": 47 }, "geometry": { "type": "Point", "coordinates": [ 4.8802601, 45.7789161 ] } },
{ "type": "Feature", "properties": { "technicien": "Mohamed BESSAFI", "secteur": 45 }, "geometry": { "type": "Point", "coordinates": [ 4.840835, 45.7535421 ] } },
{ "type": "Feature", "properties": { "technicien": "Anouar BEN MESSAOUD", "secteur": 57 }, "geometry": { "type": "Point", "coordinates": [ 4.8383123, 45.7519751 ] } },
{ "type": "Feature", "properties": { "technicien": "Anouar BEN MESSAOUD", "secteur": 57 }, "geometry": { "type": "Point", "coordinates": [ 4.8416762, 45.7501137 ] } },
{ "type": "Feature", "properties": { "technicien": "Anouar BEN MESSAOUD", "secteur": 57 }, "geometry": { "type": "Point", "coordinates": [ 4.8369033, 45.7663805 ] } },
{ "type": "Feature", "properties": { "technicien": "Anouar BEN MESSAOUD", "secteur": 57 }, "geometry": { "type": "Point", "coordinates": [ 4.8347645, 45.7728466 ] } },
{ "type": "Feature", "properties": { "technicien": "Anouar BEN MESSAOUD", "secteur": 57 }, "geometry": { "type": "Point", "coordinates": [ 4.8184925, 45.7432328 ] } },
{ "type": "Feature", "properties": { "technicien": "Anouar BEN MESSAOUD", "secteur": 57 }, "geometry": { "type": "Point", "coordinates": [ 4.8311738, 45.7287475 ] } },
{ "type": "Feature", "properties": { "technicien": "Anouar BEN MESSAOUD", "secteur": 57 }, "geometry": { "type": "Point", "coordinates": [ 4.8319832, 45.7289752 ] } },
{ "type": "Feature", "properties": { "technicien": "Nouredine BOUNAAS", "secteur": 72 }, "geometry": { "type": "Point", "coordinates": [ 4.8026181, 45.7757267 ] } },
{ "type": "Feature", "properties": { "technicien": "Anouar BEN MESSAOUD", "secteur": 57 }, "geometry": { "type": "Point", "coordinates": [ 4.8028118, 45.7758144 ] } },
{ "type": "Feature", "properties": { "technicien": "Anouar BEN MESSAOUD", "secteur": 57 }, "geometry": { "type": "Point", "coordinates": [ 4.8435202, 45.7567672 ] } },
{ "type": "Feature", "properties": { "technicien": "Romain RICORDEAU ", "secteur": 21 }, "geometry": { "type": "Point", "coordinates": [ 4.8819381, 45.7464294 ] } },
{ "type": "Feature", "properties": { "technicien": "Yann GENIEIS", "secteur": 73 }, "geometry": { "type": "Point", "coordinates": [ 4.8329575, 45.8283602 ] } },
{ "type": "Feature", "properties": { "technicien": "Anouar BEN MESSAOUD", "secteur": 57 }, "geometry": { "type": "Point", "coordinates": [ 4.852801, 45.7555741 ] } },
{ "type": "Feature", "properties": { "technicien": "Anouar BEN MESSAOUD", "secteur": 57 }, "geometry": { "type": "Point", "coordinates": [ 4.8528262, 45.7554353 ] } },
{ "type": "Feature", "properties": { "technicien": "Anouar BEN MESSAOUD", "secteur": 57 }, "geometry": { "type": "Point", "coordinates": [ 4.8282737, 45.7465817 ] } },
{ "type": "Feature", "properties": { "technicien": "Anouar BEN MESSAOUD", "secteur": 57 }, "geometry": { "type": "Point", "coordinates": [ 4.8530062, 45.7400676 ] } },
{ "type": "Feature", "properties": { "technicien": "Anouar BEN MESSAOUD", "secteur": 57 }, "geometry": { "type": "Point", "coordinates": [ 4.8530062, 45.7400676 ] } },
{ "type": "Feature", "properties": { "technicien": "Anouar BEN MESSAOUD", "secteur": 57 }, "geometry": { "type": "Point", "coordinates": [ 4.8491414, 45.7578567 ] } },
{ "type": "Feature", "properties": { "technicien": "Anouar BEN MESSAOUD", "secteur": 57 }, "geometry": { "type": "Point", "coordinates": [ 4.8022562, 45.7761926 ] } },
{ "type": "Feature", "properties": { "technicien": "Anouar BEN MESSAOUD", "secteur": 57 }, "geometry": { "type": "Point", "coordinates": [ 4.830641, 45.7731241 ] } },
{ "type": "Feature", "properties": { "technicien": "Anouar BEN MESSAOUD", "secteur": 57 }, "geometry": { "type": "Point", "coordinates": [ 4.8448962, 45.755222 ] } },
{ "type": "Feature", "properties": { "technicien": "Anouar BEN MESSAOUD", "secteur": 57 }, "geometry": { "type": "Point", "coordinates": [ 4.8616329, 45.7419842 ] } },
{ "type": "Feature", "properties": { "technicien": "Anouar BEN MESSAOUD", "secteur": 57 }, "geometry": { "type": "Point", "coordinates": [ 4.8618387, 45.7419332 ] } },
{ "type": "Feature", "properties": { "technicien": "Yann GENIEIS", "secteur": 73 }, "geometry": { "type": "Point", "coordinates": [ 4.7443877, 45.779623 ] } },
{ "type": "Feature", "properties": { "technicien": "Luc CHAROLLAIS", "secteur": 27 }, "geometry": { "type": "Point", "coordinates": [ 5.1916211, 45.904687 ] } },
{ "type": "Feature", "properties": { "technicien": "Guillaume LANGLOIS", "secteur": 70 }, "geometry": { "type": "Point", "coordinates": [ 5.0235997, 45.692323 ] } },
{ "type": "Feature", "properties": { "technicien": "Kenzy CHABBI", "secteur": 71 }, "geometry": { "type": "Point", "coordinates": [ 4.7977666, 45.7398457 ] } },
{ "type": "Feature", "properties": { "technicien": "Kenzy CHABBI", "secteur": 71 }, "geometry": { "type": "Point", "coordinates": [ 4.7979994, 45.7398019 ] } },
{ "type": "Feature", "properties": { "technicien": "Kenzy CHABBI", "secteur": 71 }, "geometry": { "type": "Point", "coordinates": [ 4.7982254, 45.7396829 ] } },
{ "type": "Feature", "properties": { "technicien": "Kenzy CHABBI", "secteur": 71 }, "geometry": { "type": "Point", "coordinates": [ 4.7982568, 45.7395708 ] } },
{ "type": "Feature", "properties": { "technicien": "Kenzy CHABBI", "secteur": 71 }, "geometry": { "type": "Point", "coordinates": [ 4.798194, 45.7394079 ] } },
{ "type": "Feature", "properties": { "technicien": "Kenzy CHABBI", "secteur": 71 }, "geometry": { "type": "Point", "coordinates": [ 4.7981268, 45.7392339 ] } },
{ "type": "Feature", "properties": { "technicien": "Kenzy CHABBI", "secteur": 71 }, "geometry": { "type": "Point", "coordinates": [ 4.7981894, 45.7389566 ] } },
{ "type": "Feature", "properties": { "technicien": "Kenzy CHABBI", "secteur": 71 }, "geometry": { "type": "Point", "coordinates": [ 4.7979519, 45.7389408 ] } },
{ "type": "Feature", "properties": { "technicien": "Kenzy CHABBI", "secteur": 71 }, "geometry": { "type": "Point", "coordinates": [ 4.7976839, 45.73897 ] } },
{ "type": "Feature", "properties": { "technicien": "Kenzy CHABBI", "secteur": 71 }, "geometry": { "type": "Point", "coordinates": [ 4.7973881, 45.7392872 ] } },
{ "type": "Feature", "properties": { "technicien": "Yaya DOUCOURE ", "secteur": 56 }, "geometry": { "type": "Point", "coordinates": [ 4.8264416, 45.7688093 ] } },
{ "type": "Feature", "properties": { "technicien": "Mohamed BESSAFI", "secteur": 45 }, "geometry": { "type": "Point", "coordinates": [ 4.8758756, 45.7261296 ] } },
{ "type": "Feature", "properties": { "technicien": "Romain RICORDEAU ", "secteur": 21 }, "geometry": { "type": "Point", "coordinates": [ 4.8667796, 45.7734276 ] } },
{ "type": "Feature", "properties": { "technicien": "Romain RICORDEAU ", "secteur": 21 }, "geometry": { "type": "Point", "coordinates": [ 4.8667796, 45.7734276 ] } },
{ "type": "Feature", "properties": { "technicien": "Romain RICORDEAU ", "secteur": 21 }, "geometry": { "type": "Point", "coordinates": [ 4.9147815, 45.7397086 ] } },
{ "type": "Feature", "properties": { "technicien": "Khalil BELLAL", "secteur": 65 }, "geometry": { "type": "Point", "coordinates": [ 4.9539086, 45.6917241 ] } },
{ "type": "Feature", "properties": { "technicien": "Khalil BELLAL", "secteur": 65 }, "geometry": { "type": "Point", "coordinates": [ 4.9541654, 45.6920856 ] } },
{ "type": "Feature", "properties": { "technicien": "Khalil BELLAL", "secteur": 65 }, "geometry": { "type": "Point", "coordinates": [ 4.9537325, 45.6923201 ] } },
{ "type": "Feature", "properties": { "technicien": "Yaya DOUCOURE ", "secteur": 56 }, "geometry": { "type": "Point", "coordinates": [ 4.8350084, 45.7553917 ] } },
{ "type": "Feature", "properties": { "technicien": "Yaya DOUCOURE ", "secteur": 56 }, "geometry": { "type": "Point", "coordinates": [ 4.8350084, 45.7553917 ] } },
{ "type": "Feature", "properties": { "technicien": "Yaya DOUCOURE ", "secteur": 56 }, "geometry": { "type": "Point", "coordinates": [ 4.8420939, 45.7666088 ] } },
{ "type": "Feature", "properties": { "technicien": "Kenzy CHABBI", "secteur": 71 }, "geometry": { "type": "Point", "coordinates": [ 5.0119616, 45.6473042 ] } },
{ "type": "Feature", "properties": { "technicien": "Yann GENIEIS", "secteur": 73 }, "geometry": { "type": "Point", "coordinates": [ 4.8329575, 45.8283602 ] } },
{ "type": "Feature", "properties": { "technicien": "Christopher WILTORD", "secteur": 53 }, "geometry": { "type": "Point", "coordinates": [ 4.8471063, 45.7542114 ] } },
{ "type": "Feature", "properties": { "technicien": "Christopher WILTORD", "secteur": 53 }, "geometry": { "type": "Point", "coordinates": [ 4.86171, 45.741167 ] } },
{ "type": "Feature", "properties": { "technicien": "Christopher WILTORD", "secteur": 53 }, "geometry": { "type": "Point", "coordinates": [ 4.8614515, 45.7408193 ] } },
{ "type": "Feature", "properties": { "technicien": "Christopher WILTORD", "secteur": 53 }, "geometry": { "type": "Point", "coordinates": [ 4.8612362, 45.7405233 ] } },
{ "type": "Feature", "properties": { "technicien": "Luc CHAROLLAIS", "secteur": 27 }, "geometry": { "type": "Point", "coordinates": [ 5.3671594, 45.9515149 ] } },
{ "type": "Feature", "properties": { "technicien": "Aurélien GUERIN", "secteur": 6 }, "geometry": { "type": "Point", "coordinates": [ 4.2843694, 46.0354535 ] } },
{ "type": "Feature", "properties": { "technicien": "Romain RICORDEAU ", "secteur": 21 }, "geometry": { "type": "Point", "coordinates": [ 5.0010833, 45.7659845 ] } },
{ "type": "Feature", "properties": { "technicien": "Yann GENIEIS", "secteur": 73 }, "geometry": { "type": "Point", "coordinates": [ 4.8092873, 45.7154963 ] } },
{ "type": "Feature", "properties": { "technicien": "Yann GENIEIS", "secteur": 73 }, "geometry": { "type": "Point", "coordinates": [ 4.8092873, 45.7154963 ] } },
{ "type": "Feature", "properties": { "technicien": "Nefis ALIOUCHE", "secteur": 47 }, "geometry": { "type": "Point", "coordinates": [ 4.9106264, 45.7780207 ] } },
{ "type": "Feature", "properties": { "technicien": "Olivier VUILLAUME ", "secteur": 58 }, "geometry": { "type": "Point", "coordinates": [ 4.9749102, 45.7284048 ] } },
{ "type": "Feature", "properties": { "technicien": "Romain RICORDEAU ", "secteur": 21 }, "geometry": { "type": "Point", "coordinates": [ 4.8817409, 45.7289688 ] } },
{ "type": "Feature", "properties": { "technicien": "Anouar BEN MESSAOUD", "secteur": 57 }, "geometry": { "type": "Point", "coordinates": [ 4.9088364, 45.734856 ] } },
{ "type": "Feature", "properties": { "technicien": "Guillaume LANGLOIS", "secteur": 70 }, "geometry": { "type": "Point", "coordinates": [ 5.0175887, 45.7349969 ] } },
{ "type": "Feature", "properties": { "technicien": "Kenzy CHABBI", "secteur": 63 }, "geometry": { "type": "Point", "coordinates": [ 4.379697, 45.407976 ] } },
{ "type": "Feature", "properties": { "technicien": "Mohamed BESSAFI", "secteur": 45 }, "geometry": { "type": "Point", "coordinates": [ 4.8800721, 45.7267157 ] } },
{ "type": "Feature", "properties": { "technicien": "Luc CHAROLLAIS", "secteur": 27 }, "geometry": { "type": "Point", "coordinates": [ 4.8687874, 45.7670533 ] } },
{ "type": "Feature", "properties": { "technicien": "Luc CHAROLLAIS", "secteur": 27 }, "geometry": { "type": "Point", "coordinates": [ 4.8687899, 45.7668398 ] } },
{ "type": "Feature", "properties": { "technicien": "Mohamed BESSAFI", "secteur": 45 }, "geometry": { "type": "Point", "coordinates": [ 4.8466957, 45.752221 ] } },
{ "type": "Feature", "properties": { "technicien": "Christopher WILTORD", "secteur": 53 }, "geometry": { "type": "Point", "coordinates": [ 4.8614738, 45.7520306 ] } },
{ "type": "Feature", "properties": { "technicien": "Christopher WILTORD", "secteur": 53 }, "geometry": { "type": "Point", "coordinates": [ 4.8614738, 45.7520306 ] } },
{ "type": "Feature", "properties": { "technicien": "Christopher WILTORD", "secteur": 53 }, "geometry": { "type": "Point", "coordinates": [ 4.8614738, 45.7520306 ] } },
{ "type": "Feature", "properties": { "technicien": "Christopher WILTORD", "secteur": 53 }, "geometry": { "type": "Point", "coordinates": [ 4.8614738, 45.7520306 ] } },
{ "type": "Feature", "properties": { "technicien": "Christopher WILTORD", "secteur": 53 }, "geometry": { "type": "Point", "coordinates": [ 4.8614738, 45.7520306 ] } },
{ "type": "Feature", "properties": { "technicien": "Christopher WILTORD", "secteur": 53 }, "geometry": { "type": "Point", "coordinates": [ 4.8614738, 45.7520306 ] } },
{ "type": "Feature", "properties": { "technicien": "Christopher WILTORD", "secteur": 53 }, "geometry": { "type": "Point", "coordinates": [ 4.8614738, 45.7520306 ] } },
{ "type": "Feature", "properties": { "technicien": "Christopher WILTORD", "secteur": 53 }, "geometry": { "type": "Point", "coordinates": [ 4.8614738, 45.7520306 ] } },
{ "type": "Feature", "properties": { "technicien": "Romain RICORDEAU ", "secteur": 21 }, "geometry": { "type": "Point", "coordinates": [ 4.8614738, 45.7520306 ] } },
{ "type": "Feature", "properties": { "technicien": "Romain RICORDEAU ", "secteur": 21 }, "geometry": { "type": "Point", "coordinates": [ 4.8614738, 45.7520306 ] } },
{ "type": "Feature", "properties": { "technicien": "Romain RICORDEAU ", "secteur": 21 }, "geometry": { "type": "Point", "coordinates": [ 4.8614738, 45.7520306 ] } },
{ "type": "Feature", "properties": { "technicien": "Romain RICORDEAU ", "secteur": 21 }, "geometry": { "type": "Point", "coordinates": [ 4.8614738, 45.7520306 ] } },
{ "type": "Feature", "properties": { "technicien": "Romain RICORDEAU ", "secteur": 21 }, "geometry": { "type": "Point", "coordinates": [ 4.8614738, 45.7520306 ] } },
{ "type": "Feature", "properties": { "technicien": "Romain RICORDEAU ", "secteur": 21 }, "geometry": { "type": "Point", "coordinates": [ 4.8614738, 45.7520306 ] } },
{ "type": "Feature", "properties": { "technicien": "Romain RICORDEAU ", "secteur": 21 }, "geometry": { "type": "Point", "coordinates": [ 4.8614738, 45.7520306 ] } },
{ "type": "Feature", "properties": { "technicien": "Romain RICORDEAU ", "secteur": 21 }, "geometry": { "type": "Point", "coordinates": [ 4.8614738, 45.7520306 ] } },
{ "type": "Feature", "properties": { "technicien": "Romain RICORDEAU ", "secteur": 21 }, "geometry": { "type": "Point", "coordinates": [ 4.8614738, 45.7520306 ] } },
{ "type": "Feature", "properties": { "technicien": "Romain RICORDEAU ", "secteur": 21 }, "geometry": { "type": "Point", "coordinates": [ 4.8614738, 45.7520306 ] } },
{ "type": "Feature", "properties": { "technicien": "Romain RICORDEAU ", "secteur": 21 }, "geometry": { "type": "Point", "coordinates": [ 4.8614738, 45.7520306 ] } },
{ "type": "Feature", "properties": { "technicien": "Romain RICORDEAU ", "secteur": 21 }, "geometry": { "type": "Point", "coordinates": [ 4.8614738, 45.7520306 ] } },
{ "type": "Feature", "properties": { "technicien": "Romain RICORDEAU ", "secteur": 21 }, "geometry": { "type": "Point", "coordinates": [ 4.8614738, 45.7520306 ] } },
{ "type": "Feature", "properties": { "technicien": "Romain RICORDEAU ", "secteur": 21 }, "geometry": { "type": "Point", "coordinates": [ 4.8614738, 45.7520306 ] } },
{ "type": "Feature", "properties": { "technicien": "Romain RICORDEAU ", "secteur": 21 }, "geometry": { "type": "Point", "coordinates": [ 4.8614738, 45.7520306 ] } },
{ "type": "Feature", "properties": { "technicien": "Romain RICORDEAU ", "secteur": 21 }, "geometry": { "type": "Point", "coordinates": [ 4.8614738, 45.7520306 ] } },
{ "type": "Feature", "properties": { "technicien": "Romain RICORDEAU ", "secteur": 21 }, "geometry": { "type": "Point", "coordinates": [ 4.8614738, 45.7520306 ] } },
{ "type": "Feature", "properties": { "technicien": "Romain RICORDEAU ", "secteur": 21 }, "geometry": { "type": "Point", "coordinates": [ 4.8614738, 45.7520306 ] } },
{ "type": "Feature", "properties": { "technicien": "Romain RICORDEAU ", "secteur": 21 }, "geometry": { "type": "Point", "coordinates": [ 4.8614738, 45.7520306 ] } },
{ "type": "Feature", "properties": { "technicien": "Romain RICORDEAU ", "secteur": 21 }, "geometry": { "type": "Point", "coordinates": [ 4.8614738, 45.7520306 ] } },
{ "type": "Feature", "properties": { "technicien": "Romain RICORDEAU ", "secteur": 21 }, "geometry": { "type": "Point", "coordinates": [ 4.8614738, 45.7520306 ] } },
{ "type": "Feature", "properties": { "technicien": "Romain RICORDEAU ", "secteur": 21 }, "geometry": { "type": "Point", "coordinates": [ 4.8614738, 45.7520306 ] } },
{ "type": "Feature", "properties": { "technicien": "Romain RICORDEAU ", "secteur": 21 }, "geometry": { "type": "Point", "coordinates": [ 4.8614738, 45.7520306 ] } },
{ "type": "Feature", "properties": { "technicien": "Romain RICORDEAU ", "secteur": 21 }, "geometry": { "type": "Point", "coordinates": [ 4.8614738, 45.7520306 ] } },
{ "type": "Feature", "properties": { "technicien": "Romain RICORDEAU ", "secteur": 21 }, "geometry": { "type": "Point", "coordinates": [ 4.8614738, 45.7520306 ] } },
{ "type": "Feature", "properties": { "technicien": "Romain RICORDEAU ", "secteur": 21 }, "geometry": { "type": "Point", "coordinates": [ 4.8614738, 45.7520306 ] } },
{ "type": "Feature", "properties": { "technicien": "Romain RICORDEAU ", "secteur": 21 }, "geometry": { "type": "Point", "coordinates": [ 4.8614738, 45.7520306 ] } },
{ "type": "Feature", "properties": { "technicien": "Romain RICORDEAU ", "secteur": 21 }, "geometry": { "type": "Point", "coordinates": [ 4.8614738, 45.7520306 ] } },
{ "type": "Feature", "properties": { "technicien": "Romain RICORDEAU ", "secteur": 21 }, "geometry": { "type": "Point", "coordinates": [ 4.8614738, 45.7520306 ] } },
{ "type": "Feature", "properties": { "technicien": "Yaya DOUCOURE ", "secteur": 56 }, "geometry": { "type": "Point", "coordinates": [ 4.8243321, 45.7427262 ] } },
{ "type": "Feature", "properties": { "technicien": "Yaya DOUCOURE ", "secteur": 56 }, "geometry": { "type": "Point", "coordinates": [ 4.8246396, 45.7426007 ] } },
{ "type": "Feature", "properties": { "technicien": "Yaya DOUCOURE ", "secteur": 56 }, "geometry": { "type": "Point", "coordinates": [ 4.8243188, 45.7430689 ] } },
{ "type": "Feature", "properties": { "technicien": "Yaya DOUCOURE ", "secteur": 56 }, "geometry": { "type": "Point", "coordinates": [ 4.8242992, 45.7431773 ] } },
{ "type": "Feature", "properties": { "technicien": "Yaya DOUCOURE ", "secteur": 56 }, "geometry": { "type": "Point", "coordinates": [ 4.8278631, 45.7474671 ] } },
{ "type": "Feature", "properties": { "technicien": "Mohamed BESSAFI", "secteur": 45 }, "geometry": { "type": "Point", "coordinates": [ 4.8621295, 45.7442823 ] } },
{ "type": "Feature", "properties": { "technicien": "Guillaume LANGLOIS", "secteur": 70 }, "geometry": { "type": "Point", "coordinates": [ 5.0035646, 45.766801 ] } },
{ "type": "Feature", "properties": { "technicien": "Guillaume LANGLOIS", "secteur": 70 }, "geometry": { "type": "Point", "coordinates": [ 5.0036694, 45.767032 ] } },
{ "type": "Feature", "properties": { "technicien": "Guillaume LANGLOIS", "secteur": 70 }, "geometry": { "type": "Point", "coordinates": [ 5.0037151, 45.767416 ] } },
{ "type": "Feature", "properties": { "technicien": "Guillaume LANGLOIS", "secteur": 70 }, "geometry": { "type": "Point", "coordinates": [ 5.0037151, 45.767416 ] } },
{ "type": "Feature", "properties": { "technicien": "Guillaume LANGLOIS", "secteur": 70 }, "geometry": { "type": "Point", "coordinates": [ 5.1100672, 45.7532375 ] } },
{ "type": "Feature", "properties": { "technicien": "Yann GENIEIS", "secteur": 73 }, "geometry": { "type": "Point", "coordinates": [ 4.8092389, 45.7296855 ] } },
{ "type": "Feature", "properties": { "technicien": "Nefis ALIOUCHE", "secteur": 47 }, "geometry": { "type": "Point", "coordinates": [ 4.8339506, 45.7874941 ] } },
{ "type": "Feature", "properties": { "technicien": "Nefis ALIOUCHE", "secteur": 47 }, "geometry": { "type": "Point", "coordinates": [ 4.8337359, 45.7875442 ] } },
{ "type": "Feature", "properties": { "technicien": "Nefis ALIOUCHE", "secteur": 47 }, "geometry": { "type": "Point", "coordinates": [ 4.8335336, 45.7875914 ] } },
{ "type": "Feature", "properties": { "technicien": "Nefis ALIOUCHE", "secteur": 47 }, "geometry": { "type": "Point", "coordinates": [ 4.8330125, 45.787625 ] } },
{ "type": "Feature", "properties": { "technicien": "Nefis ALIOUCHE", "secteur": 47 }, "geometry": { "type": "Point", "coordinates": [ 4.832946, 45.7874837 ] } },
{ "type": "Feature", "properties": { "technicien": "Nefis ALIOUCHE", "secteur": 47 }, "geometry": { "type": "Point", "coordinates": [ 4.8326275, 45.7875494 ] } },
{ "type": "Feature", "properties": { "technicien": "Nefis ALIOUCHE", "secteur": 47 }, "geometry": { "type": "Point", "coordinates": [ 4.8252987, 45.7745338 ] } },
{ "type": "Feature", "properties": { "technicien": "Luc CHAROLLAIS", "secteur": 27 }, "geometry": { "type": "Point", "coordinates": [ 4.8780742, 45.7575273 ] } },
{ "type": "Feature", "properties": { "technicien": "Guillaume LANGLOIS", "secteur": 70 }, "geometry": { "type": "Point", "coordinates": [ 4.8730705, 45.8246034 ] } },
{ "type": "Feature", "properties": { "technicien": "Guillaume LANGLOIS", "secteur": 70 }, "geometry": { "type": "Point", "coordinates": [ 4.8732187, 45.8247974 ] } },
{ "type": "Feature", "properties": { "technicien": "Guillaume LANGLOIS", "secteur": 70 }, "geometry": { "type": "Point", "coordinates": [ 4.8703712, 45.827305 ] } },
{ "type": "Feature", "properties": { "technicien": "Guillaume LANGLOIS", "secteur": 70 }, "geometry": { "type": "Point", "coordinates": [ 4.8703712, 45.827305 ] } },
{ "type": "Feature", "properties": { "technicien": "Guillaume LANGLOIS", "secteur": 70 }, "geometry": { "type": "Point", "coordinates": [ 4.8736016, 45.8222841 ] } },
{ "type": "Feature", "properties": { "technicien": "Luc CHAROLLAIS", "secteur": 27 }, "geometry": { "type": "Point", "coordinates": [ 4.8783741, 45.7778386 ] } },
{ "type": "Feature", "properties": { "technicien": "Mohamed BESSAFI", "secteur": 45 }, "geometry": { "type": "Point", "coordinates": [ 4.9195676, 45.7032341 ] } },
{ "type": "Feature", "properties": { "technicien": "Aurélien GUERIN", "secteur": 6 }, "geometry": { "type": "Point", "coordinates": [ 4.7771182, 45.8039814 ] } },
{ "type": "Feature", "properties": { "technicien": "Guillaume LANGLOIS", "secteur": 70 }, "geometry": { "type": "Point", "coordinates": [ 4.9803893, 45.7680302 ] } },
{ "type": "Feature", "properties": { "technicien": "Guillaume LANGLOIS", "secteur": 70 }, "geometry": { "type": "Point", "coordinates": [ 4.9803893, 45.7680302 ] } },
{ "type": "Feature", "properties": { "technicien": "Nefis ALIOUCHE", "secteur": 47 }, "geometry": { "type": "Point", "coordinates": [ 4.9209106, 45.7605705 ] } },
{ "type": "Feature", "properties": { "technicien": "Nefis ALIOUCHE", "secteur": 47 }, "geometry": { "type": "Point", "coordinates": [ 4.9209106, 45.7605705 ] } },
{ "type": "Feature", "properties": { "technicien": "Nefis ALIOUCHE", "secteur": 47 }, "geometry": { "type": "Point", "coordinates": [ 4.9209106, 45.7605705 ] } },
{ "type": "Feature", "properties": { "technicien": "Nefis ALIOUCHE", "secteur": 47 }, "geometry": { "type": "Point", "coordinates": [ 4.9209106, 45.7605705 ] } },
{ "type": "Feature", "properties": { "technicien": "Nefis ALIOUCHE", "secteur": 47 }, "geometry": { "type": "Point", "coordinates": [ 4.9209106, 45.7605705 ] } },
{ "type": "Feature", "properties": { "technicien": "Nefis ALIOUCHE", "secteur": 47 }, "geometry": { "type": "Point", "coordinates": [ 4.9209106, 45.7605705 ] } },
{ "type": "Feature", "properties": { "technicien": "Yaya DOUCOURE ", "secteur": 56 }, "geometry": { "type": "Point", "coordinates": [ 4.8304748, 45.7500656 ] } },
{ "type": "Feature", "properties": { "technicien": "Olivier VUILLAUME ", "secteur": 58 }, "geometry": { "type": "Point", "coordinates": [ 4.958807, 45.7182604 ] } },
{ "type": "Feature", "properties": { "technicien": "Romain RICORDEAU ", "secteur": 21 }, "geometry": { "type": "Point", "coordinates": [ 5.0173514, 45.7376915 ] } },
{ "type": "Feature", "properties": { "technicien": "Romain RICORDEAU ", "secteur": 21 }, "geometry": { "type": "Point", "coordinates": [ 5.0173514, 45.7376915 ] } },
{ "type": "Feature", "properties": { "technicien": "Yann GENIEIS", "secteur": 73 }, "geometry": { "type": "Point", "coordinates": [ 4.385291, 45.424904 ] } },
{ "type": "Feature", "properties": { "technicien": "Yann GENIEIS", "secteur": 73 }, "geometry": { "type": "Point", "coordinates": [ 4.7228155, 45.817407 ] } },
{ "type": "Feature", "properties": { "technicien": "Yann GENIEIS", "secteur": 73 }, "geometry": { "type": "Point", "coordinates": [ 4.8599366, 45.674595 ] } },
{ "type": "Feature", "properties": { "technicien": "Yann GENIEIS", "secteur": 73 }, "geometry": { "type": "Point", "coordinates": [ 4.8559905, 45.7252459 ] } },
{ "type": "Feature", "properties": { "technicien": "Yann GENIEIS", "secteur": 73 }, "geometry": { "type": "Point", "coordinates": [ 4.8559905, 45.7252459 ] } },
{ "type": "Feature", "properties": { "technicien": "Yaya DOUCOURE ", "secteur": 56 }, "geometry": { "type": "Point", "coordinates": [ 4.820625, 45.740531 ] } },
{ "type": "Feature", "properties": { "technicien": "Romain RICORDEAU ", "secteur": 21 }, "geometry": { "type": "Point", "coordinates": [ 4.8448278, 45.745277 ] } },
{ "type": "Feature", "properties": { "technicien": "Olivier VUILLAUME ", "secteur": 58 }, "geometry": { "type": "Point", "coordinates": [ 5.0074976, 45.8401727 ] } },
{ "type": "Feature", "properties": { "technicien": "Olivier VUILLAUME ", "secteur": 58 }, "geometry": { "type": "Point", "coordinates": [ 5.0074976, 45.8401727 ] } },
{ "type": "Feature", "properties": { "technicien": "Yaya DOUCOURE ", "secteur": 56 }, "geometry": { "type": "Point", "coordinates": [ 4.8317381, 45.7729801 ] } },
{ "type": "Feature", "properties": { "technicien": "Kenzy CHABBI", "secteur": 71 }, "geometry": { "type": "Point", "coordinates": [ 4.8248427, 45.6998404 ] } },
{ "type": "Feature", "properties": { "technicien": "Olivier VUILLAUME ", "secteur": 58 }, "geometry": { "type": "Point", "coordinates": [ 5.047817, 45.686323 ] } },
{ "type": "Feature", "properties": { "technicien": "Yann GENIEIS", "secteur": 73 }, "geometry": { "type": "Point", "coordinates": [ 4.7897661, 45.7165849 ] } },
{ "type": "Feature", "properties": { "technicien": "Yann GENIEIS", "secteur": 73 }, "geometry": { "type": "Point", "coordinates": [ 4.7795246, 45.7467267 ] } },
{ "type": "Feature", "properties": { "technicien": "Nefis ALIOUCHE", "secteur": 47 }, "geometry": { "type": "Point", "coordinates": [ 4.8353159, 45.7806133 ] } },
{ "type": "Feature", "properties": { "technicien": "Yaya DOUCOURE ", "secteur": 56 }, "geometry": { "type": "Point", "coordinates": [ 4.8417401, 45.7650685 ] } },
{ "type": "Feature", "properties": { "technicien": "Romain RICORDEAU ", "secteur": 21 }, "geometry": { "type": "Point", "coordinates": [ 4.9785554, 45.7181602 ] } },
{ "type": "Feature", "properties": { "technicien": "Romain RICORDEAU ", "secteur": 21 }, "geometry": { "type": "Point", "coordinates": [ 4.9790168, 45.7185703 ] } },
{ "type": "Feature", "properties": { "technicien": "Christopher WILTORD", "secteur": 53 }, "geometry": { "type": "Point", "coordinates": [ 4.8614738, 45.7520306 ] } },
{ "type": "Feature", "properties": { "technicien": "Yaya DOUCOURE ", "secteur": 56 }, "geometry": { "type": "Point", "coordinates": [ 4.8303938, 45.7590461 ] } },
{ "type": "Feature", "properties": { "technicien": "Yaya DOUCOURE ", "secteur": 56 }, "geometry": { "type": "Point", "coordinates": [ 4.8303938, 45.7590461 ] } },
{ "type": "Feature", "properties": { "technicien": "Romain RICORDEAU ", "secteur": 21 }, "geometry": { "type": "Point", "coordinates": [ 4.8242235, 45.7469562 ] } },
{ "type": "Feature", "properties": { "technicien": "Romain RICORDEAU ", "secteur": 21 }, "geometry": { "type": "Point", "coordinates": [ 4.8242235, 45.7469562 ] } },
{ "type": "Feature", "properties": { "technicien": "Romain RICORDEAU ", "secteur": 21 }, "geometry": { "type": "Point", "coordinates": [ 4.8242235, 45.7469562 ] } },
{ "type": "Feature", "properties": { "technicien": "Nouredine BOUNAAS", "secteur": 72 }, "geometry": { "type": "Point", "coordinates": [ 4.7952133, 45.7826742 ] } },
{ "type": "Feature", "properties": { "technicien": "Nouredine BOUNAAS", "secteur": 72 }, "geometry": { "type": "Point", "coordinates": [ 4.7952133, 45.7826742 ] } },
{ "type": "Feature", "properties": { "technicien": "Nouredine BOUNAAS", "secteur": 72 }, "geometry": { "type": "Point", "coordinates": [ 4.7952133, 45.7826742 ] } },
{ "type": "Feature", "properties": { "technicien": "Nouredine BOUNAAS", "secteur": 72 }, "geometry": { "type": "Point", "coordinates": [ 4.7952133, 45.7826742 ] } },
{ "type": "Feature", "properties": { "technicien": "Nouredine BOUNAAS", "secteur": 72 }, "geometry": { "type": "Point", "coordinates": [ 4.7952133, 45.7826742 ] } },
{ "type": "Feature", "properties": { "technicien": "Nouredine BOUNAAS", "secteur": 72 }, "geometry": { "type": "Point", "coordinates": [ 4.7952133, 45.7826742 ] } },
{ "type": "Feature", "properties": { "technicien": "Aurélien GUERIN", "secteur": 6 }, "geometry": { "type": "Point", "coordinates": [ 4.7655999, 45.822877 ] } },
{ "type": "Feature", "properties": { "technicien": "Christopher WILTORD", "secteur": 53 }, "geometry": { "type": "Point", "coordinates": [ 4.8523291, 45.7544215 ] } },
{ "type": "Feature", "properties": { "technicien": "Yaya DOUCOURE ", "secteur": 56 }, "geometry": { "type": "Point", "coordinates": [ 4.8349825, 45.7652439 ] } },
{ "type": "Feature", "properties": { "technicien": "Luc CHAROLLAIS", "secteur": 27 }, "geometry": { "type": "Point", "coordinates": [ 4.8952504, 45.7558252 ] } },
{ "type": "Feature", "properties": { "technicien": "Aurélien GUERIN", "secteur": 6 }, "geometry": { "type": "Point", "coordinates": [ 4.8329575, 45.8283602 ] } },
{ "type": "Feature", "properties": { "technicien": "Aurélien GUERIN", "secteur": 6 }, "geometry": { "type": "Point", "coordinates": [ 4.8329575, 45.8283602 ] } },
{ "type": "Feature", "properties": { "technicien": "Nouredine BOUNAAS", "secteur": 72 }, "geometry": { "type": "Point", "coordinates": [ 4.8048036, 45.7686018 ] } },
{ "type": "Feature", "properties": { "technicien": "Nouredine BOUNAAS", "secteur": 72 }, "geometry": { "type": "Point", "coordinates": [ 4.8048514, 45.7683638 ] } },
{ "type": "Feature", "properties": { "technicien": "Romain RICORDEAU ", "secteur": 21 }, "geometry": { "type": "Point", "coordinates": [ 4.8303938, 45.7590461 ] } },
{ "type": "Feature", "properties": { "technicien": "Romain RICORDEAU ", "secteur": 21 }, "geometry": { "type": "Point", "coordinates": [ 4.8303938, 45.7590461 ] } },
{ "type": "Feature", "properties": { "technicien": "Nefis ALIOUCHE", "secteur": 47 }, "geometry": { "type": "Point", "coordinates": [ 4.8346349, 45.7672764 ] } },
{ "type": "Feature", "properties": { "technicien": "Romain RICORDEAU ", "secteur": 21 }, "geometry": { "type": "Point", "coordinates": [ 4.8346349, 45.7672764 ] } },
{ "type": "Feature", "properties": { "technicien": "Romain RICORDEAU ", "secteur": 21 }, "geometry": { "type": "Point", "coordinates": [ 4.8440687, 45.7636837 ] } },
{ "type": "Feature", "properties": { "technicien": "Khalil BELLAL", "secteur": 65 }, "geometry": { "type": "Point", "coordinates": [ 4.9339642, 45.7112293 ] } },
{ "type": "Feature", "properties": { "technicien": "Yann GENIEIS", "secteur": 73 }, "geometry": { "type": "Point", "coordinates": [ 4.7567709, 45.7464841 ] } },
{ "type": "Feature", "properties": { "technicien": "Yann GENIEIS", "secteur": 73 }, "geometry": { "type": "Point", "coordinates": [ 4.769731, 45.7604499 ] } },
{ "type": "Feature", "properties": { "technicien": "Yann GENIEIS", "secteur": 73 }, "geometry": { "type": "Point", "coordinates": [ 4.769731, 45.7604499 ] } },
{ "type": "Feature", "properties": { "technicien": "Mohamed BESSAFI", "secteur": 45 }, "geometry": { "type": "Point", "coordinates": [ 4.8427949, 45.7540317 ] } },
{ "type": "Feature", "properties": { "technicien": "Romain RICORDEAU ", "secteur": 21 }, "geometry": { "type": "Point", "coordinates": [ 4.8518376, 45.7528377 ] } },
{ "type": "Feature", "properties": { "technicien": "Romain RICORDEAU ", "secteur": 21 }, "geometry": { "type": "Point", "coordinates": [ 4.8518376, 45.7528377 ] } },
{ "type": "Feature", "properties": { "technicien": "Nouredine BOUNAAS", "secteur": 72 }, "geometry": { "type": "Point", "coordinates": [ 4.8048326, 45.768456 ] } },
{ "type": "Feature", "properties": { "technicien": "Guillaume LANGLOIS", "secteur": 70 }, "geometry": { "type": "Point", "coordinates": [ 4.8090146, 45.3644633 ] } },
{ "type": "Feature", "properties": { "technicien": "Romain RICORDEAU ", "secteur": 21 }, "geometry": { "type": "Point", "coordinates": [ 4.8902756, 45.7520399 ] } },
{ "type": "Feature", "properties": { "technicien": "Romain RICORDEAU ", "secteur": 21 }, "geometry": { "type": "Point", "coordinates": [ 4.8902756, 45.7520399 ] } },
{ "type": "Feature", "properties": { "technicien": "Romain RICORDEAU ", "secteur": 21 }, "geometry": { "type": "Point", "coordinates": [ 4.8895299, 45.7518977 ] } },
{ "type": "Feature", "properties": { "technicien": "Guillaume LANGLOIS", "secteur": 70 }, "geometry": { "type": "Point", "coordinates": [ 5.2095077, 45.7876384 ] } },
{ "type": "Feature", "properties": { "technicien": "Romain RICORDEAU ", "secteur": 21 }, "geometry": { "type": "Point", "coordinates": [ 4.8819381, 45.7464294 ] } },
{ "type": "Feature", "properties": { "technicien": "Christopher WILTORD", "secteur": 53 }, "geometry": { "type": "Point", "coordinates": [ 4.8729918, 45.751725 ] } },
{ "type": "Feature", "properties": { "technicien": "Guillaume LANGLOIS", "secteur": 70 }, "geometry": { "type": "Point", "coordinates": [ 4.8676557, 45.5237647 ] } },
{ "type": "Feature", "properties": { "technicien": "Yaya DOUCOURE ", "secteur": 56 }, "geometry": { "type": "Point", "coordinates": [ 4.8593574, 45.7662392 ] } },
{ "type": "Feature", "properties": { "technicien": "Luc CHAROLLAIS", "secteur": 27 }, "geometry": { "type": "Point", "coordinates": [ 5.0735504, 45.7274128 ] } },
{ "type": "Feature", "properties": { "technicien": "Romain RICORDEAU ", "secteur": 21 }, "geometry": { "type": "Point", "coordinates": [ 4.9987603, 45.7670864 ] } },
{ "type": "Feature", "properties": { "technicien": "Romain RICORDEAU ", "secteur": 21 }, "geometry": { "type": "Point", "coordinates": [ 4.99927, 45.7673205 ] } },
{ "type": "Feature", "properties": { "technicien": "Romain RICORDEAU ", "secteur": 21 }, "geometry": { "type": "Point", "coordinates": [ 4.99927, 45.7673205 ] } },
{ "type": "Feature", "properties": { "technicien": "Nouredine BOUNAAS", "secteur": 72 }, "geometry": { "type": "Point", "coordinates": [ 4.8182024, 45.7610406 ] } },
{ "type": "Feature", "properties": { "technicien": "Yaya DOUCOURE ", "secteur": 56 }, "geometry": { "type": "Point", "coordinates": [ 4.8512867, 45.7658137 ] } },
{ "type": "Feature", "properties": { "technicien": "Yaya DOUCOURE ", "secteur": 56 }, "geometry": { "type": "Point", "coordinates": [ 4.8350084, 45.7553917 ] } },
{ "type": "Feature", "properties": { "technicien": "Christopher WILTORD", "secteur": 53 }, "geometry": { "type": "Point", "coordinates": [ 4.8503304, 45.7535268 ] } },
{ "type": "Feature", "properties": { "technicien": "Christopher WILTORD", "secteur": 53 }, "geometry": { "type": "Point", "coordinates": [ 4.8503304, 45.7535268 ] } },
{ "type": "Feature", "properties": { "technicien": "Christopher WILTORD", "secteur": 53 }, "geometry": { "type": "Point", "coordinates": [ 4.8503304, 45.7535268 ] } },
{ "type": "Feature", "properties": { "technicien": "Christopher WILTORD", "secteur": 53 }, "geometry": { "type": "Point", "coordinates": [ 4.8503304, 45.7535268 ] } },
{ "type": "Feature", "properties": { "technicien": "Christopher WILTORD", "secteur": 53 }, "geometry": { "type": "Point", "coordinates": [ 4.8503304, 45.7535268 ] } },
{ "type": "Feature", "properties": { "technicien": "Christopher WILTORD", "secteur": 53 }, "geometry": { "type": "Point", "coordinates": [ 4.8503304, 45.7535268 ] } },
{ "type": "Feature", "properties": { "technicien": "Christopher WILTORD", "secteur": 53 }, "geometry": { "type": "Point", "coordinates": [ 4.8503304, 45.7535268 ] } },
{ "type": "Feature", "properties": { "technicien": "Christopher WILTORD", "secteur": 53 }, "geometry": { "type": "Point", "coordinates": [ 4.8503304, 45.7535268 ] } },
{ "type": "Feature", "properties": { "technicien": "Christopher WILTORD", "secteur": 53 }, "geometry": { "type": "Point", "coordinates": [ 4.8503304, 45.7535268 ] } },
{ "type": "Feature", "properties": { "technicien": "Christopher WILTORD", "secteur": 53 }, "geometry": { "type": "Point", "coordinates": [ 4.8503304, 45.7535268 ] } },
{ "type": "Feature", "properties": { "technicien": "Christopher WILTORD", "secteur": 53 }, "geometry": { "type": "Point", "coordinates": [ 4.8503304, 45.7535268 ] } },
{ "type": "Feature", "properties": { "technicien": "Christopher WILTORD", "secteur": 53 }, "geometry": { "type": "Point", "coordinates": [ 4.8503304, 45.7535268 ] } },
{ "type": "Feature", "properties": { "technicien": "Christopher WILTORD", "secteur": 53 }, "geometry": { "type": "Point", "coordinates": [ 4.8503304, 45.7535268 ] } },
{ "type": "Feature", "properties": { "technicien": "Romain RICORDEAU ", "secteur": 21 }, "geometry": { "type": "Point", "coordinates": [ 4.8182024, 45.7610406 ] } },
{ "type": "Feature", "properties": { "technicien": "Romain RICORDEAU ", "secteur": 21 }, "geometry": { "type": "Point", "coordinates": [ 4.8182024, 45.7610406 ] } },
{ "type": "Feature", "properties": { "technicien": "Nouredine BOUNAAS", "secteur": 72 }, "geometry": { "type": "Point", "coordinates": [ 4.8183193, 45.76083 ] } },
{ "type": "Feature", "properties": { "technicien": "Nouredine BOUNAAS", "secteur": 72 }, "geometry": { "type": "Point", "coordinates": [ 4.8178992, 45.760938 ] } },
{ "type": "Feature", "properties": { "technicien": "Yann GENIEIS", "secteur": 73 }, "geometry": { "type": "Point", "coordinates": [ 4.8267808, 45.6865685 ] } },
{ "type": "Feature", "properties": { "technicien": "Romain RICORDEAU ", "secteur": 21 }, "geometry": { "type": "Point", "coordinates": [ 4.878289, 45.743293 ] } },
{ "type": "Feature", "properties": { "technicien": "Yann GENIEIS", "secteur": 73 }, "geometry": { "type": "Point", "coordinates": [ 4.7569698, 45.7466679 ] } },
{ "type": "Feature", "properties": { "technicien": "Yann GENIEIS", "secteur": 73 }, "geometry": { "type": "Point", "coordinates": [ 4.7575934, 45.7461912 ] } },
{ "type": "Feature", "properties": { "technicien": "Mohamed BESSAFI", "secteur": 45 }, "geometry": { "type": "Point", "coordinates": [ 4.8783272, 45.7383512 ] } },
{ "type": "Feature", "properties": { "technicien": "Guillaume LANGLOIS", "secteur": 70 }, "geometry": { "type": "Point", "coordinates": [ 4.874305, 45.526886 ] } },
{ "type": "Feature", "properties": { "technicien": "Olivier VUILLAUME ", "secteur": 58 }, "geometry": { "type": "Point", "coordinates": [ 5.2456357, 45.7247694 ] } },
{ "type": "Feature", "properties": { "technicien": "Kenzy CHABBI", "secteur": 71 }, "geometry": { "type": "Point", "coordinates": [ 4.9154129, 45.7311757 ] } },
{ "type": "Feature", "properties": { "technicien": "Olivier VUILLAUME ", "secteur": 58 }, "geometry": { "type": "Point", "coordinates": [ 4.9714063, 45.7294721 ] } },
{ "type": "Feature", "properties": { "technicien": "Olivier VUILLAUME ", "secteur": 58 }, "geometry": { "type": "Point", "coordinates": [ 4.9714063, 45.7294721 ] } },
{ "type": "Feature", "properties": { "technicien": "Olivier VUILLAUME ", "secteur": 58 }, "geometry": { "type": "Point", "coordinates": [ 4.9714063, 45.7294721 ] } },
{ "type": "Feature", "properties": { "technicien": "Olivier VUILLAUME ", "secteur": 58 }, "geometry": { "type": "Point", "coordinates": [ 4.9714063, 45.7294721 ] } },
{ "type": "Feature", "properties": { "technicien": "Olivier VUILLAUME ", "secteur": 58 }, "geometry": { "type": "Point", "coordinates": [ 4.9714063, 45.7294721 ] } },
{ "type": "Feature", "properties": { "technicien": "Olivier VUILLAUME ", "secteur": 58 }, "geometry": { "type": "Point", "coordinates": [ 4.9714063, 45.7294721 ] } },
{ "type": "Feature", "properties": { "technicien": "Olivier VUILLAUME ", "secteur": 58 }, "geometry": { "type": "Point", "coordinates": [ 4.9714063, 45.7294721 ] } },
{ "type": "Feature", "properties": { "technicien": "Olivier VUILLAUME ", "secteur": 58 }, "geometry": { "type": "Point", "coordinates": [ 4.9714063, 45.7294721 ] } },
{ "type": "Feature", "properties": { "technicien": "Olivier VUILLAUME ", "secteur": 58 }, "geometry": { "type": "Point", "coordinates": [ 4.9714063, 45.7294721 ] } },
{ "type": "Feature", "properties": { "technicien": "Olivier VUILLAUME ", "secteur": 58 }, "geometry": { "type": "Point", "coordinates": [ 4.9714063, 45.7294721 ] } },
{ "type": "Feature", "properties": { "technicien": "Olivier VUILLAUME ", "secteur": 58 }, "geometry": { "type": "Point", "coordinates": [ 4.9714063, 45.7294721 ] } },
{ "type": "Feature", "properties": { "technicien": "Olivier VUILLAUME ", "secteur": 58 }, "geometry": { "type": "Point", "coordinates": [ 4.9714063, 45.7294721 ] } },
{ "type": "Feature", "properties": { "technicien": "Olivier VUILLAUME ", "secteur": 58 }, "geometry": { "type": "Point", "coordinates": [ 4.9714063, 45.7294721 ] } },
{ "type": "Feature", "properties": { "technicien": "Romain RICORDEAU ", "secteur": 21 }, "geometry": { "type": "Point", "coordinates": [ 4.8444739, 45.761247 ] } },
{ "type": "Feature", "properties": { "technicien": "Yann GENIEIS", "secteur": 73 }, "geometry": { "type": "Point", "coordinates": [ 4.8195761, 45.716429 ] } },
{ "type": "Feature", "properties": { "technicien": "Yann GENIEIS", "secteur": 73 }, "geometry": { "type": "Point", "coordinates": [ 4.8195761, 45.716429 ] } },
{ "type": "Feature", "properties": { "technicien": "Yann GENIEIS", "secteur": 73 }, "geometry": { "type": "Point", "coordinates": [ 4.8712852, 45.5242348 ] } },
{ "type": "Feature", "properties": { "technicien": "Yann GENIEIS", "secteur": 73 }, "geometry": { "type": "Point", "coordinates": [ 4.8712852, 45.5242348 ] } },
{ "type": "Feature", "properties": { "technicien": "Olivier VUILLAUME ", "secteur": 58 }, "geometry": { "type": "Point", "coordinates": [ 4.942784, 45.6996601 ] } },
{ "type": "Feature", "properties": { "technicien": "Olivier VUILLAUME ", "secteur": 58 }, "geometry": { "type": "Point", "coordinates": [ 4.942784, 45.6996601 ] } },
{ "type": "Feature", "properties": { "technicien": "Yann GENIEIS", "secteur": 73 }, "geometry": { "type": "Point", "coordinates": [ 4.8085711, 45.7161876 ] } },
{ "type": "Feature", "properties": { "technicien": "Yann GENIEIS", "secteur": 73 }, "geometry": { "type": "Point", "coordinates": [ 4.8085711, 45.7161876 ] } },
{ "type": "Feature", "properties": { "technicien": "Yann GENIEIS", "secteur": 73 }, "geometry": { "type": "Point", "coordinates": [ 4.8640854, 45.7256055 ] } },
{ "type": "Feature", "properties": { "technicien": "Yann GENIEIS", "secteur": 73 }, "geometry": { "type": "Point", "coordinates": [ 4.8640854, 45.7256055 ] } },
{ "type": "Feature", "properties": { "technicien": "Romain RICORDEAU ", "secteur": 21 }, "geometry": { "type": "Point", "coordinates": [ 4.8881102, 45.7537791 ] } },
{ "type": "Feature", "properties": { "technicien": "Romain RICORDEAU ", "secteur": 21 }, "geometry": { "type": "Point", "coordinates": [ 4.8881102, 45.7537791 ] } },
{ "type": "Feature", "properties": { "technicien": "Romain RICORDEAU ", "secteur": 21 }, "geometry": { "type": "Point", "coordinates": [ 4.8320645, 45.7753344 ] } },
{ "type": "Feature", "properties": { "technicien": "Olivier VUILLAUME ", "secteur": 58 }, "geometry": { "type": "Point", "coordinates": [ 5.2456357, 45.7247694 ] } },
{ "type": "Feature", "properties": { "technicien": "Yann GENIEIS", "secteur": 73 }, "geometry": { "type": "Point", "coordinates": [ 4.3318962, 45.9722506 ] } },
{ "type": "Feature", "properties": { "technicien": "Romain RICORDEAU ", "secteur": 21 }, "geometry": { "type": "Point", "coordinates": [ 4.9213999, 45.7268194 ] } },
{ "type": "Feature", "properties": { "technicien": "Mohamed BESSAFI", "secteur": 45 }, "geometry": { "type": "Point", "coordinates": [ 4.8475799, 45.7528982 ] } },
{ "type": "Feature", "properties": { "technicien": "Aurélien GUERIN", "secteur": 6 }, "geometry": { "type": "Point", "coordinates": [ 4.5854497, 45.7200154 ] } },
{ "type": "Feature", "properties": { "technicien": "Kenzy CHABBI", "secteur": 71 }, "geometry": { "type": "Point", "coordinates": [ 4.7993809, 45.7217097 ] } },
{ "type": "Feature", "properties": { "technicien": "Khalil BELLAL", "secteur": 65 }, "geometry": { "type": "Point", "coordinates": [ 4.9143514, 45.7092586 ] } },
{ "type": "Feature", "properties": { "technicien": "Romain RICORDEAU ", "secteur": 21 }, "geometry": { "type": "Point", "coordinates": [ 4.798416, 45.7787674 ] } },
{ "type": "Feature", "properties": { "technicien": "Romain RICORDEAU ", "secteur": 21 }, "geometry": { "type": "Point", "coordinates": [ 4.798416, 45.7787674 ] } },
{ "type": "Feature", "properties": { "technicien": "Romain RICORDEAU ", "secteur": 21 }, "geometry": { "type": "Point", "coordinates": [ 4.798416, 45.7787674 ] } },
{ "type": "Feature", "properties": { "technicien": "Romain RICORDEAU ", "secteur": 21 }, "geometry": { "type": "Point", "coordinates": [ 4.7991736, 45.7772361 ] } },
{ "type": "Feature", "properties": { "technicien": "Romain RICORDEAU ", "secteur": 21 }, "geometry": { "type": "Point", "coordinates": [ 4.7991736, 45.7772361 ] } },
{ "type": "Feature", "properties": { "technicien": "Romain RICORDEAU ", "secteur": 21 }, "geometry": { "type": "Point", "coordinates": [ 4.798416, 45.7787674 ] } },
{ "type": "Feature", "properties": { "technicien": "Romain RICORDEAU ", "secteur": 21 }, "geometry": { "type": "Point", "coordinates": [ 4.7991736, 45.7772361 ] } },
{ "type": "Feature", "properties": { "technicien": "Romain RICORDEAU ", "secteur": 21 }, "geometry": { "type": "Point", "coordinates": [ 4.7991736, 45.7772361 ] } },
{ "type": "Feature", "properties": { "technicien": "Romain RICORDEAU ", "secteur": 21 }, "geometry": { "type": "Point", "coordinates": [ 4.7991736, 45.7772361 ] } },
{ "type": "Feature", "properties": { "technicien": "Romain RICORDEAU ", "secteur": 21 }, "geometry": { "type": "Point", "coordinates": [ 4.7991736, 45.7772361 ] } },
{ "type": "Feature", "properties": { "technicien": "Romain RICORDEAU ", "secteur": 21 }, "geometry": { "type": "Point", "coordinates": [ 4.80013, 45.778116 ] } },
{ "type": "Feature", "properties": { "technicien": "Romain RICORDEAU ", "secteur": 21 }, "geometry": { "type": "Point", "coordinates": [ 4.80013, 45.778116 ] } },
{ "type": "Feature", "properties": { "technicien": "Romain RICORDEAU ", "secteur": 21 }, "geometry": { "type": "Point", "coordinates": [ 4.798416, 45.7787674 ] } },
{ "type": "Feature", "properties": { "technicien": "Romain RICORDEAU ", "secteur": 21 }, "geometry": { "type": "Point", "coordinates": [ 4.798416, 45.7787674 ] } },
{ "type": "Feature", "properties": { "technicien": "Romain RICORDEAU ", "secteur": 21 }, "geometry": { "type": "Point", "coordinates": [ 4.7991736, 45.7772361 ] } },
{ "type": "Feature", "properties": { "technicien": "Romain RICORDEAU ", "secteur": 21 }, "geometry": { "type": "Point", "coordinates": [ 4.7991736, 45.7772361 ] } },
{ "type": "Feature", "properties": { "technicien": "Romain RICORDEAU ", "secteur": 21 }, "geometry": { "type": "Point", "coordinates": [ 4.7991736, 45.7772361 ] } },
{ "type": "Feature", "properties": { "technicien": "Romain RICORDEAU ", "secteur": 21 }, "geometry": { "type": "Point", "coordinates": [ 4.80013, 45.778116 ] } },
{ "type": "Feature", "properties": { "technicien": "Romain RICORDEAU ", "secteur": 21 }, "geometry": { "type": "Point", "coordinates": [ 4.80013, 45.778116 ] } },
{ "type": "Feature", "properties": { "technicien": "Romain RICORDEAU ", "secteur": 21 }, "geometry": { "type": "Point", "coordinates": [ 4.80013, 45.778116 ] } },
{ "type": "Feature", "properties": { "technicien": "Romain RICORDEAU ", "secteur": 21 }, "geometry": { "type": "Point", "coordinates": [ 4.7991736, 45.7772361 ] } },
{ "type": "Feature", "properties": { "technicien": "Romain RICORDEAU ", "secteur": 21 }, "geometry": { "type": "Point", "coordinates": [ 4.798416, 45.7787674 ] } },
{ "type": "Feature", "properties": { "technicien": "Olivier VUILLAUME ", "secteur": 58 }, "geometry": { "type": "Point", "coordinates": [ 4.9143514, 45.7092586 ] } },
{ "type": "Feature", "properties": { "technicien": "Olivier VUILLAUME ", "secteur": 58 }, "geometry": { "type": "Point", "coordinates": [ 4.9143514, 45.7092586 ] } },
{ "type": "Feature", "properties": { "technicien": "Olivier VUILLAUME ", "secteur": 58 }, "geometry": { "type": "Point", "coordinates": [ 4.9143514, 45.7092586 ] } },
{ "type": "Feature", "properties": { "technicien": "Romain RICORDEAU ", "secteur": 21 }, "geometry": { "type": "Point", "coordinates": [ 4.8588307, 45.7674659 ] } },
{ "type": "Feature", "properties": { "technicien": "Guillaume LANGLOIS", "secteur": 70 }, "geometry": { "type": "Point", "coordinates": [ 5.1989202, 45.5135278 ] } },
{ "type": "Feature", "properties": { "technicien": "Nefis ALIOUCHE", "secteur": 47 }, "geometry": { "type": "Point", "coordinates": [ 4.875973, 45.8162339 ] } },
{ "type": "Feature", "properties": { "technicien": "Nefis ALIOUCHE", "secteur": 47 }, "geometry": { "type": "Point", "coordinates": [ 4.8712282, 45.7990033 ] } },
{ "type": "Feature", "properties": { "technicien": "Olivier VUILLAUME ", "secteur": 58 }, "geometry": { "type": "Point", "coordinates": [ 4.9852541, 45.7176251 ] } },
{ "type": "Feature", "properties": { "technicien": "Olivier VUILLAUME ", "secteur": 58 }, "geometry": { "type": "Point", "coordinates": [ 4.9852541, 45.7176251 ] } },
{ "type": "Feature", "properties": { "technicien": "Olivier VUILLAUME ", "secteur": 58 }, "geometry": { "type": "Point", "coordinates": [ 4.9852541, 45.7176251 ] } },
{ "type": "Feature", "properties": { "technicien": "Olivier VUILLAUME ", "secteur": 58 }, "geometry": { "type": "Point", "coordinates": [ 4.9852541, 45.7176251 ] } },
{ "type": "Feature", "properties": { "technicien": "Olivier VUILLAUME ", "secteur": 58 }, "geometry": { "type": "Point", "coordinates": [ 4.9852541, 45.7176251 ] } },
{ "type": "Feature", "properties": { "technicien": "Olivier VUILLAUME ", "secteur": 58 }, "geometry": { "type": "Point", "coordinates": [ 4.9852541, 45.7176251 ] } },
{ "type": "Feature", "properties": { "technicien": "Olivier VUILLAUME ", "secteur": 58 }, "geometry": { "type": "Point", "coordinates": [ 4.9852541, 45.7176251 ] } },
{ "type": "Feature", "properties": { "technicien": "Olivier VUILLAUME ", "secteur": 58 }, "geometry": { "type": "Point", "coordinates": [ 4.9852541, 45.7176251 ] } },
{ "type": "Feature", "properties": { "technicien": "Olivier VUILLAUME ", "secteur": 58 }, "geometry": { "type": "Point", "coordinates": [ 4.9852541, 45.7176251 ] } },
{ "type": "Feature", "properties": { "technicien": "Olivier VUILLAUME ", "secteur": 58 }, "geometry": { "type": "Point", "coordinates": [ 4.9852541, 45.7176251 ] } },
{ "type": "Feature", "properties": { "technicien": "Olivier VUILLAUME ", "secteur": 58 }, "geometry": { "type": "Point", "coordinates": [ 4.9852541, 45.7176251 ] } },
{ "type": "Feature", "properties": { "technicien": "Romain RICORDEAU ", "secteur": 21 }, "geometry": { "type": "Point", "coordinates": [ 4.8592843, 45.7531962 ] } },
{ "type": "Feature", "properties": { "technicien": "Yaya DOUCOURE ", "secteur": 56 }, "geometry": { "type": "Point", "coordinates": [ 4.8294352, 45.7531206 ] } },
{ "type": "Feature", "properties": { "technicien": "Yann GENIEIS", "secteur": 73 }, "geometry": { "type": "Point", "coordinates": [ 4.8070785, 45.7421225 ] } },
{ "type": "Feature", "properties": { "technicien": "Yann GENIEIS", "secteur": 73 }, "geometry": { "type": "Point", "coordinates": [ 4.8069524, 45.7419203 ] } },
{ "type": "Feature", "properties": { "technicien": "Mohamed BESSAFI", "secteur": 45 }, "geometry": { "type": "Point", "coordinates": [ 4.9366645, 45.7254055 ] } },
{ "type": "Feature", "properties": { "technicien": "Mohamed BESSAFI", "secteur": 45 }, "geometry": { "type": "Point", "coordinates": [ 4.9366645, 45.7254055 ] } },
{ "type": "Feature", "properties": { "technicien": "Mohamed BESSAFI", "secteur": 45 }, "geometry": { "type": "Point", "coordinates": [ 4.9366645, 45.7254055 ] } },
{ "type": "Feature", "properties": { "technicien": "Luc CHAROLLAIS", "secteur": 27 }, "geometry": { "type": "Point", "coordinates": [ 4.9121325, 45.8251323 ] } },
{ "type": "Feature", "properties": { "technicien": "Guillaume LANGLOIS", "secteur": 70 }, "geometry": { "type": "Point", "coordinates": [ 5.160364, 45.742196 ] } },
{ "type": "Feature", "properties": { "technicien": "Kenzy CHABBI", "secteur": 71 }, "geometry": { "type": "Point", "coordinates": [ 4.8864929, 45.7556209 ] } },
{ "type": "Feature", "properties": { "technicien": "Kenzy CHABBI", "secteur": 71 }, "geometry": { "type": "Point", "coordinates": [ 4.8864929, 45.7556209 ] } },
{ "type": "Feature", "properties": { "technicien": "Kenzy CHABBI", "secteur": 71 }, "geometry": { "type": "Point", "coordinates": [ 4.8864929, 45.7556209 ] } },
{ "type": "Feature", "properties": { "technicien": "Romain RICORDEAU ", "secteur": 21 }, "geometry": { "type": "Point", "coordinates": [ 4.8509188, 45.7452355 ] } },
{ "type": "Feature", "properties": { "technicien": "Yaya DOUCOURE ", "secteur": 56 }, "geometry": { "type": "Point", "coordinates": [ 4.8440245, 45.7707407 ] } },
{ "type": "Feature", "properties": { "technicien": "Yaya DOUCOURE ", "secteur": 56 }, "geometry": { "type": "Point", "coordinates": [ 4.8350235, 45.7592555 ] } },
{ "type": "Feature", "properties": { "technicien": "Yaya DOUCOURE ", "secteur": 56 }, "geometry": { "type": "Point", "coordinates": [ 4.8350235, 45.7592555 ] } },
{ "type": "Feature", "properties": { "technicien": "Yaya DOUCOURE ", "secteur": 56 }, "geometry": { "type": "Point", "coordinates": [ 4.8350235, 45.7592555 ] } },
{ "type": "Feature", "properties": { "technicien": "Khalil BELLAL", "secteur": 65 }, "geometry": { "type": "Point", "coordinates": [ 4.8926153, 45.7129711 ] } },
{ "type": "Feature", "properties": { "technicien": "Nouredine BOUNAAS", "secteur": 72 }, "geometry": { "type": "Point", "coordinates": [ 4.8094681, 45.7589816 ] } },
{ "type": "Feature", "properties": { "technicien": "Nouredine BOUNAAS", "secteur": 72 }, "geometry": { "type": "Point", "coordinates": [ 4.8094681, 45.7589816 ] } },
{ "type": "Feature", "properties": { "technicien": "Romain RICORDEAU ", "secteur": 21 }, "geometry": { "type": "Point", "coordinates": [ 4.8575694, 45.7684157 ] } },
{ "type": "Feature", "properties": { "technicien": "Romain RICORDEAU ", "secteur": 21 }, "geometry": { "type": "Point", "coordinates": [ 4.9154129, 45.7311757 ] } },
{ "type": "Feature", "properties": { "technicien": "Kenzy CHABBI", "secteur": 71 }, "geometry": { "type": "Point", "coordinates": [ 4.8926715, 45.7361616 ] } },
{ "type": "Feature", "properties": { "technicien": "Yaya DOUCOURE ", "secteur": 56 }, "geometry": { "type": "Point", "coordinates": [ 4.8351771, 45.7597678 ] } },
{ "type": "Feature", "properties": { "technicien": "Olivier VUILLAUME ", "secteur": 58 }, "geometry": { "type": "Point", "coordinates": [ 5.2339252, 45.6152329 ] } },
{ "type": "Feature", "properties": { "technicien": "Yann GENIEIS", "secteur": 73 }, "geometry": { "type": "Point", "coordinates": [ 4.7831762, 45.7861672 ] } },
{ "type": "Feature", "properties": { "technicien": "Romain RICORDEAU ", "secteur": 21 }, "geometry": { "type": "Point", "coordinates": [ 4.8351771, 45.7597678 ] } },
{ "type": "Feature", "properties": { "technicien": "Romain RICORDEAU ", "secteur": 21 }, "geometry": { "type": "Point", "coordinates": [ 4.8351771, 45.7597678 ] } },
{ "type": "Feature", "properties": { "technicien": "Romain RICORDEAU ", "secteur": 21 }, "geometry": { "type": "Point", "coordinates": [ 4.8351771, 45.7597678 ] } },
{ "type": "Feature", "properties": { "technicien": "Romain RICORDEAU ", "secteur": 21 }, "geometry": { "type": "Point", "coordinates": [ 4.8351771, 45.7597678 ] } },
{ "type": "Feature", "properties": { "technicien": "Romain RICORDEAU ", "secteur": 21 }, "geometry": { "type": "Point", "coordinates": [ 4.8553562, 45.7597751 ] } },
{ "type": "Feature", "properties": { "technicien": "Guillaume LANGLOIS", "secteur": 70 }, "geometry": { "type": "Point", "coordinates": [ 5.2076482, 45.7624475 ] } },
{ "type": "Feature", "properties": { "technicien": "Yann GENIEIS", "secteur": 73 }, "geometry": { "type": "Point", "coordinates": [ 4.9289521, 45.6843719 ] } },
{ "type": "Feature", "properties": { "technicien": "Khalil BELLAL", "secteur": 65 }, "geometry": { "type": "Point", "coordinates": [ 4.9774943, 45.6527168 ] } },
{ "type": "Feature", "properties": { "technicien": "Anouar BEN MESSAOUD", "secteur": 57 }, "geometry": { "type": "Point", "coordinates": [ 4.8686189, 45.7745973 ] } },
{ "type": "Feature", "properties": { "technicien": "Guillaume LANGLOIS", "secteur": 70 }, "geometry": { "type": "Point", "coordinates": [ 4.999433, 45.7680662 ] } },
{ "type": "Feature", "properties": { "technicien": "Guillaume LANGLOIS", "secteur": 70 }, "geometry": { "type": "Point", "coordinates": [ 4.999433, 45.7680662 ] } },
{ "type": "Feature", "properties": { "technicien": "Guillaume LANGLOIS", "secteur": 70 }, "geometry": { "type": "Point", "coordinates": [ 4.9989032, 45.7681394 ] } },
{ "type": "Feature", "properties": { "technicien": "Guillaume LANGLOIS", "secteur": 70 }, "geometry": { "type": "Point", "coordinates": [ 4.9989032, 45.7681394 ] } },
{ "type": "Feature", "properties": { "technicien": "Yaya DOUCOURE ", "secteur": 56 }, "geometry": { "type": "Point", "coordinates": [ 4.8580094, 45.7692611 ] } },
{ "type": "Feature", "properties": { "technicien": "Christopher WILTORD", "secteur": 53 }, "geometry": { "type": "Point", "coordinates": [ 4.8500291, 45.7534298 ] } },
{ "type": "Feature", "properties": { "technicien": "Yann GENIEIS", "secteur": 73 }, "geometry": { "type": "Point", "coordinates": [ 4.7912655, 45.6985286 ] } },
{ "type": "Feature", "properties": { "technicien": "Guillaume LANGLOIS", "secteur": 70 }, "geometry": { "type": "Point", "coordinates": [ 4.9488352, 45.7686035 ] } },
{ "type": "Feature", "properties": { "technicien": "Guillaume LANGLOIS", "secteur": 70 }, "geometry": { "type": "Point", "coordinates": [ 4.9487615, 45.7685854 ] } },
{ "type": "Feature", "properties": { "technicien": "Guillaume LANGLOIS", "secteur": 70 }, "geometry": { "type": "Point", "coordinates": [ 4.9692689, 45.7252421 ] } },
{ "type": "Feature", "properties": { "technicien": "Yann GENIEIS", "secteur": 73 }, "geometry": { "type": "Point", "coordinates": [ 4.8300288, 45.6879636 ] } },
{ "type": "Feature", "properties": { "technicien": "Yann GENIEIS", "secteur": 73 }, "geometry": { "type": "Point", "coordinates": [ 4.8300288, 45.6879636 ] } },
{ "type": "Feature", "properties": { "technicien": "Romain RICORDEAU ", "secteur": 21 }, "geometry": { "type": "Point", "coordinates": [ 4.845838, 45.8792758 ] } },
{ "type": "Feature", "properties": { "technicien": "Guillaume LANGLOIS", "secteur": 70 }, "geometry": { "type": "Point", "coordinates": [ 5.3701955, 45.6316843 ] } },
{ "type": "Feature", "properties": { "technicien": "Romain RICORDEAU ", "secteur": 21 }, "geometry": { "type": "Point", "coordinates": [ 4.878289, 45.743293 ] } },
{ "type": "Feature", "properties": { "technicien": "Kenzy CHABBI", "secteur": 71 }, "geometry": { "type": "Point", "coordinates": [ 4.9398506, 45.7343727 ] } },
{ "type": "Feature", "properties": { "technicien": "Olivier VUILLAUME ", "secteur": 58 }, "geometry": { "type": "Point", "coordinates": [ 5.2233284, 45.6156155 ] } },
{ "type": "Feature", "properties": { "technicien": "Olivier VUILLAUME ", "secteur": 58 }, "geometry": { "type": "Point", "coordinates": [ 5.2233284, 45.6156155 ] } },
{ "type": "Feature", "properties": { "technicien": "Guillaume LANGLOIS", "secteur": 70 }, "geometry": { "type": "Point", "coordinates": [ 5.2233284, 45.6156155 ] } },
{ "type": "Feature", "properties": { "technicien": "Luc CHAROLLAIS", "secteur": 27 }, "geometry": { "type": "Point", "coordinates": [ 4.884756, 45.7712281 ] } },
{ "type": "Feature", "properties": { "technicien": "Khalil BELLAL", "secteur": 65 }, "geometry": { "type": "Point", "coordinates": [ 4.9188053, 45.6702563 ] } },
{ "type": "Feature", "properties": { "technicien": "Guillaume LANGLOIS", "secteur": 70 }, "geometry": { "type": "Point", "coordinates": [ 4.9914396, 45.8283591 ] } },
{ "type": "Feature", "properties": { "technicien": "Romain RICORDEAU ", "secteur": 21 }, "geometry": { "type": "Point", "coordinates": [ 5.1698833, 45.6264117 ] } },
{ "type": "Feature", "properties": { "technicien": "Romain RICORDEAU ", "secteur": 21 }, "geometry": { "type": "Point", "coordinates": [ 5.1698833, 45.6264117 ] } },
{ "type": "Feature", "properties": { "technicien": "Olivier VUILLAUME ", "secteur": 58 }, "geometry": { "type": "Point", "coordinates": [ 4.9515651, 45.8225449 ] } },
{ "type": "Feature", "properties": { "technicien": "Nouredine BOUNAAS", "secteur": 72 }, "geometry": { "type": "Point", "coordinates": [ 4.802519, 45.7578695 ] } },
{ "type": "Feature", "properties": { "technicien": "Nouredine BOUNAAS", "secteur": 72 }, "geometry": { "type": "Point", "coordinates": [ 4.802519, 45.7578695 ] } },
{ "type": "Feature", "properties": { "technicien": "Nouredine BOUNAAS", "secteur": 72 }, "geometry": { "type": "Point", "coordinates": [ 4.802519, 45.7578695 ] } },
{ "type": "Feature", "properties": { "technicien": "Romain RICORDEAU ", "secteur": 21 }, "geometry": { "type": "Point", "coordinates": [ 4.802519, 45.7578695 ] } },
{ "type": "Feature", "properties": { "technicien": "Romain RICORDEAU ", "secteur": 21 }, "geometry": { "type": "Point", "coordinates": [ 4.802519, 45.7578695 ] } },
{ "type": "Feature", "properties": { "technicien": "Romain RICORDEAU ", "secteur": 21 }, "geometry": { "type": "Point", "coordinates": [ 4.802519, 45.7578695 ] } },
{ "type": "Feature", "properties": { "technicien": "Romain RICORDEAU ", "secteur": 21 }, "geometry": { "type": "Point", "coordinates": [ 4.8426242, 45.7590217 ] } },
{ "type": "Feature", "properties": { "technicien": "Romain RICORDEAU ", "secteur": 21 }, "geometry": { "type": "Point", "coordinates": [ 4.8426242, 45.7590217 ] } },
{ "type": "Feature", "properties": { "technicien": "Luc CHAROLLAIS", "secteur": 27 }, "geometry": { "type": "Point", "coordinates": [ 4.8831221, 45.7690626 ] } },
{ "type": "Feature", "properties": { "technicien": "Olivier VUILLAUME ", "secteur": 58 }, "geometry": { "type": "Point", "coordinates": [ 4.9325205, 45.6740696 ] } },
{ "type": "Feature", "properties": { "technicien": "Olivier VUILLAUME ", "secteur": 58 }, "geometry": { "type": "Point", "coordinates": [ 4.9325205, 45.6740696 ] } },
{ "type": "Feature", "properties": { "technicien": "Olivier VUILLAUME ", "secteur": 58 }, "geometry": { "type": "Point", "coordinates": [ 4.9325205, 45.6740696 ] } },
{ "type": "Feature", "properties": { "technicien": "Romain RICORDEAU ", "secteur": 21 }, "geometry": { "type": "Point", "coordinates": [ 4.8721978, 45.7494358 ] } },
{ "type": "Feature", "properties": { "technicien": "Yaya DOUCOURE ", "secteur": 56 }, "geometry": { "type": "Point", "coordinates": [ 4.8457786, 45.7728546 ] } },
{ "type": "Feature", "properties": { "technicien": "Yann GENIEIS", "secteur": 73 }, "geometry": { "type": "Point", "coordinates": [ 4.7795246, 45.7467267 ] } },
{ "type": "Feature", "properties": { "technicien": "Yann GENIEIS", "secteur": 73 }, "geometry": { "type": "Point", "coordinates": [ 4.7795246, 45.7467267 ] } },
{ "type": "Feature", "properties": { "technicien": "Yann GENIEIS", "secteur": 73 }, "geometry": { "type": "Point", "coordinates": [ 4.404149, 45.412922 ] } },
{ "type": "Feature", "properties": { "technicien": "Romain RICORDEAU ", "secteur": 21 }, "geometry": { "type": "Point", "coordinates": [ 4.986464, 45.7713836 ] } },
{ "type": "Feature", "properties": { "technicien": "Romain RICORDEAU ", "secteur": 21 }, "geometry": { "type": "Point", "coordinates": [ 4.986464, 45.7713836 ] } },
{ "type": "Feature", "properties": { "technicien": "Guillaume LANGLOIS", "secteur": 70 }, "geometry": { "type": "Point", "coordinates": [ 5.189895, 45.5122452 ] } },
{ "type": "Feature", "properties": { "technicien": "Nouredine BOUNAAS", "secteur": 72 }, "geometry": { "type": "Point", "coordinates": [ 4.8054342, 45.7660944 ] } },
{ "type": "Feature", "properties": { "technicien": "Nouredine BOUNAAS", "secteur": 72 }, "geometry": { "type": "Point", "coordinates": [ 4.8054342, 45.7660944 ] } },
{ "type": "Feature", "properties": { "technicien": "Nouredine BOUNAAS", "secteur": 72 }, "geometry": { "type": "Point", "coordinates": [ 4.8054342, 45.7660944 ] } },
{ "type": "Feature", "properties": { "technicien": "Nouredine BOUNAAS", "secteur": 72 }, "geometry": { "type": "Point", "coordinates": [ 4.8054342, 45.7660944 ] } },
{ "type": "Feature", "properties": { "technicien": "Nouredine BOUNAAS", "secteur": 72 }, "geometry": { "type": "Point", "coordinates": [ 4.8054342, 45.7660944 ] } },
{ "type": "Feature", "properties": { "technicien": "Nouredine BOUNAAS", "secteur": 72 }, "geometry": { "type": "Point", "coordinates": [ 4.8054342, 45.7660944 ] } },
{ "type": "Feature", "properties": { "technicien": "Nouredine BOUNAAS", "secteur": 72 }, "geometry": { "type": "Point", "coordinates": [ 4.8054342, 45.7660944 ] } },
{ "type": "Feature", "properties": { "technicien": "Nouredine BOUNAAS", "secteur": 72 }, "geometry": { "type": "Point", "coordinates": [ 4.8054342, 45.7660944 ] } },
{ "type": "Feature", "properties": { "technicien": "Nouredine BOUNAAS", "secteur": 72 }, "geometry": { "type": "Point", "coordinates": [ 4.8054342, 45.7660944 ] } },
{ "type": "Feature", "properties": { "technicien": "Nouredine BOUNAAS", "secteur": 72 }, "geometry": { "type": "Point", "coordinates": [ 4.8043456, 45.7707247 ] } },
{ "type": "Feature", "properties": { "technicien": "Nouredine BOUNAAS", "secteur": 72 }, "geometry": { "type": "Point", "coordinates": [ 4.8043456, 45.7707247 ] } },
{ "type": "Feature", "properties": { "technicien": "Nouredine BOUNAAS", "secteur": 72 }, "geometry": { "type": "Point", "coordinates": [ 4.8043456, 45.7707247 ] } },
{ "type": "Feature", "properties": { "technicien": "Romain RICORDEAU ", "secteur": 21 }, "geometry": { "type": "Point", "coordinates": [ 4.9276397, 45.7368786 ] } },
{ "type": "Feature", "properties": { "technicien": "Romain RICORDEAU ", "secteur": 21 }, "geometry": { "type": "Point", "coordinates": [ 4.9276397, 45.7368786 ] } },
{ "type": "Feature", "properties": { "technicien": "Romain RICORDEAU ", "secteur": 21 }, "geometry": { "type": "Point", "coordinates": [ 4.9276397, 45.7368786 ] } },
{ "type": "Feature", "properties": { "technicien": "Romain RICORDEAU ", "secteur": 21 }, "geometry": { "type": "Point", "coordinates": [ 4.9276397, 45.7368786 ] } },
{ "type": "Feature", "properties": { "technicien": "Yann GENIEIS", "secteur": 73 }, "geometry": { "type": "Point", "coordinates": [ 4.8599366, 45.674595 ] } },
{ "type": "Feature", "properties": { "technicien": "Yann GENIEIS", "secteur": 73 }, "geometry": { "type": "Point", "coordinates": [ 4.404149, 45.412922 ] } },
{ "type": "Feature", "properties": { "technicien": "Yann GENIEIS", "secteur": 73 }, "geometry": { "type": "Point", "coordinates": [ 4.404149, 45.412922 ] } },
{ "type": "Feature", "properties": { "technicien": "Yann GENIEIS", "secteur": 73 }, "geometry": { "type": "Point", "coordinates": [ 4.404149, 45.412922 ] } },
{ "type": "Feature", "properties": { "technicien": "Yann GENIEIS", "secteur": 73 }, "geometry": { "type": "Point", "coordinates": [ 4.404149, 45.412922 ] } },
{ "type": "Feature", "properties": { "technicien": "Yann GENIEIS", "secteur": 73 }, "geometry": { "type": "Point", "coordinates": [ 4.404149, 45.412922 ] } },
{ "type": "Feature", "properties": { "technicien": "Yann GENIEIS", "secteur": 73 }, "geometry": { "type": "Point", "coordinates": [ 4.404149, 45.412922 ] } },
{ "type": "Feature", "properties": { "technicien": "Yann GENIEIS", "secteur": 73 }, "geometry": { "type": "Point", "coordinates": [ 4.404149, 45.412922 ] } },
{ "type": "Feature", "properties": { "technicien": "Yann GENIEIS", "secteur": 73 }, "geometry": { "type": "Point", "coordinates": [ 4.404149, 45.412922 ] } },
{ "type": "Feature", "properties": { "technicien": "Yann GENIEIS", "secteur": 73 }, "geometry": { "type": "Point", "coordinates": [ 4.404149, 45.412922 ] } },
{ "type": "Feature", "properties": { "technicien": "Yann GENIEIS", "secteur": 73 }, "geometry": { "type": "Point", "coordinates": [ 4.404149, 45.412922 ] } },
{ "type": "Feature", "properties": { "technicien": "Yann GENIEIS", "secteur": 73 }, "geometry": { "type": "Point", "coordinates": [ 4.404149, 45.412922 ] } },
{ "type": "Feature", "properties": { "technicien": "Yann GENIEIS", "secteur": 73 }, "geometry": { "type": "Point", "coordinates": [ 4.404149, 45.412922 ] } },
{ "type": "Feature", "properties": { "technicien": "Yann GENIEIS", "secteur": 73 }, "geometry": { "type": "Point", "coordinates": [ 4.404149, 45.412922 ] } },
{ "type": "Feature", "properties": { "technicien": "Yann GENIEIS", "secteur": 73 }, "geometry": { "type": "Point", "coordinates": [ 4.404149, 45.412922 ] } },
{ "type": "Feature", "properties": { "technicien": "Yann GENIEIS", "secteur": 73 }, "geometry": { "type": "Point", "coordinates": [ 4.404149, 45.412922 ] } },
{ "type": "Feature", "properties": { "technicien": "Yann GENIEIS", "secteur": 73 }, "geometry": { "type": "Point", "coordinates": [ 4.404149, 45.412922 ] } },
{ "type": "Feature", "properties": { "technicien": "Nouredine BOUNAAS", "secteur": 72 }, "geometry": { "type": "Point", "coordinates": [ 4.8195045, 45.7954058 ] } },
{ "type": "Feature", "properties": { "technicien": "Nouredine BOUNAAS", "secteur": 72 }, "geometry": { "type": "Point", "coordinates": [ 4.8196007, 45.795388 ] } },
{ "type": "Feature", "properties": { "technicien": "Nouredine BOUNAAS", "secteur": 72 }, "geometry": { "type": "Point", "coordinates": [ 4.8198658, 45.7951919 ] } },
{ "type": "Feature", "properties": { "technicien": "Yann GENIEIS", "secteur": 73 }, "geometry": { "type": "Point", "coordinates": [ 4.404149, 45.412922 ] } },
{ "type": "Feature", "properties": { "technicien": "Yann GENIEIS", "secteur": 73 }, "geometry": { "type": "Point", "coordinates": [ 4.404149, 45.412922 ] } },
{ "type": "Feature", "properties": { "technicien": "Yann GENIEIS", "secteur": 73 }, "geometry": { "type": "Point", "coordinates": [ 4.404149, 45.412922 ] } },
{ "type": "Feature", "properties": { "technicien": "Nouredine BOUNAAS", "secteur": 72 }, "geometry": { "type": "Point", "coordinates": [ 4.8112679, 45.7595811 ] } },
{ "type": "Feature", "properties": { "technicien": "Yann GENIEIS", "secteur": 73 }, "geometry": { "type": "Point", "coordinates": [ 4.404149, 45.412922 ] } },
{ "type": "Feature", "properties": { "technicien": "Yann GENIEIS", "secteur": 73 }, "geometry": { "type": "Point", "coordinates": [ 4.404149, 45.412922 ] } },
{ "type": "Feature", "properties": { "technicien": "Kenzy CHABBI", "secteur": 71 }, "geometry": { "type": "Point", "coordinates": [ 4.404149, 45.412922 ] } },
{ "type": "Feature", "properties": { "technicien": "Nouredine BOUNAAS", "secteur": 72 }, "geometry": { "type": "Point", "coordinates": [ 4.8112679, 45.7595811 ] } },
{ "type": "Feature", "properties": { "technicien": "Nouredine BOUNAAS", "secteur": 72 }, "geometry": { "type": "Point", "coordinates": [ 4.8116988, 45.7597255 ] } },
{ "type": "Feature", "properties": { "technicien": "Nouredine BOUNAAS", "secteur": 72 }, "geometry": { "type": "Point", "coordinates": [ 4.8116621, 45.7600191 ] } },
{ "type": "Feature", "properties": { "technicien": "Romain RICORDEAU ", "secteur": 21 }, "geometry": { "type": "Point", "coordinates": [ 4.8071811, 45.7690281 ] } },
{ "type": "Feature", "properties": { "technicien": "Romain RICORDEAU ", "secteur": 21 }, "geometry": { "type": "Point", "coordinates": [ 4.8071811, 45.7690281 ] } },
{ "type": "Feature", "properties": { "technicien": "Aurélien GUERIN", "secteur": 6 }, "geometry": { "type": "Point", "coordinates": [ 4.5943138, 45.7034654 ] } },
{ "type": "Feature", "properties": { "technicien": "Olivier VUILLAUME ", "secteur": 58 }, "geometry": { "type": "Point", "coordinates": [ 4.9714063, 45.7294721 ] } },
{ "type": "Feature", "properties": { "technicien": "Luc CHAROLLAIS", "secteur": 27 }, "geometry": { "type": "Point", "coordinates": [ 4.8817631, 45.7692638 ] } },
{ "type": "Feature", "properties": { "technicien": "Luc CHAROLLAIS", "secteur": 27 }, "geometry": { "type": "Point", "coordinates": [ 4.8819216, 45.7692492 ] } },
{ "type": "Feature", "properties": { "technicien": "Luc CHAROLLAIS", "secteur": 27 }, "geometry": { "type": "Point", "coordinates": [ 4.8820839, 45.7692342 ] } },
{ "type": "Feature", "properties": { "technicien": "Luc CHAROLLAIS", "secteur": 27 }, "geometry": { "type": "Point", "coordinates": [ 4.8823215, 45.7692034 ] } },
{ "type": "Feature", "properties": { "technicien": "Luc CHAROLLAIS", "secteur": 27 }, "geometry": { "type": "Point", "coordinates": [ 4.8825402, 45.7691715 ] } },
{ "type": "Feature", "properties": { "technicien": "Luc CHAROLLAIS", "secteur": 27 }, "geometry": { "type": "Point", "coordinates": [ 4.8827368, 45.7691347 ] } },
{ "type": "Feature", "properties": { "technicien": "Luc CHAROLLAIS", "secteur": 27 }, "geometry": { "type": "Point", "coordinates": [ 4.8818634, 45.7698923 ] } },
{ "type": "Feature", "properties": { "technicien": "Luc CHAROLLAIS", "secteur": 27 }, "geometry": { "type": "Point", "coordinates": [ 4.8818634, 45.7698923 ] } },
{ "type": "Feature", "properties": { "technicien": "Luc CHAROLLAIS", "secteur": 27 }, "geometry": { "type": "Point", "coordinates": [ 4.8825688, 45.7697952 ] } },
{ "type": "Feature", "properties": { "technicien": "Luc CHAROLLAIS", "secteur": 27 }, "geometry": { "type": "Point", "coordinates": [ 4.8825688, 45.7697952 ] } },
{ "type": "Feature", "properties": { "technicien": "Luc CHAROLLAIS", "secteur": 27 }, "geometry": { "type": "Point", "coordinates": [ 4.8829172, 45.7691009 ] } },
{ "type": "Feature", "properties": { "technicien": "Aurélien GUERIN", "secteur": 6 }, "geometry": { "type": "Point", "coordinates": [ 4.7569698, 45.7466679 ] } },
{ "type": "Feature", "properties": { "technicien": "Yann GENIEIS", "secteur": 73 }, "geometry": { "type": "Point", "coordinates": [ 4.7897661, 45.7165849 ] } },
{ "type": "Feature", "properties": { "technicien": "Nouredine BOUNAAS", "secteur": 72 }, "geometry": { "type": "Point", "coordinates": [ 4.8285845, 45.7622543 ] } },
{ "type": "Feature", "properties": { "technicien": "Yann GENIEIS", "secteur": 73 }, "geometry": { "type": "Point", "coordinates": [ 0.3498163, 46.5851133 ] } },
{ "type": "Feature", "properties": { "technicien": "Yann GENIEIS", "secteur": 73 }, "geometry": { "type": "Point", "coordinates": [ 0.3498163, 46.5851133 ] } },
{ "type": "Feature", "properties": { "technicien": "Yann GENIEIS", "secteur": 73 }, "geometry": { "type": "Point", "coordinates": [ 0.3498163, 46.5851133 ] } },
{ "type": "Feature", "properties": { "technicien": "Romain RICORDEAU ", "secteur": 21 }, "geometry": { "type": "Point", "coordinates": [ 4.808093, 45.7533787 ] } },
{ "type": "Feature", "properties": { "technicien": "Romain RICORDEAU ", "secteur": 21 }, "geometry": { "type": "Point", "coordinates": [ 4.808093, 45.7533787 ] } },
{ "type": "Feature", "properties": { "technicien": "Nouredine BOUNAAS", "secteur": 72 }, "geometry": { "type": "Point", "coordinates": [ 4.8138258, 45.7673558 ] } },
{ "type": "Feature", "properties": { "technicien": "Nouredine BOUNAAS", "secteur": 72 }, "geometry": { "type": "Point", "coordinates": [ 4.8140094, 45.7673219 ] } },
{ "type": "Feature", "properties": { "technicien": "Nouredine BOUNAAS", "secteur": 72 }, "geometry": { "type": "Point", "coordinates": [ 4.8142764, 45.7672711 ] } },
{ "type": "Feature", "properties": { "technicien": "Nouredine BOUNAAS", "secteur": 72 }, "geometry": { "type": "Point", "coordinates": [ 4.8138365, 45.7667033 ] } },
{ "type": "Feature", "properties": { "technicien": "Nouredine BOUNAAS", "secteur": 72 }, "geometry": { "type": "Point", "coordinates": [ 4.8135373, 45.7667212 ] } },
{ "type": "Feature", "properties": { "technicien": "Nouredine BOUNAAS", "secteur": 72 }, "geometry": { "type": "Point", "coordinates": [ 4.813246, 45.7667745 ] } },
{ "type": "Feature", "properties": { "technicien": "Guillaume LANGLOIS", "secteur": 70 }, "geometry": { "type": "Point", "coordinates": [ 4.9581876, 45.7703831 ] } },
{ "type": "Feature", "properties": { "technicien": "Guillaume LANGLOIS", "secteur": 70 }, "geometry": { "type": "Point", "coordinates": [ 4.9581876, 45.7703831 ] } },
{ "type": "Feature", "properties": { "technicien": "Guillaume LANGLOIS", "secteur": 70 }, "geometry": { "type": "Point", "coordinates": [ 4.9584283, 45.7702468 ] } },
{ "type": "Feature", "properties": { "technicien": "Guillaume LANGLOIS", "secteur": 70 }, "geometry": { "type": "Point", "coordinates": [ 4.9581876, 45.7703831 ] } },
{ "type": "Feature", "properties": { "technicien": "Romain RICORDEAU ", "secteur": 21 }, "geometry": { "type": "Point", "coordinates": [ 4.9576333, 45.769257 ] } },
{ "type": "Feature", "properties": { "technicien": "Romain RICORDEAU ", "secteur": 21 }, "geometry": { "type": "Point", "coordinates": [ 4.8258888, 45.7547491 ] } },
{ "type": "Feature", "properties": { "technicien": "Olivier VUILLAUME ", "secteur": 58 }, "geometry": { "type": "Point", "coordinates": [ 4.9607741, 45.7284226 ] } },
{ "type": "Feature", "properties": { "technicien": "Guillaume LANGLOIS", "secteur": 70 }, "geometry": { "type": "Point", "coordinates": [ 4.9370501, 45.760761 ] } },
{ "type": "Feature", "properties": { "technicien": "Guillaume LANGLOIS", "secteur": 70 }, "geometry": { "type": "Point", "coordinates": [ 4.9371795, 45.7624859 ] } },
{ "type": "Feature", "properties": { "technicien": "Guillaume LANGLOIS", "secteur": 70 }, "geometry": { "type": "Point", "coordinates": [ 4.812043, 45.349869 ] } },
{ "type": "Feature", "properties": { "technicien": "Kenzy CHABBI", "secteur": 71 }, "geometry": { "type": "Point", "coordinates": [ 4.807346, 45.7433814 ] } },
{ "type": "Feature", "properties": { "technicien": "Kenzy CHABBI", "secteur": 71 }, "geometry": { "type": "Point", "coordinates": [ 4.807346, 45.7433814 ] } },
{ "type": "Feature", "properties": { "technicien": "Yann GENIEIS", "secteur": 73 }, "geometry": { "type": "Point", "coordinates": [ 4.7532774, 45.7466893 ] } },
{ "type": "Feature", "properties": { "technicien": "Romain RICORDEAU ", "secteur": 21 }, "geometry": { "type": "Point", "coordinates": [ 4.986312, 45.7310399 ] } },
{ "type": "Feature", "properties": { "technicien": "Guillaume LANGLOIS", "secteur": 70 }, "geometry": { "type": "Point", "coordinates": [ 5.1226613, 45.8495732 ] } },
{ "type": "Feature", "properties": { "technicien": "Guillaume LANGLOIS", "secteur": 70 }, "geometry": { "type": "Point", "coordinates": [ 5.4952142, 45.6133931 ] } },
{ "type": "Feature", "properties": { "technicien": "Guillaume LANGLOIS", "secteur": 70 }, "geometry": { "type": "Point", "coordinates": [ 5.4952142, 45.6133931 ] } },
{ "type": "Feature", "properties": { "technicien": "Guillaume LANGLOIS", "secteur": 70 }, "geometry": { "type": "Point", "coordinates": [ 5.4952142, 45.6133931 ] } },
{ "type": "Feature", "properties": { "technicien": "Guillaume LANGLOIS", "secteur": 70 }, "geometry": { "type": "Point", "coordinates": [ 5.4952142, 45.6133931 ] } },
{ "type": "Feature", "properties": { "technicien": "Guillaume LANGLOIS", "secteur": 70 }, "geometry": { "type": "Point", "coordinates": [ 5.4952142, 45.6133931 ] } },
{ "type": "Feature", "properties": { "technicien": "Luc CHAROLLAIS", "secteur": 27 }, "geometry": { "type": "Point", "coordinates": [ 5.0755289, 45.7271344 ] } },
{ "type": "Feature", "properties": { "technicien": "Luc CHAROLLAIS", "secteur": 27 }, "geometry": { "type": "Point", "coordinates": [ 5.0755289, 45.7271344 ] } },
{ "type": "Feature", "properties": { "technicien": "Guillaume LANGLOIS", "secteur": 70 }, "geometry": { "type": "Point", "coordinates": [ 5.1965155, 45.9038928 ] } },
{ "type": "Feature", "properties": { "technicien": "Guillaume LANGLOIS", "secteur": 70 }, "geometry": { "type": "Point", "coordinates": [ 5.1965155, 45.9038928 ] } },
{ "type": "Feature", "properties": { "technicien": "Christopher WILTORD", "secteur": 53 }, "geometry": { "type": "Point", "coordinates": [ 4.8748778, 45.75763 ] } },
{ "type": "Feature", "properties": { "technicien": "Yaya DOUCOURE ", "secteur": 56 }, "geometry": { "type": "Point", "coordinates": [ 4.8569702, 45.7646331 ] } },
{ "type": "Feature", "properties": { "technicien": "Romain RICORDEAU ", "secteur": 21 }, "geometry": { "type": "Point", "coordinates": [ 4.7985747, 45.7785689 ] } },
{ "type": "Feature", "properties": { "technicien": "Luc CHAROLLAIS", "secteur": 27 }, "geometry": { "type": "Point", "coordinates": [ 4.8856766, 45.7551743 ] } },
{ "type": "Feature", "properties": { "technicien": "Yaya DOUCOURE ", "secteur": 56 }, "geometry": { "type": "Point", "coordinates": [ 4.8350084, 45.7553917 ] } },
{ "type": "Feature", "properties": { "technicien": "Romain RICORDEAU ", "secteur": 21 }, "geometry": { "type": "Point", "coordinates": [ 4.8691424, 45.7531578 ] } },
{ "type": "Feature", "properties": { "technicien": "Karim MOKNECHE", "secteur": 30 }, "geometry": { "type": "Point", "coordinates": [ 5.3235545, 45.147491 ] } },
{ "type": "Feature", "properties": { "technicien": "Guillaume LANGLOIS", "secteur": 70 }, "geometry": { "type": "Point", "coordinates": [ 5.17027, 45.75678 ] } },
{ "type": "Feature", "properties": { "technicien": "Olivier VUILLAUME ", "secteur": 58 }, "geometry": { "type": "Point", "coordinates": [ 5.2210575, 45.9220778 ] } },
{ "type": "Feature", "properties": { "technicien": "Luc CHAROLLAIS", "secteur": 27 }, "geometry": { "type": "Point", "coordinates": [ 4.8841121, 45.756018 ] } },
{ "type": "Feature", "properties": { "technicien": "Luc CHAROLLAIS", "secteur": 27 }, "geometry": { "type": "Point", "coordinates": [ 4.884029, 45.7558522 ] } },
{ "type": "Feature", "properties": { "technicien": "Olivier VUILLAUME ", "secteur": 58 }, "geometry": { "type": "Point", "coordinates": [ 5.2233284, 45.6156155 ] } },
{ "type": "Feature", "properties": { "technicien": "Romain RICORDEAU ", "secteur": 21 }, "geometry": { "type": "Point", "coordinates": [ 4.802519, 45.7578695 ] } },
{ "type": "Feature", "properties": { "technicien": "Nouredine BOUNAAS", "secteur": 72 }, "geometry": { "type": "Point", "coordinates": [ 4.8031395, 45.7871325 ] } },
{ "type": "Feature", "properties": { "technicien": "Nouredine BOUNAAS", "secteur": 72 }, "geometry": { "type": "Point", "coordinates": [ 4.8031395, 45.7871325 ] } },
{ "type": "Feature", "properties": { "technicien": "Nouredine BOUNAAS", "secteur": 72 }, "geometry": { "type": "Point", "coordinates": [ 4.8031395, 45.7871325 ] } },
{ "type": "Feature", "properties": { "technicien": "Nouredine BOUNAAS", "secteur": 72 }, "geometry": { "type": "Point", "coordinates": [ 4.8031395, 45.7871325 ] } },
{ "type": "Feature", "properties": { "technicien": "Nouredine BOUNAAS", "secteur": 72 }, "geometry": { "type": "Point", "coordinates": [ 4.8026346, 45.7868284 ] } },
{ "type": "Feature", "properties": { "technicien": "Nouredine BOUNAAS", "secteur": 72 }, "geometry": { "type": "Point", "coordinates": [ 4.8031395, 45.7871325 ] } },
{ "type": "Feature", "properties": { "technicien": "Nouredine BOUNAAS", "secteur": 72 }, "geometry": { "type": "Point", "coordinates": [ 4.8031395, 45.7871325 ] } },
{ "type": "Feature", "properties": { "technicien": "Nouredine BOUNAAS", "secteur": 72 }, "geometry": { "type": "Point", "coordinates": [ 4.8031395, 45.7871325 ] } },
{ "type": "Feature", "properties": { "technicien": "Aurélien GUERIN", "secteur": 6 }, "geometry": { "type": "Point", "coordinates": [ 4.7752433, 45.7611064 ] } },
{ "type": "Feature", "properties": { "technicien": "Aurélien GUERIN", "secteur": 6 }, "geometry": { "type": "Point", "coordinates": [ 4.775143, 45.761066 ] } },
{ "type": "Feature", "properties": { "technicien": "Aurélien GUERIN", "secteur": 6 }, "geometry": { "type": "Point", "coordinates": [ 4.7748288, 45.7609377 ] } },
{ "type": "Feature", "properties": { "technicien": "Aurélien GUERIN", "secteur": 6 }, "geometry": { "type": "Point", "coordinates": [ 4.7748288, 45.7609377 ] } },
{ "type": "Feature", "properties": { "technicien": "Aurélien GUERIN", "secteur": 6 }, "geometry": { "type": "Point", "coordinates": [ 4.774732, 45.7608975 ] } },
{ "type": "Feature", "properties": { "technicien": "Aurélien GUERIN", "secteur": 6 }, "geometry": { "type": "Point", "coordinates": [ 4.7746204, 45.7608548 ] } },
{ "type": "Feature", "properties": { "technicien": "Nefis ALIOUCHE", "secteur": 47 }, "geometry": { "type": "Point", "coordinates": [ 4.8538685, 45.7889911 ] } },
{ "type": "Feature", "properties": { "technicien": "Nefis ALIOUCHE", "secteur": 47 }, "geometry": { "type": "Point", "coordinates": [ 4.8541512, 45.789051 ] } },
{ "type": "Feature", "properties": { "technicien": "Kenzy CHABBI", "secteur": 71 }, "geometry": { "type": "Point", "coordinates": [ 4.8940347, 45.7367016 ] } },
{ "type": "Feature", "properties": { "technicien": "Khalil BELLAL", "secteur": 65 }, "geometry": { "type": "Point", "coordinates": [ 4.8575624, 45.7291162 ] } },
{ "type": "Feature", "properties": { "technicien": "Khalil BELLAL", "secteur": 65 }, "geometry": { "type": "Point", "coordinates": [ 4.8577981, 45.7291697 ] } },
{ "type": "Feature", "properties": { "technicien": "Khalil BELLAL", "secteur": 65 }, "geometry": { "type": "Point", "coordinates": [ 4.8580696, 45.7292299 ] } },
{ "type": "Feature", "properties": { "technicien": "Khalil BELLAL", "secteur": 65 }, "geometry": { "type": "Point", "coordinates": [ 4.8583258, 45.7292856 ] } },
{ "type": "Feature", "properties": { "technicien": "Khalil BELLAL", "secteur": 65 }, "geometry": { "type": "Point", "coordinates": [ 4.8573642, 45.7284793 ] } },
{ "type": "Feature", "properties": { "technicien": "Khalil BELLAL", "secteur": 65 }, "geometry": { "type": "Point", "coordinates": [ 4.8587223, 45.7296166 ] } },
{ "type": "Feature", "properties": { "technicien": "Khalil BELLAL", "secteur": 65 }, "geometry": { "type": "Point", "coordinates": [ 4.8589974, 45.7296762 ] } },
{ "type": "Feature", "properties": { "technicien": "Khalil BELLAL", "secteur": 65 }, "geometry": { "type": "Point", "coordinates": [ 4.8592635, 45.729734 ] } },
{ "type": "Feature", "properties": { "technicien": "Khalil BELLAL", "secteur": 65 }, "geometry": { "type": "Point", "coordinates": [ 4.8595247, 45.7297906 ] } },
{ "type": "Feature", "properties": { "technicien": "Khalil BELLAL", "secteur": 65 }, "geometry": { "type": "Point", "coordinates": [ 4.8586906, 45.7292126 ] } },
{ "type": "Feature", "properties": { "technicien": "Khalil BELLAL", "secteur": 65 }, "geometry": { "type": "Point", "coordinates": [ 4.8596085, 45.7294076 ] } },
{ "type": "Feature", "properties": { "technicien": "Khalil BELLAL", "secteur": 65 }, "geometry": { "type": "Point", "coordinates": [ 4.862194, 45.7270477 ] } },
{ "type": "Feature", "properties": { "technicien": "Olivier VUILLAUME ", "secteur": 58 }, "geometry": { "type": "Point", "coordinates": [ 4.9325961, 45.6975302 ] } },
{ "type": "Feature", "properties": { "technicien": "Guillaume LANGLOIS", "secteur": 70 }, "geometry": { "type": "Point", "coordinates": [ 5.0347271, 45.7697043 ] } },
{ "type": "Feature", "properties": { "technicien": "Guillaume LANGLOIS", "secteur": 70 }, "geometry": { "type": "Point", "coordinates": [ 5.0347271, 45.7697043 ] } },
{ "type": "Feature", "properties": { "technicien": "Guillaume LANGLOIS", "secteur": 70 }, "geometry": { "type": "Point", "coordinates": [ 5.0347271, 45.7697043 ] } },
{ "type": "Feature", "properties": { "technicien": "Guillaume LANGLOIS", "secteur": 70 }, "geometry": { "type": "Point", "coordinates": [ 5.0347271, 45.7697043 ] } },
{ "type": "Feature", "properties": { "technicien": "Guillaume LANGLOIS", "secteur": 70 }, "geometry": { "type": "Point", "coordinates": [ 5.0347271, 45.7697043 ] } },
{ "type": "Feature", "properties": { "technicien": "Guillaume LANGLOIS", "secteur": 70 }, "geometry": { "type": "Point", "coordinates": [ 5.0347271, 45.7697043 ] } },
{ "type": "Feature", "properties": { "technicien": "Guillaume LANGLOIS", "secteur": 70 }, "geometry": { "type": "Point", "coordinates": [ 5.0347271, 45.7697043 ] } },
{ "type": "Feature", "properties": { "technicien": "Guillaume LANGLOIS", "secteur": 70 }, "geometry": { "type": "Point", "coordinates": [ 5.0347271, 45.7697043 ] } },
{ "type": "Feature", "properties": { "technicien": "Guillaume LANGLOIS", "secteur": 70 }, "geometry": { "type": "Point", "coordinates": [ 4.9576333, 45.769257 ] } },
{ "type": "Feature", "properties": { "technicien": "Nefis ALIOUCHE", "secteur": 47 }, "geometry": { "type": "Point", "coordinates": [ 4.8543261, 45.7891018 ] } },
{ "type": "Feature", "properties": { "technicien": "Yaya DOUCOURE ", "secteur": 56 }, "geometry": { "type": "Point", "coordinates": [ 4.8259411, 45.7534774 ] } },
{ "type": "Feature", "properties": { "technicien": "Nouredine BOUNAAS", "secteur": 72 }, "geometry": { "type": "Point", "coordinates": [ 4.7904019, 45.7638985 ] } },
{ "type": "Feature", "properties": { "technicien": "Nouredine BOUNAAS", "secteur": 72 }, "geometry": { "type": "Point", "coordinates": [ 4.7901664, 45.7639036 ] } },
{ "type": "Feature", "properties": { "technicien": "Nouredine BOUNAAS", "secteur": 72 }, "geometry": { "type": "Point", "coordinates": [ 4.7899097, 45.7639098 ] } },
{ "type": "Feature", "properties": { "technicien": "Nouredine BOUNAAS", "secteur": 72 }, "geometry": { "type": "Point", "coordinates": [ 4.8262628, 45.7584435 ] } },
{ "type": "Feature", "properties": { "technicien": "Nouredine BOUNAAS", "secteur": 72 }, "geometry": { "type": "Point", "coordinates": [ 4.8262628, 45.7584435 ] } },
{ "type": "Feature", "properties": { "technicien": "Nouredine BOUNAAS", "secteur": 72 }, "geometry": { "type": "Point", "coordinates": [ 4.8262628, 45.7584435 ] } },
{ "type": "Feature", "properties": { "technicien": "Nouredine BOUNAAS", "secteur": 72 }, "geometry": { "type": "Point", "coordinates": [ 4.8262628, 45.7584435 ] } },
{ "type": "Feature", "properties": { "technicien": "Nefis ALIOUCHE", "secteur": 47 }, "geometry": { "type": "Point", "coordinates": [ 4.9263098, 45.7612708 ] } },
{ "type": "Feature", "properties": { "technicien": "Nefis ALIOUCHE", "secteur": 47 }, "geometry": { "type": "Point", "coordinates": [ 4.9263098, 45.7612708 ] } },
{ "type": "Feature", "properties": { "technicien": "Aurélien GUERIN", "secteur": 6 }, "geometry": { "type": "Point", "coordinates": [ 4.7502558, 45.7782877 ] } },
{ "type": "Feature", "properties": { "technicien": "Christopher WILTORD", "secteur": 53 }, "geometry": { "type": "Point", "coordinates": [ 4.8773806, 45.7433063 ] } },
{ "type": "Feature", "properties": { "technicien": "Christopher WILTORD", "secteur": 53 }, "geometry": { "type": "Point", "coordinates": [ 4.877576, 45.7432391 ] } },
{ "type": "Feature", "properties": { "technicien": "Christopher WILTORD", "secteur": 53 }, "geometry": { "type": "Point", "coordinates": [ 4.8777726, 45.7431714 ] } },
{ "type": "Feature", "properties": { "technicien": "Aurélien GUERIN", "secteur": 6 }, "geometry": { "type": "Point", "coordinates": [ 4.514811, 45.88559 ] } },
{ "type": "Feature", "properties": { "technicien": "Christopher WILTORD", "secteur": 53 }, "geometry": { "type": "Point", "coordinates": [ 4.8458117, 45.761732 ] } },
{ "type": "Feature", "properties": { "technicien": "Christopher WILTORD", "secteur": 53 }, "geometry": { "type": "Point", "coordinates": [ 4.8458117, 45.761732 ] } },
{ "type": "Feature", "properties": { "technicien": "Aurélien GUERIN", "secteur": 6 }, "geometry": { "type": "Point", "coordinates": [ 4.5946123, 45.8122814 ] } },
{ "type": "Feature", "properties": { "technicien": "Romain RICORDEAU ", "secteur": 21 }, "geometry": { "type": "Point", "coordinates": [ 4.8670295, 45.7257037 ] } },
{ "type": "Feature", "properties": { "technicien": "Romain RICORDEAU ", "secteur": 21 }, "geometry": { "type": "Point", "coordinates": [ 4.8064326, 45.7759454 ] } },
{ "type": "Feature", "properties": { "technicien": "Romain RICORDEAU ", "secteur": 21 }, "geometry": { "type": "Point", "coordinates": [ 4.8064326, 45.7759454 ] } },
{ "type": "Feature", "properties": { "technicien": "Olivier VUILLAUME ", "secteur": 58 }, "geometry": { "type": "Point", "coordinates": [ 4.966695, 45.6768766 ] } },
{ "type": "Feature", "properties": { "technicien": "Olivier VUILLAUME ", "secteur": 58 }, "geometry": { "type": "Point", "coordinates": [ 4.966695, 45.6768766 ] } },
{ "type": "Feature", "properties": { "technicien": "Romain RICORDEAU ", "secteur": 21 }, "geometry": { "type": "Point", "coordinates": [ 4.8457588, 45.7206265 ] } },
{ "type": "Feature", "properties": { "technicien": "Romain RICORDEAU ", "secteur": 21 }, "geometry": { "type": "Point", "coordinates": [ 4.8522309, 45.7535203 ] } },
{ "type": "Feature", "properties": { "technicien": "Olivier VUILLAUME ", "secteur": 58 }, "geometry": { "type": "Point", "coordinates": [ 4.9077146, 45.7164457 ] } },
{ "type": "Feature", "properties": { "technicien": "Olivier VUILLAUME ", "secteur": 58 }, "geometry": { "type": "Point", "coordinates": [ 4.9077146, 45.7164457 ] } },
{ "type": "Feature", "properties": { "technicien": "Olivier VUILLAUME ", "secteur": 58 }, "geometry": { "type": "Point", "coordinates": [ 4.9077146, 45.7164457 ] } },
{ "type": "Feature", "properties": { "technicien": "Olivier VUILLAUME ", "secteur": 58 }, "geometry": { "type": "Point", "coordinates": [ 4.9077146, 45.7164457 ] } },
{ "type": "Feature", "properties": { "technicien": "Mohamed BESSAFI", "secteur": 45 }, "geometry": { "type": "Point", "coordinates": [ 4.8315378, 45.7356922 ] } },
{ "type": "Feature", "properties": { "technicien": "Romain RICORDEAU ", "secteur": 21 }, "geometry": { "type": "Point", "coordinates": [ 4.8101093, 45.7339427 ] } },
{ "type": "Feature", "properties": { "technicien": "Aurélien GUERIN", "secteur": 6 }, "geometry": { "type": "Point", "coordinates": [ 4.7721801, 45.7585741 ] } },
{ "type": "Feature", "properties": { "technicien": "Romain RICORDEAU ", "secteur": 21 }, "geometry": { "type": "Point", "coordinates": [ 4.9834357, 45.7324291 ] } },
{ "type": "Feature", "properties": { "technicien": "Guillaume LANGLOIS", "secteur": 70 }, "geometry": { "type": "Point", "coordinates": [ 4.798991, 45.372051 ] } },
{ "type": "Feature", "properties": { "technicien": "Yaya DOUCOURE ", "secteur": 56 }, "geometry": { "type": "Point", "coordinates": [ 4.8222653, 45.7476946 ] } },
{ "type": "Feature", "properties": { "technicien": "Nouredine BOUNAAS", "secteur": 72 }, "geometry": { "type": "Point", "coordinates": [ 4.8036864, 45.7796112 ] } },
{ "type": "Feature", "properties": { "technicien": "Christopher WILTORD", "secteur": 53 }, "geometry": { "type": "Point", "coordinates": [ 4.8901808, 45.753002 ] } },
{ "type": "Feature", "properties": { "technicien": "Luc CHAROLLAIS", "secteur": 27 }, "geometry": { "type": "Point", "coordinates": [ 4.8948783, 45.7712751 ] } },
{ "type": "Feature", "properties": { "technicien": "Olivier VUILLAUME ", "secteur": 58 }, "geometry": { "type": "Point", "coordinates": [ 4.9159768, 45.7107869 ] } },
{ "type": "Feature", "properties": { "technicien": "Olivier VUILLAUME ", "secteur": 58 }, "geometry": { "type": "Point", "coordinates": [ 4.9159768, 45.7107869 ] } },
{ "type": "Feature", "properties": { "technicien": "Nefis ALIOUCHE", "secteur": 47 }, "geometry": { "type": "Point", "coordinates": [ 4.9209974, 45.7599313 ] } },
{ "type": "Feature", "properties": { "technicien": "Nefis ALIOUCHE", "secteur": 47 }, "geometry": { "type": "Point", "coordinates": [ 4.9209974, 45.7599313 ] } },
{ "type": "Feature", "properties": { "technicien": "Nefis ALIOUCHE", "secteur": 47 }, "geometry": { "type": "Point", "coordinates": [ 4.9209974, 45.7599313 ] } },
{ "type": "Feature", "properties": { "technicien": "Nefis ALIOUCHE", "secteur": 47 }, "geometry": { "type": "Point", "coordinates": [ 4.9209974, 45.7599313 ] } },
{ "type": "Feature", "properties": { "technicien": "Guillaume LANGLOIS", "secteur": 70 }, "geometry": { "type": "Point", "coordinates": [ 4.9827286, 45.7350374 ] } },
{ "type": "Feature", "properties": { "technicien": "Guillaume LANGLOIS", "secteur": 70 }, "geometry": { "type": "Point", "coordinates": [ 4.9996356, 45.768178 ] } },
{ "type": "Feature", "properties": { "technicien": "Guillaume LANGLOIS", "secteur": 70 }, "geometry": { "type": "Point", "coordinates": [ 4.9996255, 45.7679487 ] } },
{ "type": "Feature", "properties": { "technicien": "Christopher WILTORD", "secteur": 53 }, "geometry": { "type": "Point", "coordinates": [ 4.8934509, 45.7421773 ] } },
{ "type": "Feature", "properties": { "technicien": "Christopher WILTORD", "secteur": 53 }, "geometry": { "type": "Point", "coordinates": [ 4.8519972, 45.7322746 ] } },
{ "type": "Feature", "properties": { "technicien": "Christopher WILTORD", "secteur": 53 }, "geometry": { "type": "Point", "coordinates": [ 4.8520072, 45.7321348 ] } },
{ "type": "Feature", "properties": { "technicien": "Christopher WILTORD", "secteur": 53 }, "geometry": { "type": "Point", "coordinates": [ 4.8527146, 45.7320378 ] } },
{ "type": "Feature", "properties": { "technicien": "Christopher WILTORD", "secteur": 53 }, "geometry": { "type": "Point", "coordinates": [ 4.8528746, 45.7320433 ] } },
{ "type": "Feature", "properties": { "technicien": "Christopher WILTORD", "secteur": 53 }, "geometry": { "type": "Point", "coordinates": [ 4.8530894, 45.7320732 ] } },
{ "type": "Feature", "properties": { "technicien": "Christopher WILTORD", "secteur": 53 }, "geometry": { "type": "Point", "coordinates": [ 4.853296, 45.7325221 ] } },
{ "type": "Feature", "properties": { "technicien": "Christopher WILTORD", "secteur": 53 }, "geometry": { "type": "Point", "coordinates": [ 4.8533023, 45.7323648 ] } },
{ "type": "Feature", "properties": { "technicien": "Christopher WILTORD", "secteur": 53 }, "geometry": { "type": "Point", "coordinates": [ 4.8533087, 45.7322073 ] } },
{ "type": "Feature", "properties": { "technicien": "Guillaume LANGLOIS", "secteur": 70 }, "geometry": { "type": "Point", "coordinates": [ 5.2608369, 45.5854959 ] } },
{ "type": "Feature", "properties": { "technicien": "Guillaume LANGLOIS", "secteur": 70 }, "geometry": { "type": "Point", "coordinates": [ 5.2608369, 45.5854959 ] } },
{ "type": "Feature", "properties": { "technicien": "Olivier VUILLAUME ", "secteur": 58 }, "geometry": { "type": "Point", "coordinates": [ 5.2608369, 45.5854959 ] } },
{ "type": "Feature", "properties": { "technicien": "Guillaume LANGLOIS", "secteur": 70 }, "geometry": { "type": "Point", "coordinates": [ 5.2608369, 45.5854959 ] } },
{ "type": "Feature", "properties": { "technicien": "Aurélien GUERIN", "secteur": 6 }, "geometry": { "type": "Point", "coordinates": [ 4.749173, 45.7841934 ] } },
{ "type": "Feature", "properties": { "technicien": "Yann GENIEIS", "secteur": 73 }, "geometry": { "type": "Point", "coordinates": [ 4.7799222, 45.6007899 ] } },
{ "type": "Feature", "properties": { "technicien": "Aurélien GUERIN", "secteur": 6 }, "geometry": { "type": "Point", "coordinates": [ 4.6823988, 45.7322244 ] } },
{ "type": "Feature", "properties": { "technicien": "Luc CHAROLLAIS", "secteur": 27 }, "geometry": { "type": "Point", "coordinates": [ 4.8864929, 45.7556209 ] } },
{ "type": "Feature", "properties": { "technicien": "Aurélien GUERIN", "secteur": 6 }, "geometry": { "type": "Point", "coordinates": [ 4.7502558, 45.7782877 ] } },
{ "type": "Feature", "properties": { "technicien": "Nefis ALIOUCHE", "secteur": 47 }, "geometry": { "type": "Point", "coordinates": [ 4.8554213, 45.8059147 ] } },
{ "type": "Feature", "properties": { "technicien": "Nefis ALIOUCHE", "secteur": 47 }, "geometry": { "type": "Point", "coordinates": [ 4.8554213, 45.8059147 ] } },
{ "type": "Feature", "properties": { "technicien": "Yaya DOUCOURE ", "secteur": 56 }, "geometry": { "type": "Point", "coordinates": [ 4.8439517, 45.7739526 ] } },
{ "type": "Feature", "properties": { "technicien": "Luc CHAROLLAIS", "secteur": 27 }, "geometry": { "type": "Point", "coordinates": [ 4.8742449, 45.7732604 ] } },
{ "type": "Feature", "properties": { "technicien": "Christopher WILTORD", "secteur": 53 }, "geometry": { "type": "Point", "coordinates": [ 4.8613965, 45.7542807 ] } },
{ "type": "Feature", "properties": { "technicien": "Aurélien GUERIN", "secteur": 6 }, "geometry": { "type": "Point", "coordinates": [ 4.4342728, 45.8944801 ] } },
{ "type": "Feature", "properties": { "technicien": "Luc CHAROLLAIS", "secteur": 27 }, "geometry": { "type": "Point", "coordinates": [ 4.8742449, 45.7732604 ] } },
{ "type": "Feature", "properties": { "technicien": "Nefis ALIOUCHE", "secteur": 47 }, "geometry": { "type": "Point", "coordinates": [ 4.9290323, 45.7812138 ] } },
{ "type": "Feature", "properties": { "technicien": "Khalil BELLAL", "secteur": 65 }, "geometry": { "type": "Point", "coordinates": [ 4.925619, 45.6969931 ] } },
{ "type": "Feature", "properties": { "technicien": "Khalil BELLAL", "secteur": 65 }, "geometry": { "type": "Point", "coordinates": [ 4.8619111, 45.7123424 ] } },
{ "type": "Feature", "properties": { "technicien": "Kenzy CHABBI", "secteur": 71 }, "geometry": { "type": "Point", "coordinates": [ 4.8104504, 45.7199843 ] } },
{ "type": "Feature", "properties": { "technicien": "Mohamed BESSAFI", "secteur": 45 }, "geometry": { "type": "Point", "coordinates": [ 4.8416244, 45.7395703 ] } },
{ "type": "Feature", "properties": { "technicien": "Yann GENIEIS", "secteur": 73 }, "geometry": { "type": "Point", "coordinates": [ 4.7683009, 45.5840777 ] } },
{ "type": "Feature", "properties": { "technicien": "Romain RICORDEAU ", "secteur": 21 }, "geometry": { "type": "Point", "coordinates": [ 4.8742449, 45.7732604 ] } },
{ "type": "Feature", "properties": { "technicien": "Yann GENIEIS", "secteur": 73 }, "geometry": { "type": "Point", "coordinates": [ 4.8678548, 45.7075853 ] } },
{ "type": "Feature", "properties": { "technicien": "Yann GENIEIS", "secteur": 73 }, "geometry": { "type": "Point", "coordinates": [ 4.8678548, 45.7075853 ] } },
{ "type": "Feature", "properties": { "technicien": "Romain RICORDEAU ", "secteur": 21 }, "geometry": { "type": "Point", "coordinates": [ 4.9290323, 45.7812138 ] } },
{ "type": "Feature", "properties": { "technicien": "Olivier VUILLAUME ", "secteur": 58 }, "geometry": { "type": "Point", "coordinates": [ 4.9256411, 45.6970041 ] } },
{ "type": "Feature", "properties": { "technicien": "Yann GENIEIS", "secteur": 73 }, "geometry": { "type": "Point", "coordinates": [ 4.8619111, 45.7123424 ] } },
{ "type": "Feature", "properties": { "technicien": "Romain RICORDEAU ", "secteur": 21 }, "geometry": { "type": "Point", "coordinates": [ 4.8838713, 45.8151322 ] } },
{ "type": "Feature", "properties": { "technicien": "Yann GENIEIS", "secteur": 73 }, "geometry": { "type": "Point", "coordinates": [ 4.8104504, 45.7199843 ] } },
{ "type": "Feature", "properties": { "technicien": "Romain RICORDEAU ", "secteur": 21 }, "geometry": { "type": "Point", "coordinates": [ 4.8416244, 45.7395703 ] } },
{ "type": "Feature", "properties": { "technicien": "Romain RICORDEAU ", "secteur": 21 }, "geometry": { "type": "Point", "coordinates": [ 4.9172111, 45.7302424 ] } },
{ "type": "Feature", "properties": { "technicien": "Romain RICORDEAU ", "secteur": 21 }, "geometry": { "type": "Point", "coordinates": [ 4.9172111, 45.7302424 ] } },
{ "type": "Feature", "properties": { "technicien": "Romain RICORDEAU ", "secteur": 21 }, "geometry": { "type": "Point", "coordinates": [ 4.8742449, 45.7732604 ] } },
{ "type": "Feature", "properties": { "technicien": "Romain RICORDEAU ", "secteur": 21 }, "geometry": { "type": "Point", "coordinates": [ 4.8742449, 45.7732604 ] } },
{ "type": "Feature", "properties": { "technicien": "Romain RICORDEAU ", "secteur": 21 }, "geometry": { "type": "Point", "coordinates": [ 4.8742449, 45.7732604 ] } },
{ "type": "Feature", "properties": { "technicien": "Romain RICORDEAU ", "secteur": 21 }, "geometry": { "type": "Point", "coordinates": [ 4.8742449, 45.7732604 ] } },
{ "type": "Feature", "properties": { "technicien": "Romain RICORDEAU ", "secteur": 21 }, "geometry": { "type": "Point", "coordinates": [ 4.8742449, 45.7732604 ] } },
{ "type": "Feature", "properties": { "technicien": "Romain RICORDEAU ", "secteur": 21 }, "geometry": { "type": "Point", "coordinates": [ 4.8742449, 45.7732604 ] } },
{ "type": "Feature", "properties": { "technicien": "Romain RICORDEAU ", "secteur": 21 }, "geometry": { "type": "Point", "coordinates": [ 4.8742449, 45.7732604 ] } },
{ "type": "Feature", "properties": { "technicien": "Romain RICORDEAU ", "secteur": 21 }, "geometry": { "type": "Point", "coordinates": [ 4.8742449, 45.7732604 ] } },
{ "type": "Feature", "properties": { "technicien": "Romain RICORDEAU ", "secteur": 21 }, "geometry": { "type": "Point", "coordinates": [ 4.8742449, 45.7732604 ] } },
{ "type": "Feature", "properties": { "technicien": "Romain RICORDEAU ", "secteur": 21 }, "geometry": { "type": "Point", "coordinates": [ 4.8742449, 45.7732604 ] } },
{ "type": "Feature", "properties": { "technicien": "Romain RICORDEAU ", "secteur": 21 }, "geometry": { "type": "Point", "coordinates": [ 4.8742449, 45.7732604 ] } },
{ "type": "Feature", "properties": { "technicien": "Romain RICORDEAU ", "secteur": 21 }, "geometry": { "type": "Point", "coordinates": [ 4.8742449, 45.7732604 ] } },
{ "type": "Feature", "properties": { "technicien": "Romain RICORDEAU ", "secteur": 21 }, "geometry": { "type": "Point", "coordinates": [ 4.8742449, 45.7732604 ] } },
{ "type": "Feature", "properties": { "technicien": "Yann GENIEIS", "secteur": 73 }, "geometry": { "type": "Point", "coordinates": [ 4.8678548, 45.7075853 ] } },
{ "type": "Feature", "properties": { "technicien": "Romain RICORDEAU ", "secteur": 21 }, "geometry": { "type": "Point", "coordinates": [ 4.9290323, 45.7812138 ] } },
{ "type": "Feature", "properties": { "technicien": "Romain RICORDEAU ", "secteur": 21 }, "geometry": { "type": "Point", "coordinates": [ 4.9290323, 45.7812138 ] } },
{ "type": "Feature", "properties": { "technicien": "Yann GENIEIS", "secteur": 73 }, "geometry": { "type": "Point", "coordinates": [ 4.5964772, 45.8231577 ] } },
{ "type": "Feature", "properties": { "technicien": "Yann GENIEIS", "secteur": 73 }, "geometry": { "type": "Point", "coordinates": [ 4.5964772, 45.8231577 ] } },
{ "type": "Feature", "properties": { "technicien": "Yann GENIEIS", "secteur": 73 }, "geometry": { "type": "Point", "coordinates": [ 4.5964772, 45.8231577 ] } },
{ "type": "Feature", "properties": { "technicien": "Olivier VUILLAUME ", "secteur": 58 }, "geometry": { "type": "Point", "coordinates": [ 4.9256411, 45.6970041 ] } },
{ "type": "Feature", "properties": { "technicien": "Olivier VUILLAUME ", "secteur": 58 }, "geometry": { "type": "Point", "coordinates": [ 4.9256411, 45.6970041 ] } },
{ "type": "Feature", "properties": { "technicien": "Yann GENIEIS", "secteur": 73 }, "geometry": { "type": "Point", "coordinates": [ 4.8619111, 45.7123424 ] } },
{ "type": "Feature", "properties": { "technicien": "Yann GENIEIS", "secteur": 73 }, "geometry": { "type": "Point", "coordinates": [ 4.8619111, 45.7123424 ] } },
{ "type": "Feature", "properties": { "technicien": "Yann GENIEIS", "secteur": 73 }, "geometry": { "type": "Point", "coordinates": [ 4.8619111, 45.7123424 ] } },
{ "type": "Feature", "properties": { "technicien": "Romain RICORDEAU ", "secteur": 21 }, "geometry": { "type": "Point", "coordinates": [ 4.8838713, 45.8151322 ] } },
{ "type": "Feature", "properties": { "technicien": "Yann GENIEIS", "secteur": 73 }, "geometry": { "type": "Point", "coordinates": [ 4.8104504, 45.7199843 ] } },
{ "type": "Feature", "properties": { "technicien": "Romain RICORDEAU ", "secteur": 21 }, "geometry": { "type": "Point", "coordinates": [ 4.8679707, 45.746534 ] } },
{ "type": "Feature", "properties": { "technicien": "Romain RICORDEAU ", "secteur": 21 }, "geometry": { "type": "Point", "coordinates": [ 4.8679707, 45.746534 ] } },
{ "type": "Feature", "properties": { "technicien": "Romain RICORDEAU ", "secteur": 21 }, "geometry": { "type": "Point", "coordinates": [ 4.8307549, 45.7753729 ] } },
{ "type": "Feature", "properties": { "technicien": "Yann GENIEIS", "secteur": 73 }, "geometry": { "type": "Point", "coordinates": [ 4.7683009, 45.5840777 ] } },
{ "type": "Feature", "properties": { "technicien": "Romain RICORDEAU ", "secteur": 21 }, "geometry": { "type": "Point", "coordinates": [ 4.8742449, 45.7732604 ] } },
{ "type": "Feature", "properties": { "technicien": "Yann GENIEIS", "secteur": 73 }, "geometry": { "type": "Point", "coordinates": [ 4.5964772, 45.8231577 ] } },
{ "type": "Feature", "properties": { "technicien": "Yann GENIEIS", "secteur": 73 }, "geometry": { "type": "Point", "coordinates": [ 4.8619111, 45.7123424 ] } },
{ "type": "Feature", "properties": { "technicien": "Olivier VUILLAUME ", "secteur": 58 }, "geometry": { "type": "Point", "coordinates": [ 5.4444299, 45.5648726 ] } },
{ "type": "Feature", "properties": { "technicien": "Olivier VUILLAUME ", "secteur": 58 }, "geometry": { "type": "Point", "coordinates": [ 5.7017428, 45.7399621 ] } },
{ "type": "Feature", "properties": { "technicien": "Guillaume LANGLOIS", "secteur": 70 }, "geometry": { "type": "Point", "coordinates": [ 5.0576931, 45.8471609 ] } },
{ "type": "Feature", "properties": { "technicien": "Guillaume LANGLOIS", "secteur": 70 }, "geometry": { "type": "Point", "coordinates": [ 5.190654, 45.753781 ] } },
{ "type": "Feature", "properties": { "technicien": "Guillaume LANGLOIS", "secteur": 70 }, "geometry": { "type": "Point", "coordinates": [ 5.4485777, 45.5663911 ] } },
{ "type": "Feature", "properties": { "technicien": "Olivier VUILLAUME ", "secteur": 58 }, "geometry": { "type": "Point", "coordinates": [ 5.0576931, 45.8471609 ] } },
{ "type": "Feature", "properties": { "technicien": "Romain RICORDEAU ", "secteur": 21 }, "geometry": { "type": "Point", "coordinates": [ 5.1553311, 45.6133446 ] } },
{ "type": "Feature", "properties": { "technicien": "Olivier VUILLAUME ", "secteur": 58 }, "geometry": { "type": "Point", "coordinates": [ 5.190654, 45.753781 ] } },
{ "type": "Feature", "properties": { "technicien": "Olivier VUILLAUME ", "secteur": 58 }, "geometry": { "type": "Point", "coordinates": [ 5.0576931, 45.8471609 ] } },
{ "type": "Feature", "properties": { "technicien": "Olivier VUILLAUME ", "secteur": 58 }, "geometry": { "type": "Point", "coordinates": [ 5.0576931, 45.8471609 ] } },
{ "type": "Feature", "properties": { "technicien": "Olivier VUILLAUME ", "secteur": 58 }, "geometry": { "type": "Point", "coordinates": [ 5.0576931, 45.8471609 ] } },
{ "type": "Feature", "properties": { "technicien": "Olivier VUILLAUME ", "secteur": 58 }, "geometry": { "type": "Point", "coordinates": [ 5.0576931, 45.8471609 ] } },
{ "type": "Feature", "properties": { "technicien": "Romain RICORDEAU ", "secteur": 21 }, "geometry": { "type": "Point", "coordinates": [ 5.1553311, 45.6133446 ] } },
{ "type": "Feature", "properties": { "technicien": "Romain RICORDEAU ", "secteur": 21 }, "geometry": { "type": "Point", "coordinates": [ 5.1553311, 45.6133446 ] } },
{ "type": "Feature", "properties": { "technicien": "Olivier VUILLAUME ", "secteur": 58 }, "geometry": { "type": "Point", "coordinates": [ 5.190654, 45.753781 ] } },
{ "type": "Feature", "properties": { "technicien": "Luc CHAROLLAIS", "secteur": 27 }, "geometry": { "type": "Point", "coordinates": [ 4.8773592, 45.7655644 ] } },
{ "type": "Feature", "properties": { "technicien": "Yann GENIEIS", "secteur": 73 }, "geometry": { "type": "Point", "coordinates": [ 4.7683009, 45.5840777 ] } },
{ "type": "Feature", "properties": { "technicien": "Olivier VUILLAUME ", "secteur": 58 }, "geometry": { "type": "Point", "coordinates": [ 5.3329086, 45.9612007 ] } },
{ "type": "Feature", "properties": { "technicien": "Olivier VUILLAUME ", "secteur": 58 }, "geometry": { "type": "Point", "coordinates": [ 5.3329086, 45.9612007 ] } },
{ "type": "Feature", "properties": { "technicien": "Olivier VUILLAUME ", "secteur": 58 }, "geometry": { "type": "Point", "coordinates": [ 5.3329086, 45.9612007 ] } },
{ "type": "Feature", "properties": { "technicien": "Guillaume LANGLOIS", "secteur": 70 }, "geometry": { "type": "Point", "coordinates": [ 5.3329086, 45.9612007 ] } },
{ "type": "Feature", "properties": { "technicien": "Romain RICORDEAU ", "secteur": 21 }, "geometry": { "type": "Point", "coordinates": [ 4.8613965, 45.7542807 ] } },
{ "type": "Feature", "properties": { "technicien": "Olivier VUILLAUME ", "secteur": 58 }, "geometry": { "type": "Point", "coordinates": [ 4.9186953, 45.7127692 ] } },
{ "type": "Feature", "properties": { "technicien": "Olivier VUILLAUME ", "secteur": 58 }, "geometry": { "type": "Point", "coordinates": [ 4.9186953, 45.7127692 ] } },
{ "type": "Feature", "properties": { "technicien": "Olivier VUILLAUME ", "secteur": 58 }, "geometry": { "type": "Point", "coordinates": [ 4.9186953, 45.7127692 ] } },
{ "type": "Feature", "properties": { "technicien": "Olivier VUILLAUME ", "secteur": 58 }, "geometry": { "type": "Point", "coordinates": [ 4.9186953, 45.7127692 ] } },
{ "type": "Feature", "properties": { "technicien": "Khalil BELLAL", "secteur": 65 }, "geometry": { "type": "Point", "coordinates": [ 4.9186953, 45.7127692 ] } },
{ "type": "Feature", "properties": { "technicien": "Luc CHAROLLAIS", "secteur": 27 }, "geometry": { "type": "Point", "coordinates": [ 4.9011795, 45.7645942 ] } },
{ "type": "Feature", "properties": { "technicien": "Mohamed BESSAFI", "secteur": 45 }, "geometry": { "type": "Point", "coordinates": [ 4.8744661, 45.7312166 ] } },
{ "type": "Feature", "properties": { "technicien": "Romain RICORDEAU ", "secteur": 21 }, "geometry": { "type": "Point", "coordinates": [ 4.8723535, 45.8065761 ] } },
{ "type": "Feature", "properties": { "technicien": "Nefis ALIOUCHE", "secteur": 47 }, "geometry": { "type": "Point", "coordinates": [ 4.9206619, 45.7740287 ] } },
{ "type": "Feature", "properties": { "technicien": "Nefis ALIOUCHE", "secteur": 47 }, "geometry": { "type": "Point", "coordinates": [ 4.9203261, 45.7740759 ] } },
{ "type": "Feature", "properties": { "technicien": "Yann GENIEIS", "secteur": 73 }, "geometry": { "type": "Point", "coordinates": [ 4.7294614, 45.748719 ] } },
{ "type": "Feature", "properties": { "technicien": "Nefis ALIOUCHE", "secteur": 47 }, "geometry": { "type": "Point", "coordinates": [ 4.8877782, 45.814779 ] } },
{ "type": "Feature", "properties": { "technicien": "Nefis ALIOUCHE", "secteur": 47 }, "geometry": { "type": "Point", "coordinates": [ 4.8877782, 45.814779 ] } },
{ "type": "Feature", "properties": { "technicien": "Yann GENIEIS", "secteur": 73 }, "geometry": { "type": "Point", "coordinates": [ 4.7732049, 45.8056634 ] } },
{ "type": "Feature", "properties": { "technicien": "Yann GENIEIS", "secteur": 73 }, "geometry": { "type": "Point", "coordinates": [ 4.7732049, 45.8056634 ] } },
{ "type": "Feature", "properties": { "technicien": "Yann GENIEIS", "secteur": 73 }, "geometry": { "type": "Point", "coordinates": [ 4.7732049, 45.8056634 ] } },
{ "type": "Feature", "properties": { "technicien": "Nefis ALIOUCHE", "secteur": 47 }, "geometry": { "type": "Point", "coordinates": [ 4.8540226, 45.7890041 ] } },
{ "type": "Feature", "properties": { "technicien": "Olivier VUILLAUME ", "secteur": 58 }, "geometry": { "type": "Point", "coordinates": [ 5.4444299, 45.5648726 ] } },
{ "type": "Feature", "properties": { "technicien": "Olivier VUILLAUME ", "secteur": 58 }, "geometry": { "type": "Point", "coordinates": [ 5.4444299, 45.5648726 ] } },
{ "type": "Feature", "properties": { "technicien": "Olivier VUILLAUME ", "secteur": 58 }, "geometry": { "type": "Point", "coordinates": [ 5.4444299, 45.5648726 ] } },
{ "type": "Feature", "properties": { "technicien": "Olivier VUILLAUME ", "secteur": 58 }, "geometry": { "type": "Point", "coordinates": [ 5.4444299, 45.5648726 ] } },
{ "type": "Feature", "properties": { "technicien": "Romain RICORDEAU ", "secteur": 21 }, "geometry": { "type": "Point", "coordinates": [ 4.8613965, 45.7542807 ] } },
{ "type": "Feature", "properties": { "technicien": "Mohamed BESSAFI", "secteur": 45 }, "geometry": { "type": "Point", "coordinates": [ 4.8416244, 45.7395703 ] } },
{ "type": "Feature", "properties": { "technicien": "Romain RICORDEAU ", "secteur": 21 }, "geometry": { "type": "Point", "coordinates": [ 4.8307549, 45.7753729 ] } },
{ "type": "Feature", "properties": { "technicien": "Romain RICORDEAU ", "secteur": 21 }, "geometry": { "type": "Point", "coordinates": [ 4.8679707, 45.746534 ] } },
{ "type": "Feature", "properties": { "technicien": "Yann GENIEIS", "secteur": 73 }, "geometry": { "type": "Point", "coordinates": [ 4.4342728, 45.8944801 ] } },
{ "type": "Feature", "properties": { "technicien": "Yann GENIEIS", "secteur": 73 }, "geometry": { "type": "Point", "coordinates": [ 4.4342728, 45.8944801 ] } },
{ "type": "Feature", "properties": { "technicien": "Yann GENIEIS", "secteur": 73 }, "geometry": { "type": "Point", "coordinates": [ 4.804312, 45.363267 ] } },
{ "type": "Feature", "properties": { "technicien": "Yann GENIEIS", "secteur": 73 }, "geometry": { "type": "Point", "coordinates": [ 4.804312, 45.363267 ] } },
{ "type": "Feature", "properties": { "technicien": "Yaya DOUCOURE ", "secteur": 56 }, "geometry": { "type": "Point", "coordinates": [ 4.8429038, 45.7659258 ] } },
{ "type": "Feature", "properties": { "technicien": "Guillaume LANGLOIS", "secteur": 70 }, "geometry": { "type": "Point", "coordinates": [ 4.9178085, 45.5594103 ] } },
{ "type": "Feature", "properties": { "technicien": "Guillaume LANGLOIS", "secteur": 70 }, "geometry": { "type": "Point", "coordinates": [ 4.9178085, 45.5594103 ] } },
{ "type": "Feature", "properties": { "technicien": "Guillaume LANGLOIS", "secteur": 70 }, "geometry": { "type": "Point", "coordinates": [ 4.9356348, 45.7481832 ] } },
{ "type": "Feature", "properties": { "technicien": "Mohamed BESSAFI", "secteur": 45 }, "geometry": { "type": "Point", "coordinates": [ 4.8507797, 45.7490515 ] } },
{ "type": "Feature", "properties": { "technicien": "Nefis ALIOUCHE", "secteur": 47 }, "geometry": { "type": "Point", "coordinates": [ 4.8643357, 45.7976708 ] } },
{ "type": "Feature", "properties": { "technicien": "Christopher WILTORD", "secteur": 53 }, "geometry": { "type": "Point", "coordinates": [ 4.850818, 45.7561324 ] } },
{ "type": "Feature", "properties": { "technicien": "Christopher WILTORD", "secteur": 53 }, "geometry": { "type": "Point", "coordinates": [ 4.8509814, 45.7561352 ] } },
{ "type": "Feature", "properties": { "technicien": "Mohamed BESSAFI", "secteur": 45 }, "geometry": { "type": "Point", "coordinates": [ 4.8322729, 45.7356233 ] } },
{ "type": "Feature", "properties": { "technicien": "Luc CHAROLLAIS", "secteur": 27 }, "geometry": { "type": "Point", "coordinates": [ 4.8850625, 45.7685935 ] } },
{ "type": "Feature", "properties": { "technicien": "Luc CHAROLLAIS", "secteur": 27 }, "geometry": { "type": "Point", "coordinates": [ 4.8850625, 45.7685935 ] } },
{ "type": "Feature", "properties": { "technicien": "Luc CHAROLLAIS", "secteur": 27 }, "geometry": { "type": "Point", "coordinates": [ 4.8850625, 45.7685935 ] } },
{ "type": "Feature", "properties": { "technicien": "Aurélien GUERIN", "secteur": 6 }, "geometry": { "type": "Point", "coordinates": [ 4.7761559, 45.7638505 ] } },
{ "type": "Feature", "properties": { "technicien": "Yann GENIEIS", "secteur": 73 }, "geometry": { "type": "Point", "coordinates": [ 4.804312, 45.363267 ] } },
{ "type": "Feature", "properties": { "technicien": "Yann GENIEIS", "secteur": 73 }, "geometry": { "type": "Point", "coordinates": [ 4.804312, 45.363267 ] } },
{ "type": "Feature", "properties": { "technicien": "Yann GENIEIS", "secteur": 73 }, "geometry": { "type": "Point", "coordinates": [ 4.804312, 45.363267 ] } },
{ "type": "Feature", "properties": { "technicien": "Romain RICORDEAU ", "secteur": 21 }, "geometry": { "type": "Point", "coordinates": [ 4.996934, 45.7667109 ] } },
{ "type": "Feature", "properties": { "technicien": "Romain RICORDEAU ", "secteur": 21 }, "geometry": { "type": "Point", "coordinates": [ 4.8742449, 45.7732604 ] } },
{ "type": "Feature", "properties": { "technicien": "Romain RICORDEAU ", "secteur": 21 }, "geometry": { "type": "Point", "coordinates": [ 4.8742449, 45.7732604 ] } },
{ "type": "Feature", "properties": { "technicien": "Romain RICORDEAU ", "secteur": 21 }, "geometry": { "type": "Point", "coordinates": [ 4.8742449, 45.7732604 ] } },
{ "type": "Feature", "properties": { "technicien": "Romain RICORDEAU ", "secteur": 21 }, "geometry": { "type": "Point", "coordinates": [ 4.8742449, 45.7732604 ] } },
{ "type": "Feature", "properties": { "technicien": "Romain RICORDEAU ", "secteur": 21 }, "geometry": { "type": "Point", "coordinates": [ 4.8742449, 45.7732604 ] } },
{ "type": "Feature", "properties": { "technicien": "Romain RICORDEAU ", "secteur": 21 }, "geometry": { "type": "Point", "coordinates": [ 4.8742449, 45.7732604 ] } },
{ "type": "Feature", "properties": { "technicien": "Olivier VUILLAUME ", "secteur": 58 }, "geometry": { "type": "Point", "coordinates": [ 4.789212, 45.939352 ] } },
{ "type": "Feature", "properties": { "technicien": "Aurélien GUERIN", "secteur": 6 }, "geometry": { "type": "Point", "coordinates": [ 4.5761923, 45.8183105 ] } },
{ "type": "Feature", "properties": { "technicien": "Nouredine BOUNAAS", "secteur": 72 }, "geometry": { "type": "Point", "coordinates": [ 4.8075244, 45.7629326 ] } },
{ "type": "Feature", "properties": { "technicien": "Nouredine BOUNAAS", "secteur": 72 }, "geometry": { "type": "Point", "coordinates": [ 4.8076436, 45.7627939 ] } },
{ "type": "Feature", "properties": { "technicien": "Yaya DOUCOURE ", "secteur": 56 }, "geometry": { "type": "Point", "coordinates": [ 4.8216942, 45.7471264 ] } },
{ "type": "Feature", "properties": { "technicien": "Yaya DOUCOURE ", "secteur": 56 }, "geometry": { "type": "Point", "coordinates": [ 4.8216942, 45.7471264 ] } },
{ "type": "Feature", "properties": { "technicien": "Nouredine BOUNAAS", "secteur": 72 }, "geometry": { "type": "Point", "coordinates": [ 4.7980788, 45.7784274 ] } },
{ "type": "Feature", "properties": { "technicien": "Luc CHAROLLAIS", "secteur": 27 }, "geometry": { "type": "Point", "coordinates": [ 4.8687772, 45.7696985 ] } },
{ "type": "Feature", "properties": { "technicien": "Khalil BELLAL", "secteur": 65 }, "geometry": { "type": "Point", "coordinates": [ 4.9136747, 45.7103364 ] } },
{ "type": "Feature", "properties": { "technicien": "Romain RICORDEAU ", "secteur": 21 }, "geometry": { "type": "Point", "coordinates": [ 4.8960548, 45.7747238 ] } },
{ "type": "Feature", "properties": { "technicien": "Romain RICORDEAU ", "secteur": 21 }, "geometry": { "type": "Point", "coordinates": [ 4.852801, 45.7555741 ] } },
{ "type": "Feature", "properties": { "technicien": "Romain RICORDEAU ", "secteur": 21 }, "geometry": { "type": "Point", "coordinates": [ 4.8528262, 45.7554353 ] } },
{ "type": "Feature", "properties": { "technicien": "Anouar BEN MESSAOUD", "secteur": 57 }, "geometry": { "type": "Point", "coordinates": [ 4.8739687, 45.7331352 ] } },
{ "type": "Feature", "properties": { "technicien": "Nouredine BOUNAAS", "secteur": 72 }, "geometry": { "type": "Point", "coordinates": [ 4.8326108, 45.7707765 ] } },
{ "type": "Feature", "properties": { "technicien": "Nouredine BOUNAAS", "secteur": 72 }, "geometry": { "type": "Point", "coordinates": [ 4.8326108, 45.7707765 ] } },
{ "type": "Feature", "properties": { "technicien": "Mohamed BESSAFI", "secteur": 45 }, "geometry": { "type": "Point", "coordinates": [ 4.8303033, 45.7381308 ] } },
{ "type": "Feature", "properties": { "technicien": "Nefis ALIOUCHE", "secteur": 47 }, "geometry": { "type": "Point", "coordinates": [ 4.8266222, 45.7752947 ] } },
{ "type": "Feature", "properties": { "technicien": "Nefis ALIOUCHE", "secteur": 47 }, "geometry": { "type": "Point", "coordinates": [ 4.815055, 45.795887 ] } },
{ "type": "Feature", "properties": { "technicien": "Mohamed BESSAFI", "secteur": 45 }, "geometry": { "type": "Point", "coordinates": [ 4.8520413, 45.7499649 ] } },
{ "type": "Feature", "properties": { "technicien": "Mohamed BESSAFI", "secteur": 45 }, "geometry": { "type": "Point", "coordinates": [ 4.8322394, 45.7402463 ] } },
{ "type": "Feature", "properties": { "technicien": "Mohamed BESSAFI", "secteur": 45 }, "geometry": { "type": "Point", "coordinates": [ 4.8322394, 45.7402463 ] } },
{ "type": "Feature", "properties": { "technicien": "Yaya DOUCOURE ", "secteur": 56 }, "geometry": { "type": "Point", "coordinates": [ 4.8522681, 45.7675512 ] } },
{ "type": "Feature", "properties": { "technicien": "Yaya DOUCOURE ", "secteur": 56 }, "geometry": { "type": "Point", "coordinates": [ 4.8526166, 45.7676756 ] } },
{ "type": "Feature", "properties": { "technicien": "Yann GENIEIS", "secteur": 73 }, "geometry": { "type": "Point", "coordinates": [ 4.876555, 45.7044656 ] } },
{ "type": "Feature", "properties": { "technicien": "Yann GENIEIS", "secteur": 73 }, "geometry": { "type": "Point", "coordinates": [ 4.876555, 45.7044656 ] } },
{ "type": "Feature", "properties": { "technicien": "Yann GENIEIS", "secteur": 73 }, "geometry": { "type": "Point", "coordinates": [ 4.876555, 45.7044656 ] } },
{ "type": "Feature", "properties": { "technicien": "Yann GENIEIS", "secteur": 73 }, "geometry": { "type": "Point", "coordinates": [ 4.876555, 45.7044656 ] } },
{ "type": "Feature", "properties": { "technicien": "Yann GENIEIS", "secteur": 73 }, "geometry": { "type": "Point", "coordinates": [ 4.876555, 45.7044656 ] } },
{ "type": "Feature", "properties": { "technicien": "Yann GENIEIS", "secteur": 73 }, "geometry": { "type": "Point", "coordinates": [ 4.876555, 45.7044656 ] } },
{ "type": "Feature", "properties": { "technicien": "Romain RICORDEAU ", "secteur": 21 }, "geometry": { "type": "Point", "coordinates": [ 5.209864, 45.768099 ] } },
{ "type": "Feature", "properties": { "technicien": "Guillaume LANGLOIS", "secteur": 70 }, "geometry": { "type": "Point", "coordinates": [ 4.9914973, 45.8301174 ] } },
{ "type": "Feature", "properties": { "technicien": "Kenzy CHABBI", "secteur": 71 }, "geometry": { "type": "Point", "coordinates": [ 4.9186124, 45.7275534 ] } },
{ "type": "Feature", "properties": { "technicien": "Yaya DOUCOURE ", "secteur": 56 }, "geometry": { "type": "Point", "coordinates": [ 4.8286086, 45.7519829 ] } },
{ "type": "Feature", "properties": { "technicien": "Heithem ABID", "secteur": 12 }, "geometry": { "type": "Point", "coordinates": [ 5.8066631, 46.0533304 ] } },
{ "type": "Feature", "properties": { "technicien": "Guillaume LANGLOIS", "secteur": 70 }, "geometry": { "type": "Point", "coordinates": [ 5.0258479, 45.8401316 ] } },
{ "type": "Feature", "properties": { "technicien": "Nefis ALIOUCHE", "secteur": 47 }, "geometry": { "type": "Point", "coordinates": [ 4.815055, 45.795887 ] } },
{ "type": "Feature", "properties": { "technicien": "Romain RICORDEAU ", "secteur": 21 }, "geometry": { "type": "Point", "coordinates": [ 5.0236001, 45.7335839 ] } },
{ "type": "Feature", "properties": { "technicien": "Kenzy CHABBI", "secteur": 71 }, "geometry": { "type": "Point", "coordinates": [ 4.7534015, 45.6693523 ] } },
{ "type": "Feature", "properties": { "technicien": "Mohamed BESSAFI", "secteur": 45 }, "geometry": { "type": "Point", "coordinates": [ 4.8322394, 45.7402463 ] } },
{ "type": "Feature", "properties": { "technicien": "Mohamed BESSAFI", "secteur": 45 }, "geometry": { "type": "Point", "coordinates": [ 4.8322394, 45.7402463 ] } },
{ "type": "Feature", "properties": { "technicien": "Yaya DOUCOURE ", "secteur": 56 }, "geometry": { "type": "Point", "coordinates": [ 4.8347642, 45.7672889 ] } },
{ "type": "Feature", "properties": { "technicien": "Olivier VUILLAUME ", "secteur": 58 }, "geometry": { "type": "Point", "coordinates": [ 4.86411, 45.749807 ] } },
{ "type": "Feature", "properties": { "technicien": "Olivier VUILLAUME ", "secteur": 58 }, "geometry": { "type": "Point", "coordinates": [ 4.86411, 45.749807 ] } },
{ "type": "Feature", "properties": { "technicien": "Olivier VUILLAUME ", "secteur": 58 }, "geometry": { "type": "Point", "coordinates": [ 4.86411, 45.749807 ] } },
{ "type": "Feature", "properties": { "technicien": "Olivier VUILLAUME ", "secteur": 58 }, "geometry": { "type": "Point", "coordinates": [ 4.86411, 45.749807 ] } },
{ "type": "Feature", "properties": { "technicien": "Olivier VUILLAUME ", "secteur": 58 }, "geometry": { "type": "Point", "coordinates": [ 4.86411, 45.749807 ] } },
{ "type": "Feature", "properties": { "technicien": "Olivier VUILLAUME ", "secteur": 58 }, "geometry": { "type": "Point", "coordinates": [ 4.8577672, 45.7431007 ] } },
{ "type": "Feature", "properties": { "technicien": "Olivier VUILLAUME ", "secteur": 58 }, "geometry": { "type": "Point", "coordinates": [ 4.8577672, 45.7431007 ] } },
{ "type": "Feature", "properties": { "technicien": "Olivier VUILLAUME ", "secteur": 58 }, "geometry": { "type": "Point", "coordinates": [ 4.8577672, 45.7431007 ] } },
{ "type": "Feature", "properties": { "technicien": "Olivier VUILLAUME ", "secteur": 58 }, "geometry": { "type": "Point", "coordinates": [ 4.8577672, 45.7431007 ] } },
{ "type": "Feature", "properties": { "technicien": "Olivier VUILLAUME ", "secteur": 58 }, "geometry": { "type": "Point", "coordinates": [ 4.8577672, 45.7431007 ] } },
{ "type": "Feature", "properties": { "technicien": "Olivier VUILLAUME ", "secteur": 58 }, "geometry": { "type": "Point", "coordinates": [ 4.8577672, 45.7431007 ] } },
{ "type": "Feature", "properties": { "technicien": "Olivier VUILLAUME ", "secteur": 58 }, "geometry": { "type": "Point", "coordinates": [ 4.8577672, 45.7431007 ] } },
{ "type": "Feature", "properties": { "technicien": "Khalil BELLAL", "secteur": 65 }, "geometry": { "type": "Point", "coordinates": [ 4.8904729, 45.7052317 ] } },
{ "type": "Feature", "properties": { "technicien": "Romain RICORDEAU ", "secteur": 21 }, "geometry": { "type": "Point", "coordinates": [ 4.8253204, 45.7534408 ] } },
{ "type": "Feature", "properties": { "technicien": "Nouredine BOUNAAS", "secteur": 72 }, "geometry": { "type": "Point", "coordinates": [ 4.8086638, 45.757528 ] } },
{ "type": "Feature", "properties": { "technicien": "Aurélien GUERIN", "secteur": 6 }, "geometry": { "type": "Point", "coordinates": [ 4.670011, 45.6222245 ] } },
{ "type": "Feature", "properties": { "technicien": "Luc CHAROLLAIS", "secteur": 27 }, "geometry": { "type": "Point", "coordinates": [ 4.8834578, 45.7616665 ] } },
{ "type": "Feature", "properties": { "technicien": "Yann GENIEIS", "secteur": 73 }, "geometry": { "type": "Point", "coordinates": [ 4.7326318, 45.7575381 ] } },
{ "type": "Feature", "properties": { "technicien": "Olivier VUILLAUME ", "secteur": 58 }, "geometry": { "type": "Point", "coordinates": [ 5.0280315, 45.6875254 ] } },
{ "type": "Feature", "properties": { "technicien": "Yann GENIEIS", "secteur": 73 }, "geometry": { "type": "Point", "coordinates": [ 4.8216694, 45.7017763 ] } },
{ "type": "Feature", "properties": { "technicien": "Nefis ALIOUCHE", "secteur": 47 }, "geometry": { "type": "Point", "coordinates": [ 4.8540226, 45.7890041 ] } },
{ "type": "Feature", "properties": { "technicien": "Olivier VUILLAUME ", "secteur": 58 }, "geometry": { "type": "Point", "coordinates": [ 4.9806025, 45.7009207 ] } },
{ "type": "Feature", "properties": { "technicien": "Kenzy CHABBI", "secteur": 71 }, "geometry": { "type": "Point", "coordinates": [ 4.8024418, 45.7124173 ] } },
{ "type": "Feature", "properties": { "technicien": "Kenzy CHABBI", "secteur": 71 }, "geometry": { "type": "Point", "coordinates": [ 4.8026336, 45.7122401 ] } },
{ "type": "Feature", "properties": { "technicien": "Yaya DOUCOURE ", "secteur": 56 }, "geometry": { "type": "Point", "coordinates": [ 4.8335277, 45.7714893 ] } },
{ "type": "Feature", "properties": { "technicien": "Khalil BELLAL", "secteur": 65 }, "geometry": { "type": "Point", "coordinates": [ 4.8560693, 45.7041354 ] } },
{ "type": "Feature", "properties": { "technicien": "Khalil BELLAL", "secteur": 65 }, "geometry": { "type": "Point", "coordinates": [ 4.8560693, 45.7041354 ] } },
{ "type": "Feature", "properties": { "technicien": "Khalil BELLAL", "secteur": 65 }, "geometry": { "type": "Point", "coordinates": [ 4.8560693, 45.7041354 ] } },
{ "type": "Feature", "properties": { "technicien": "Khalil BELLAL", "secteur": 65 }, "geometry": { "type": "Point", "coordinates": [ 4.8560693, 45.7041354 ] } },
{ "type": "Feature", "properties": { "technicien": "Khalil BELLAL", "secteur": 65 }, "geometry": { "type": "Point", "coordinates": [ 4.8560693, 45.7041354 ] } },
{ "type": "Feature", "properties": { "technicien": "Khalil BELLAL", "secteur": 65 }, "geometry": { "type": "Point", "coordinates": [ 4.8560693, 45.7041354 ] } },
{ "type": "Feature", "properties": { "technicien": "Khalil BELLAL", "secteur": 65 }, "geometry": { "type": "Point", "coordinates": [ 4.8560693, 45.7041354 ] } },
{ "type": "Feature", "properties": { "technicien": "Mohamed BESSAFI", "secteur": 45 }, "geometry": { "type": "Point", "coordinates": [ 4.8619271, 45.7452375 ] } },
{ "type": "Feature", "properties": { "technicien": "Aurélien GUERIN", "secteur": 6 }, "geometry": { "type": "Point", "coordinates": [ 4.6580787, 45.7360033 ] } },
{ "type": "Feature", "properties": { "technicien": "Mohamed BESSAFI", "secteur": 45 }, "geometry": { "type": "Point", "coordinates": [ 4.8676637, 45.7725521 ] } },
{ "type": "Feature", "properties": { "technicien": "Mohamed BESSAFI", "secteur": 45 }, "geometry": { "type": "Point", "coordinates": [ 4.8676637, 45.7725521 ] } },
{ "type": "Feature", "properties": { "technicien": "Mohamed BESSAFI", "secteur": 45 }, "geometry": { "type": "Point", "coordinates": [ 4.8679453, 45.7725294 ] } },
{ "type": "Feature", "properties": { "technicien": "Mohamed BESSAFI", "secteur": 45 }, "geometry": { "type": "Point", "coordinates": [ 4.8679453, 45.7725294 ] } },
{ "type": "Feature", "properties": { "technicien": "Mohamed BESSAFI", "secteur": 45 }, "geometry": { "type": "Point", "coordinates": [ 4.8682964, 45.7723609 ] } },
{ "type": "Feature", "properties": { "technicien": "Kenzy CHABBI", "secteur": 71 }, "geometry": { "type": "Point", "coordinates": [ 4.7454188, 45.7107615 ] } },
{ "type": "Feature", "properties": { "technicien": "Mohamed BESSAFI", "secteur": 45 }, "geometry": { "type": "Point", "coordinates": [ 4.8267129, 45.7340174 ] } },
{ "type": "Feature", "properties": { "technicien": "Nefis ALIOUCHE", "secteur": 47 }, "geometry": { "type": "Point", "coordinates": [ 4.8538685, 45.7889911 ] } },
{ "type": "Feature", "properties": { "technicien": "Nefis ALIOUCHE", "secteur": 47 }, "geometry": { "type": "Point", "coordinates": [ 4.8541512, 45.789051 ] } },
{ "type": "Feature", "properties": { "technicien": "Nefis ALIOUCHE", "secteur": 47 }, "geometry": { "type": "Point", "coordinates": [ 4.8543261, 45.7891018 ] } },
{ "type": "Feature", "properties": { "technicien": "Nouredine BOUNAAS", "secteur": 72 }, "geometry": { "type": "Point", "coordinates": [ 4.8063728, 45.7703798 ] } },
{ "type": "Feature", "properties": { "technicien": "Mohamed BESSAFI", "secteur": 45 }, "geometry": { "type": "Point", "coordinates": [ 4.8356858, 45.734443 ] } },
{ "type": "Feature", "properties": { "technicien": "Luc CHAROLLAIS", "secteur": 27 }, "geometry": { "type": "Point", "coordinates": [ 4.8902676, 45.7799982 ] } },
{ "type": "Feature", "properties": { "technicien": "Yann GENIEIS", "secteur": 73 }, "geometry": { "type": "Point", "coordinates": [ 4.7591244, 45.6667075 ] } },
{ "type": "Feature", "properties": { "technicien": "Yann GENIEIS", "secteur": 73 }, "geometry": { "type": "Point", "coordinates": [ 4.7591244, 45.6667075 ] } },
{ "type": "Feature", "properties": { "technicien": "Yann GENIEIS", "secteur": 73 }, "geometry": { "type": "Point", "coordinates": [ 4.7591244, 45.6667075 ] } },
{ "type": "Feature", "properties": { "technicien": "Yann GENIEIS", "secteur": 73 }, "geometry": { "type": "Point", "coordinates": [ 4.7591244, 45.6667075 ] } },
{ "type": "Feature", "properties": { "technicien": "Yann GENIEIS", "secteur": 73 }, "geometry": { "type": "Point", "coordinates": [ 4.7591244, 45.6667075 ] } },
{ "type": "Feature", "properties": { "technicien": "Yann GENIEIS", "secteur": 73 }, "geometry": { "type": "Point", "coordinates": [ 4.7591244, 45.6667075 ] } },
{ "type": "Feature", "properties": { "technicien": "Yann GENIEIS", "secteur": 73 }, "geometry": { "type": "Point", "coordinates": [ 4.7601029, 45.6598199 ] } },
{ "type": "Feature", "properties": { "technicien": "Yann GENIEIS", "secteur": 73 }, "geometry": { "type": "Point", "coordinates": [ 4.7601029, 45.6598199 ] } },
{ "type": "Feature", "properties": { "technicien": "Yann GENIEIS", "secteur": 73 }, "geometry": { "type": "Point", "coordinates": [ 4.7601029, 45.6598199 ] } },
{ "type": "Feature", "properties": { "technicien": "Yann GENIEIS", "secteur": 73 }, "geometry": { "type": "Point", "coordinates": [ 4.7601029, 45.6598199 ] } },
{ "type": "Feature", "properties": { "technicien": "Yann GENIEIS", "secteur": 73 }, "geometry": { "type": "Point", "coordinates": [ 4.7591244, 45.6667075 ] } },
{ "type": "Feature", "properties": { "technicien": "Olivier VUILLAUME ", "secteur": 58 }, "geometry": { "type": "Point", "coordinates": [ 4.7766985, 45.8999984 ] } },
{ "type": "Feature", "properties": { "technicien": "Yann GENIEIS", "secteur": 73 }, "geometry": { "type": "Point", "coordinates": [ 4.7591244, 45.6667075 ] } },
{ "type": "Feature", "properties": { "technicien": "Olivier VUILLAUME ", "secteur": 58 }, "geometry": { "type": "Point", "coordinates": [ 4.7766985, 45.8999984 ] } },
{ "type": "Feature", "properties": { "technicien": "Yann GENIEIS", "secteur": 73 }, "geometry": { "type": "Point", "coordinates": [ 4.7591244, 45.6667075 ] } },
{ "type": "Feature", "properties": { "technicien": "Olivier VUILLAUME ", "secteur": 58 }, "geometry": { "type": "Point", "coordinates": [ 4.7766985, 45.8999984 ] } },
{ "type": "Feature", "properties": { "technicien": "Olivier VUILLAUME ", "secteur": 58 }, "geometry": { "type": "Point", "coordinates": [ 4.7766985, 45.8999984 ] } },
{ "type": "Feature", "properties": { "technicien": "Yann GENIEIS", "secteur": 73 }, "geometry": { "type": "Point", "coordinates": [ 4.7591244, 45.6667075 ] } },
{ "type": "Feature", "properties": { "technicien": "Olivier VUILLAUME ", "secteur": 58 }, "geometry": { "type": "Point", "coordinates": [ 4.7766985, 45.8999984 ] } },
{ "type": "Feature", "properties": { "technicien": "Yann GENIEIS", "secteur": 73 }, "geometry": { "type": "Point", "coordinates": [ 4.7591244, 45.6667075 ] } },
{ "type": "Feature", "properties": { "technicien": "Yann GENIEIS", "secteur": 73 }, "geometry": { "type": "Point", "coordinates": [ 4.7591244, 45.6667075 ] } },
{ "type": "Feature", "properties": { "technicien": "Olivier VUILLAUME ", "secteur": 58 }, "geometry": { "type": "Point", "coordinates": [ 4.9484265, 45.7600523 ] } },
{ "type": "Feature", "properties": { "technicien": "Yann GENIEIS", "secteur": 73 }, "geometry": { "type": "Point", "coordinates": [ 4.7591244, 45.6667075 ] } },
{ "type": "Feature", "properties": { "technicien": "Olivier VUILLAUME ", "secteur": 58 }, "geometry": { "type": "Point", "coordinates": [ 4.9484265, 45.7600523 ] } },
{ "type": "Feature", "properties": { "technicien": "Yann GENIEIS", "secteur": 73 }, "geometry": { "type": "Point", "coordinates": [ 4.7591244, 45.6667075 ] } },
{ "type": "Feature", "properties": { "technicien": "Olivier VUILLAUME ", "secteur": 58 }, "geometry": { "type": "Point", "coordinates": [ 4.9484265, 45.7600523 ] } },
{ "type": "Feature", "properties": { "technicien": "Yann GENIEIS", "secteur": 73 }, "geometry": { "type": "Point", "coordinates": [ 4.7591244, 45.6667075 ] } },
{ "type": "Feature", "properties": { "technicien": "Olivier VUILLAUME ", "secteur": 58 }, "geometry": { "type": "Point", "coordinates": [ 4.9484265, 45.7600523 ] } },
{ "type": "Feature", "properties": { "technicien": "Yann GENIEIS", "secteur": 73 }, "geometry": { "type": "Point", "coordinates": [ 4.7591244, 45.6667075 ] } },
{ "type": "Feature", "properties": { "technicien": "Yann GENIEIS", "secteur": 73 }, "geometry": { "type": "Point", "coordinates": [ 4.7591244, 45.6667075 ] } },
{ "type": "Feature", "properties": { "technicien": "Olivier VUILLAUME ", "secteur": 58 }, "geometry": { "type": "Point", "coordinates": [ 4.9484265, 45.7600523 ] } },
{ "type": "Feature", "properties": { "technicien": "Yann GENIEIS", "secteur": 73 }, "geometry": { "type": "Point", "coordinates": [ 4.7591244, 45.6667075 ] } },
{ "type": "Feature", "properties": { "technicien": "Yann GENIEIS", "secteur": 73 }, "geometry": { "type": "Point", "coordinates": [ 4.7591244, 45.6667075 ] } },
{ "type": "Feature", "properties": { "technicien": "Yann GENIEIS", "secteur": 73 }, "geometry": { "type": "Point", "coordinates": [ 4.7591244, 45.6667075 ] } },
{ "type": "Feature", "properties": { "technicien": "Yann GENIEIS", "secteur": 73 }, "geometry": { "type": "Point", "coordinates": [ 4.7591244, 45.6667075 ] } },
{ "type": "Feature", "properties": { "technicien": "Yann GENIEIS", "secteur": 73 }, "geometry": { "type": "Point", "coordinates": [ 4.7591244, 45.6667075 ] } },
{ "type": "Feature", "properties": { "technicien": "Yann GENIEIS", "secteur": 73 }, "geometry": { "type": "Point", "coordinates": [ 4.7591244, 45.6667075 ] } },
{ "type": "Feature", "properties": { "technicien": "Yaya DOUCOURE ", "secteur": 56 }, "geometry": { "type": "Point", "coordinates": [ 4.8467914, 45.7753429 ] } },
{ "type": "Feature", "properties": { "technicien": "Kenzy CHABBI", "secteur": 71 }, "geometry": { "type": "Point", "coordinates": [ 4.7591244, 45.6667075 ] } },
{ "type": "Feature", "properties": { "technicien": "Kenzy CHABBI", "secteur": 71 }, "geometry": { "type": "Point", "coordinates": [ 4.8410741, 45.7417171 ] } },
{ "type": "Feature", "properties": { "technicien": "Kenzy CHABBI", "secteur": 71 }, "geometry": { "type": "Point", "coordinates": [ 4.8410741, 45.7417171 ] } },
{ "type": "Feature", "properties": { "technicien": "Kenzy CHABBI", "secteur": 71 }, "geometry": { "type": "Point", "coordinates": [ 4.8410741, 45.7417171 ] } },
{ "type": "Feature", "properties": { "technicien": "Luc CHAROLLAIS", "secteur": 27 }, "geometry": { "type": "Point", "coordinates": [ 4.8850625, 45.7685935 ] } },
{ "type": "Feature", "properties": { "technicien": "Yann GENIEIS", "secteur": 73 }, "geometry": { "type": "Point", "coordinates": [ 4.7615804, 45.6672565 ] } },
{ "type": "Feature", "properties": { "technicien": "Kenzy CHABBI", "secteur": 71 }, "geometry": { "type": "Point", "coordinates": [ 4.806468, 45.7099158 ] } },
{ "type": "Feature", "properties": { "technicien": "Kenzy CHABBI", "secteur": 71 }, "geometry": { "type": "Point", "coordinates": [ 4.8213703, 45.7033545 ] } },
{ "type": "Feature", "properties": { "technicien": "Luc CHAROLLAIS", "secteur": 27 }, "geometry": { "type": "Point", "coordinates": [ 4.8734225, 45.7787571 ] } },
{ "type": "Feature", "properties": { "technicien": "Nouredine BOUNAAS", "secteur": 72 }, "geometry": { "type": "Point", "coordinates": [ 4.8063728, 45.7703798 ] } },
{ "type": "Feature", "properties": { "technicien": "Nouredine BOUNAAS", "secteur": 72 }, "geometry": { "type": "Point", "coordinates": [ 4.8063728, 45.7703798 ] } },
{ "type": "Feature", "properties": { "technicien": "Nouredine BOUNAAS", "secteur": 72 }, "geometry": { "type": "Point", "coordinates": [ 4.8063728, 45.7703798 ] } },
{ "type": "Feature", "properties": { "technicien": "Nouredine BOUNAAS", "secteur": 72 }, "geometry": { "type": "Point", "coordinates": [ 4.8058397, 45.7683304 ] } },
{ "type": "Feature", "properties": { "technicien": "Nouredine BOUNAAS", "secteur": 72 }, "geometry": { "type": "Point", "coordinates": [ 4.8058397, 45.7683304 ] } },
{ "type": "Feature", "properties": { "technicien": "Nouredine BOUNAAS", "secteur": 72 }, "geometry": { "type": "Point", "coordinates": [ 4.8058397, 45.7683304 ] } },
{ "type": "Feature", "properties": { "technicien": "Nouredine BOUNAAS", "secteur": 72 }, "geometry": { "type": "Point", "coordinates": [ 4.8058397, 45.7683304 ] } },
{ "type": "Feature", "properties": { "technicien": "Nouredine BOUNAAS", "secteur": 72 }, "geometry": { "type": "Point", "coordinates": [ 4.8058397, 45.7683304 ] } },
{ "type": "Feature", "properties": { "technicien": "Nouredine BOUNAAS", "secteur": 72 }, "geometry": { "type": "Point", "coordinates": [ 4.8058397, 45.7683304 ] } },
{ "type": "Feature", "properties": { "technicien": "Kenzy CHABBI", "secteur": 71 }, "geometry": { "type": "Point", "coordinates": [ 4.7849771, 45.7356785 ] } },
{ "type": "Feature", "properties": { "technicien": "Kenzy CHABBI", "secteur": 71 }, "geometry": { "type": "Point", "coordinates": [ 4.7848119, 45.7357583 ] } },
{ "type": "Feature", "properties": { "technicien": "Kenzy CHABBI", "secteur": 71 }, "geometry": { "type": "Point", "coordinates": [ 4.7846526, 45.7358762 ] } },
{ "type": "Feature", "properties": { "technicien": "Kenzy CHABBI", "secteur": 71 }, "geometry": { "type": "Point", "coordinates": [ 4.7844696, 45.7359635 ] } },
{ "type": "Feature", "properties": { "technicien": "Kenzy CHABBI", "secteur": 71 }, "geometry": { "type": "Point", "coordinates": [ 4.7840938, 45.7361292 ] } },
{ "type": "Feature", "properties": { "technicien": "Kenzy CHABBI", "secteur": 71 }, "geometry": { "type": "Point", "coordinates": [ 4.7842141, 45.7362593 ] } },
{ "type": "Feature", "properties": { "technicien": "Kenzy CHABBI", "secteur": 71 }, "geometry": { "type": "Point", "coordinates": [ 4.7843196, 45.7363733 ] } },
{ "type": "Feature", "properties": { "technicien": "Kenzy CHABBI", "secteur": 71 }, "geometry": { "type": "Point", "coordinates": [ 4.7850279, 45.7354025 ] } },
{ "type": "Feature", "properties": { "technicien": "Kenzy CHABBI", "secteur": 71 }, "geometry": { "type": "Point", "coordinates": [ 4.7849015, 45.7352698 ] } },
{ "type": "Feature", "properties": { "technicien": "Kenzy CHABBI", "secteur": 71 }, "geometry": { "type": "Point", "coordinates": [ 4.7847602, 45.7351635 ] } },
{ "type": "Feature", "properties": { "technicien": "Kenzy CHABBI", "secteur": 71 }, "geometry": { "type": "Point", "coordinates": [ 4.784357, 45.735433 ] } },
{ "type": "Feature", "properties": { "technicien": "Kenzy CHABBI", "secteur": 71 }, "geometry": { "type": "Point", "coordinates": [ 4.7842481, 45.735311 ] } },
{ "type": "Feature", "properties": { "technicien": "Kenzy CHABBI", "secteur": 71 }, "geometry": { "type": "Point", "coordinates": [ 4.7841249, 45.7351731 ] } },
{ "type": "Feature", "properties": { "technicien": "Mohamed BESSAFI", "secteur": 45 }, "geometry": { "type": "Point", "coordinates": [ 4.8555798, 45.7508235 ] } },
{ "type": "Feature", "properties": { "technicien": "Mohamed BESSAFI", "secteur": 45 }, "geometry": { "type": "Point", "coordinates": [ 4.8555798, 45.7508235 ] } },
{ "type": "Feature", "properties": { "technicien": "Romain RICORDEAU ", "secteur": 21 }, "geometry": { "type": "Point", "coordinates": [ 4.91395, 45.777509 ] } },
{ "type": "Feature", "properties": { "technicien": "Romain RICORDEAU ", "secteur": 21 }, "geometry": { "type": "Point", "coordinates": [ 4.8412377, 45.7489933 ] } },
{ "type": "Feature", "properties": { "technicien": "Nefis ALIOUCHE", "secteur": 47 }, "geometry": { "type": "Point", "coordinates": [ 4.8428234, 45.7912949 ] } },
{ "type": "Feature", "properties": { "technicien": "Nefis ALIOUCHE", "secteur": 47 }, "geometry": { "type": "Point", "coordinates": [ 4.8428943, 45.7913531 ] } },
{ "type": "Feature", "properties": { "technicien": "Romain RICORDEAU ", "secteur": 21 }, "geometry": { "type": "Point", "coordinates": [ 4.8577421, 45.7533736 ] } },
{ "type": "Feature", "properties": { "technicien": "Romain RICORDEAU ", "secteur": 21 }, "geometry": { "type": "Point", "coordinates": [ 4.8978665, 45.7368897 ] } },
{ "type": "Feature", "properties": { "technicien": "Khalil BELLAL", "secteur": 65 }, "geometry": { "type": "Point", "coordinates": [ 4.8686441, 45.6994166 ] } },
{ "type": "Feature", "properties": { "technicien": "Khalil BELLAL", "secteur": 65 }, "geometry": { "type": "Point", "coordinates": [ 4.8688476, 45.6992484 ] } },
{ "type": "Feature", "properties": { "technicien": "Khalil BELLAL", "secteur": 65 }, "geometry": { "type": "Point", "coordinates": [ 4.8690892, 45.6990562 ] } },
{ "type": "Feature", "properties": { "technicien": "Khalil BELLAL", "secteur": 65 }, "geometry": { "type": "Point", "coordinates": [ 4.8693028, 45.6988832 ] } },
{ "type": "Feature", "properties": { "technicien": "Khalil BELLAL", "secteur": 65 }, "geometry": { "type": "Point", "coordinates": [ 4.8698918, 45.6985615 ] } },
{ "type": "Feature", "properties": { "technicien": "Khalil BELLAL", "secteur": 65 }, "geometry": { "type": "Point", "coordinates": [ 4.8701688, 45.6983412 ] } },
{ "type": "Feature", "properties": { "technicien": "Khalil BELLAL", "secteur": 65 }, "geometry": { "type": "Point", "coordinates": [ 4.8703399, 45.6981985 ] } },
{ "type": "Feature", "properties": { "technicien": "Khalil BELLAL", "secteur": 65 }, "geometry": { "type": "Point", "coordinates": [ 4.8705304, 45.6980797 ] } },
{ "type": "Feature", "properties": { "technicien": "Khalil BELLAL", "secteur": 65 }, "geometry": { "type": "Point", "coordinates": [ 4.8695982, 45.6978757 ] } },
{ "type": "Feature", "properties": { "technicien": "Khalil BELLAL", "secteur": 65 }, "geometry": { "type": "Point", "coordinates": [ 4.8697895, 45.6977564 ] } },
{ "type": "Feature", "properties": { "technicien": "Khalil BELLAL", "secteur": 65 }, "geometry": { "type": "Point", "coordinates": [ 4.8699803, 45.6976372 ] } },
{ "type": "Feature", "properties": { "technicien": "Yaya DOUCOURE ", "secteur": 56 }, "geometry": { "type": "Point", "coordinates": [ 4.8467914, 45.7753429 ] } },
{ "type": "Feature", "properties": { "technicien": "Aurélien GUERIN", "secteur": 6 }, "geometry": { "type": "Point", "coordinates": [ 4.772716, 45.838983 ] } },
{ "type": "Feature", "properties": { "technicien": "Romain RICORDEAU ", "secteur": 21 }, "geometry": { "type": "Point", "coordinates": [ 4.915689, 45.757089 ] } },
{ "type": "Feature", "properties": { "technicien": "Olivier VUILLAUME ", "secteur": 58 }, "geometry": { "type": "Point", "coordinates": [ 5.4952142, 45.6133931 ] } },
{ "type": "Feature", "properties": { "technicien": "Olivier VUILLAUME ", "secteur": 58 }, "geometry": { "type": "Point", "coordinates": [ 5.4952142, 45.6133931 ] } },
{ "type": "Feature", "properties": { "technicien": "Olivier VUILLAUME ", "secteur": 58 }, "geometry": { "type": "Point", "coordinates": [ 5.4952142, 45.6133931 ] } },
{ "type": "Feature", "properties": { "technicien": "Romain RICORDEAU ", "secteur": 21 }, "geometry": { "type": "Point", "coordinates": [ 4.8332656, 45.7622368 ] } },
{ "type": "Feature", "properties": { "technicien": "Romain RICORDEAU ", "secteur": 21 }, "geometry": { "type": "Point", "coordinates": [ 4.9136747, 45.7103364 ] } },
{ "type": "Feature", "properties": { "technicien": "Romain RICORDEAU ", "secteur": 21 }, "geometry": { "type": "Point", "coordinates": [ 4.9136747, 45.7103364 ] } },
{ "type": "Feature", "properties": { "technicien": "Romain RICORDEAU ", "secteur": 21 }, "geometry": { "type": "Point", "coordinates": [ 4.9136747, 45.7103364 ] } },
{ "type": "Feature", "properties": { "technicien": "Romain RICORDEAU ", "secteur": 21 }, "geometry": { "type": "Point", "coordinates": [ 4.9136747, 45.7103364 ] } },
{ "type": "Feature", "properties": { "technicien": "Romain RICORDEAU ", "secteur": 21 }, "geometry": { "type": "Point", "coordinates": [ 4.9136747, 45.7103364 ] } },
{ "type": "Feature", "properties": { "technicien": "Romain RICORDEAU ", "secteur": 21 }, "geometry": { "type": "Point", "coordinates": [ 4.9136747, 45.7103364 ] } },
{ "type": "Feature", "properties": { "technicien": "Romain RICORDEAU ", "secteur": 21 }, "geometry": { "type": "Point", "coordinates": [ 4.9136747, 45.7103364 ] } },
{ "type": "Feature", "properties": { "technicien": "Romain RICORDEAU ", "secteur": 21 }, "geometry": { "type": "Point", "coordinates": [ 4.9136747, 45.7103364 ] } },
{ "type": "Feature", "properties": { "technicien": "Romain RICORDEAU ", "secteur": 21 }, "geometry": { "type": "Point", "coordinates": [ 4.9136747, 45.7103364 ] } },
{ "type": "Feature", "properties": { "technicien": "Romain RICORDEAU ", "secteur": 21 }, "geometry": { "type": "Point", "coordinates": [ 4.9136747, 45.7103364 ] } },
{ "type": "Feature", "properties": { "technicien": "Romain RICORDEAU ", "secteur": 21 }, "geometry": { "type": "Point", "coordinates": [ 4.9136747, 45.7103364 ] } },
{ "type": "Feature", "properties": { "technicien": "Romain RICORDEAU ", "secteur": 21 }, "geometry": { "type": "Point", "coordinates": [ 4.9136747, 45.7103364 ] } },
{ "type": "Feature", "properties": { "technicien": "Romain RICORDEAU ", "secteur": 21 }, "geometry": { "type": "Point", "coordinates": [ 4.9136747, 45.7103364 ] } },
{ "type": "Feature", "properties": { "technicien": "Romain RICORDEAU ", "secteur": 21 }, "geometry": { "type": "Point", "coordinates": [ 4.9136747, 45.7103364 ] } },
{ "type": "Feature", "properties": { "technicien": "Romain RICORDEAU ", "secteur": 21 }, "geometry": { "type": "Point", "coordinates": [ 4.9136747, 45.7103364 ] } },
{ "type": "Feature", "properties": { "technicien": "Romain RICORDEAU ", "secteur": 21 }, "geometry": { "type": "Point", "coordinates": [ 4.9136747, 45.7103364 ] } },
{ "type": "Feature", "properties": { "technicien": "Romain RICORDEAU ", "secteur": 21 }, "geometry": { "type": "Point", "coordinates": [ 4.9136747, 45.7103364 ] } },
{ "type": "Feature", "properties": { "technicien": "Romain RICORDEAU ", "secteur": 21 }, "geometry": { "type": "Point", "coordinates": [ 4.9136747, 45.7103364 ] } },
{ "type": "Feature", "properties": { "technicien": "Romain RICORDEAU ", "secteur": 21 }, "geometry": { "type": "Point", "coordinates": [ 4.9136747, 45.7103364 ] } },
{ "type": "Feature", "properties": { "technicien": "Romain RICORDEAU ", "secteur": 21 }, "geometry": { "type": "Point", "coordinates": [ 4.9136747, 45.7103364 ] } },
{ "type": "Feature", "properties": { "technicien": "Romain RICORDEAU ", "secteur": 21 }, "geometry": { "type": "Point", "coordinates": [ 4.9136747, 45.7103364 ] } },
{ "type": "Feature", "properties": { "technicien": "Romain RICORDEAU ", "secteur": 21 }, "geometry": { "type": "Point", "coordinates": [ 4.9136747, 45.7103364 ] } },
{ "type": "Feature", "properties": { "technicien": "Romain RICORDEAU ", "secteur": 21 }, "geometry": { "type": "Point", "coordinates": [ 4.9136747, 45.7103364 ] } },
{ "type": "Feature", "properties": { "technicien": "Romain RICORDEAU ", "secteur": 21 }, "geometry": { "type": "Point", "coordinates": [ 4.9136747, 45.7103364 ] } },
{ "type": "Feature", "properties": { "technicien": "Romain RICORDEAU ", "secteur": 21 }, "geometry": { "type": "Point", "coordinates": [ 4.9136747, 45.7103364 ] } },
{ "type": "Feature", "properties": { "technicien": "Luc CHAROLLAIS", "secteur": 27 }, "geometry": { "type": "Point", "coordinates": [ 4.8796792, 45.7794457 ] } },
{ "type": "Feature", "properties": { "technicien": "Luc CHAROLLAIS", "secteur": 27 }, "geometry": { "type": "Point", "coordinates": [ 4.8796792, 45.7794457 ] } },
{ "type": "Feature", "properties": { "technicien": "Anouar BEN MESSAOUD", "secteur": 57 }, "geometry": { "type": "Point", "coordinates": [ 4.8383123, 45.7519751 ] } },
{ "type": "Feature", "properties": { "technicien": "Luc CHAROLLAIS", "secteur": 27 }, "geometry": { "type": "Point", "coordinates": [ 4.8800015, 45.7802076 ] } },
{ "type": "Feature", "properties": { "technicien": "Mohamed BESSAFI", "secteur": 45 }, "geometry": { "type": "Point", "coordinates": [ 4.850946, 45.7420715 ] } },
{ "type": "Feature", "properties": { "technicien": "Romain RICORDEAU ", "secteur": 21 }, "geometry": { "type": "Point", "coordinates": [ 4.9190225, 45.7900785 ] } },
{ "type": "Feature", "properties": { "technicien": "Kenzy CHABBI", "secteur": 71 }, "geometry": { "type": "Point", "coordinates": [ 4.8240219, 45.74113 ] } },
{ "type": "Feature", "properties": { "technicien": "Kenzy CHABBI", "secteur": 71 }, "geometry": { "type": "Point", "coordinates": [ 4.8240219, 45.74113 ] } },
{ "type": "Feature", "properties": { "technicien": "Kenzy CHABBI", "secteur": 71 }, "geometry": { "type": "Point", "coordinates": [ 4.8240219, 45.74113 ] } },
{ "type": "Feature", "properties": { "technicien": "Kenzy CHABBI", "secteur": 71 }, "geometry": { "type": "Point", "coordinates": [ 4.8240219, 45.74113 ] } },
{ "type": "Feature", "properties": { "technicien": "Kenzy CHABBI", "secteur": 71 }, "geometry": { "type": "Point", "coordinates": [ 4.8240219, 45.74113 ] } },
{ "type": "Feature", "properties": { "technicien": "Olivier VUILLAUME ", "secteur": 58 }, "geometry": { "type": "Point", "coordinates": [ 4.9714063, 45.7294721 ] } },
{ "type": "Feature", "properties": { "technicien": "Olivier VUILLAUME ", "secteur": 58 }, "geometry": { "type": "Point", "coordinates": [ 5.2339252, 45.6152329 ] } },
{ "type": "Feature", "properties": { "technicien": "Mohamed BESSAFI", "secteur": 45 }, "geometry": { "type": "Point", "coordinates": [ 4.8303033, 45.7381308 ] } },
{ "type": "Feature", "properties": { "technicien": "Mohamed BESSAFI", "secteur": 45 }, "geometry": { "type": "Point", "coordinates": [ 4.8306237, 45.7380485 ] } },
{ "type": "Feature", "properties": { "technicien": "Mohamed BESSAFI", "secteur": 45 }, "geometry": { "type": "Point", "coordinates": [ 4.8306237, 45.7380485 ] } },
{ "type": "Feature", "properties": { "technicien": "Yaya DOUCOURE ", "secteur": 56 }, "geometry": { "type": "Point", "coordinates": [ 4.8361606, 45.7584408 ] } },
{ "type": "Feature", "properties": { "technicien": "Yaya DOUCOURE ", "secteur": 56 }, "geometry": { "type": "Point", "coordinates": [ 4.8361606, 45.7584408 ] } },
{ "type": "Feature", "properties": { "technicien": "Romain RICORDEAU ", "secteur": 21 }, "geometry": { "type": "Point", "coordinates": [ 4.902001, 45.6932654 ] } },
{ "type": "Feature", "properties": { "technicien": "Yaya DOUCOURE ", "secteur": 56 }, "geometry": { "type": "Point", "coordinates": [ 4.8520291, 45.7707048 ] } },
{ "type": "Feature", "properties": { "technicien": "Aurélien GUERIN", "secteur": 6 }, "geometry": { "type": "Point", "coordinates": [ 4.379697, 45.407976 ] } },
{ "type": "Feature", "properties": { "technicien": "Aurélien GUERIN", "secteur": 6 }, "geometry": { "type": "Point", "coordinates": [ 4.379697, 45.407976 ] } },
{ "type": "Feature", "properties": { "technicien": "Khalil BELLAL", "secteur": 65 }, "geometry": { "type": "Point", "coordinates": [ 4.9556278, 45.6926474 ] } },
{ "type": "Feature", "properties": { "technicien": "Anouar BEN MESSAOUD", "secteur": 57 }, "geometry": { "type": "Point", "coordinates": [ 4.8646198, 45.7503465 ] } },
{ "type": "Feature", "properties": { "technicien": "Anouar BEN MESSAOUD", "secteur": 57 }, "geometry": { "type": "Point", "coordinates": [ 4.8713317, 45.7696144 ] } },
{ "type": "Feature", "properties": { "technicien": "Yaya DOUCOURE ", "secteur": 56 }, "geometry": { "type": "Point", "coordinates": [ 4.8460478, 45.7728797 ] } },
{ "type": "Feature", "properties": { "technicien": "Anouar BEN MESSAOUD", "secteur": 57 }, "geometry": { "type": "Point", "coordinates": [ 4.874227, 45.7705887 ] } },
{ "type": "Feature", "properties": { "technicien": "Aurélien GUERIN", "secteur": 6 }, "geometry": { "type": "Point", "coordinates": [ 4.3800957, 45.4072276 ] } },
{ "type": "Feature", "properties": { "technicien": "Mohamed BESSAFI", "secteur": 45 }, "geometry": { "type": "Point", "coordinates": [ 4.8775513, 45.7306201 ] } },
{ "type": "Feature", "properties": { "technicien": "Mohamed BESSAFI", "secteur": 45 }, "geometry": { "type": "Point", "coordinates": [ 4.8278616, 45.7377333 ] } },
{ "type": "Feature", "properties": { "technicien": "Mohamed BESSAFI", "secteur": 45 }, "geometry": { "type": "Point", "coordinates": [ 4.8278616, 45.7377333 ] } },
{ "type": "Feature", "properties": { "technicien": "Mohamed BESSAFI", "secteur": 45 }, "geometry": { "type": "Point", "coordinates": [ 4.8289426, 45.7375001 ] } },
{ "type": "Feature", "properties": { "technicien": "Aurélien GUERIN", "secteur": 6 }, "geometry": { "type": "Point", "coordinates": [ 4.3999734, 45.4291594 ] } },
{ "type": "Feature", "properties": { "technicien": "Yaya DOUCOURE ", "secteur": 56 }, "geometry": { "type": "Point", "coordinates": [ 4.8658852, 45.7673491 ] } },
{ "type": "Feature", "properties": { "technicien": "Khalil BELLAL", "secteur": 65 }, "geometry": { "type": "Point", "coordinates": [ 4.8857906, 45.7110653 ] } },
{ "type": "Feature", "properties": { "technicien": "Khalil BELLAL", "secteur": 65 }, "geometry": { "type": "Point", "coordinates": [ 4.8857906, 45.7110653 ] } },
{ "type": "Feature", "properties": { "technicien": "Anouar BEN MESSAOUD", "secteur": 57 }, "geometry": { "type": "Point", "coordinates": [ 4.8078625, 45.7755963 ] } },
{ "type": "Feature", "properties": { "technicien": "Anouar BEN MESSAOUD", "secteur": 57 }, "geometry": { "type": "Point", "coordinates": [ 4.8036798, 45.7748236 ] } },
{ "type": "Feature", "properties": { "technicien": "Kenzy CHABBI", "secteur": 71 }, "geometry": { "type": "Point", "coordinates": [ 4.8146591, 45.7304711 ] } },
{ "type": "Feature", "properties": { "technicien": "Guillaume LANGLOIS", "secteur": 70 }, "geometry": { "type": "Point", "coordinates": [ 5.0249758, 45.760421 ] } },
{ "type": "Feature", "properties": { "technicien": "Anouar BEN MESSAOUD", "secteur": 57 }, "geometry": { "type": "Point", "coordinates": [ 4.8792096, 45.7788898 ] } },
{ "type": "Feature", "properties": { "technicien": "Anouar BEN MESSAOUD", "secteur": 57 }, "geometry": { "type": "Point", "coordinates": [ 4.8506156, 45.75806 ] } },
{ "type": "Feature", "properties": { "technicien": "Anouar BEN MESSAOUD", "secteur": 57 }, "geometry": { "type": "Point", "coordinates": [ 4.8510361, 45.75839 ] } },
{ "type": "Feature", "properties": { "technicien": "Anouar BEN MESSAOUD", "secteur": 57 }, "geometry": { "type": "Point", "coordinates": [ 4.8510361, 45.75839 ] } },
{ "type": "Feature", "properties": { "technicien": "Yaya DOUCOURE ", "secteur": 56 }, "geometry": { "type": "Point", "coordinates": [ 4.8561131, 45.7645439 ] } },
{ "type": "Feature", "properties": { "technicien": "Anouar BEN MESSAOUD", "secteur": 57 }, "geometry": { "type": "Point", "coordinates": [ 4.9176174, 45.7545738 ] } },
{ "type": "Feature", "properties": { "technicien": "Anouar BEN MESSAOUD", "secteur": 57 }, "geometry": { "type": "Point", "coordinates": [ 4.9176174, 45.7545738 ] } },
{ "type": "Feature", "properties": { "technicien": "Anouar BEN MESSAOUD", "secteur": 57 }, "geometry": { "type": "Point", "coordinates": [ 4.9176174, 45.7545738 ] } },
{ "type": "Feature", "properties": { "technicien": "Mohamed BESSAFI", "secteur": 45 }, "geometry": { "type": "Point", "coordinates": [ 4.8413682, 45.7487556 ] } },
{ "type": "Feature", "properties": { "technicien": "Mohamed BESSAFI", "secteur": 45 }, "geometry": { "type": "Point", "coordinates": [ 4.8410143, 45.754499 ] } },
{ "type": "Feature", "properties": { "technicien": "Anouar BEN MESSAOUD", "secteur": 57 }, "geometry": { "type": "Point", "coordinates": [ 4.9088963, 45.7544943 ] } },
{ "type": "Feature", "properties": { "technicien": "Anouar BEN MESSAOUD", "secteur": 57 }, "geometry": { "type": "Point", "coordinates": [ 4.9088963, 45.7544943 ] } },
{ "type": "Feature", "properties": { "technicien": "Anouar BEN MESSAOUD", "secteur": 57 }, "geometry": { "type": "Point", "coordinates": [ 4.8703245, 45.7598127 ] } },
{ "type": "Feature", "properties": { "technicien": "Anouar BEN MESSAOUD", "secteur": 57 }, "geometry": { "type": "Point", "coordinates": [ 4.8695631, 45.7595234 ] } },
{ "type": "Feature", "properties": { "technicien": "Anouar BEN MESSAOUD", "secteur": 57 }, "geometry": { "type": "Point", "coordinates": [ 4.8708725, 45.7599006 ] } },
{ "type": "Feature", "properties": { "technicien": "Anouar BEN MESSAOUD", "secteur": 57 }, "geometry": { "type": "Point", "coordinates": [ 4.886089, 45.771958 ] } },
{ "type": "Feature", "properties": { "technicien": "Anouar BEN MESSAOUD", "secteur": 57 }, "geometry": { "type": "Point", "coordinates": [ 4.886089, 45.771958 ] } },
{ "type": "Feature", "properties": { "technicien": "Anouar BEN MESSAOUD", "secteur": 57 }, "geometry": { "type": "Point", "coordinates": [ 4.886089, 45.771958 ] } },
{ "type": "Feature", "properties": { "technicien": "Anouar BEN MESSAOUD", "secteur": 57 }, "geometry": { "type": "Point", "coordinates": [ 4.8769805, 45.7476927 ] } },
{ "type": "Feature", "properties": { "technicien": "Anouar BEN MESSAOUD", "secteur": 57 }, "geometry": { "type": "Point", "coordinates": [ 4.8769805, 45.7476927 ] } },
{ "type": "Feature", "properties": { "technicien": "Anouar BEN MESSAOUD", "secteur": 57 }, "geometry": { "type": "Point", "coordinates": [ 4.8769805, 45.7476927 ] } },
{ "type": "Feature", "properties": { "technicien": "Anouar BEN MESSAOUD", "secteur": 57 }, "geometry": { "type": "Point", "coordinates": [ 4.8769805, 45.7476927 ] } },
{ "type": "Feature", "properties": { "technicien": "Nouredine BOUNAAS", "secteur": 72 }, "geometry": { "type": "Point", "coordinates": [ 4.7992537, 45.7795014 ] } },
{ "type": "Feature", "properties": { "technicien": "Nouredine BOUNAAS", "secteur": 72 }, "geometry": { "type": "Point", "coordinates": [ 4.7991076, 45.7794067 ] } },
{ "type": "Feature", "properties": { "technicien": "Yaya DOUCOURE ", "secteur": 56 }, "geometry": { "type": "Point", "coordinates": [ 4.8308184, 45.759419 ] } },
{ "type": "Feature", "properties": { "technicien": "Khalil BELLAL", "secteur": 65 }, "geometry": { "type": "Point", "coordinates": [ 4.8559852, 45.7099254 ] } },
{ "type": "Feature", "properties": { "technicien": "Romain RICORDEAU ", "secteur": 21 }, "geometry": { "type": "Point", "coordinates": [ 4.8705977, 45.7532596 ] } },
{ "type": "Feature", "properties": { "technicien": "Kenzy CHABBI", "secteur": 71 }, "geometry": { "type": "Point", "coordinates": [ 4.7975254, 45.7487449 ] } },
{ "type": "Feature", "properties": { "technicien": "Kenzy CHABBI", "secteur": 71 }, "geometry": { "type": "Point", "coordinates": [ 4.7978133, 45.7486945 ] } },
{ "type": "Feature", "properties": { "technicien": "Kenzy CHABBI", "secteur": 71 }, "geometry": { "type": "Point", "coordinates": [ 4.7978779, 45.7485849 ] } },
{ "type": "Feature", "properties": { "technicien": "Kenzy CHABBI", "secteur": 71 }, "geometry": { "type": "Point", "coordinates": [ 4.7981694, 45.7485047 ] } },
{ "type": "Feature", "properties": { "technicien": "Kenzy CHABBI", "secteur": 71 }, "geometry": { "type": "Point", "coordinates": [ 4.7984109, 45.7486952 ] } },
{ "type": "Feature", "properties": { "technicien": "Kenzy CHABBI", "secteur": 71 }, "geometry": { "type": "Point", "coordinates": [ 4.7984713, 45.7488336 ] } },
{ "type": "Feature", "properties": { "technicien": "Kenzy CHABBI", "secteur": 71 }, "geometry": { "type": "Point", "coordinates": [ 4.7985209, 45.7489913 ] } },
{ "type": "Feature", "properties": { "technicien": "Kenzy CHABBI", "secteur": 71 }, "geometry": { "type": "Point", "coordinates": [ 4.7984912, 45.7491127 ] } },
{ "type": "Feature", "properties": { "technicien": "Kenzy CHABBI", "secteur": 71 }, "geometry": { "type": "Point", "coordinates": [ 4.7985854, 45.7493296 ] } },
{ "type": "Feature", "properties": { "technicien": "Kenzy CHABBI", "secteur": 71 }, "geometry": { "type": "Point", "coordinates": [ 4.798437, 45.7495252 ] } },
{ "type": "Feature", "properties": { "technicien": "Kenzy CHABBI", "secteur": 71 }, "geometry": { "type": "Point", "coordinates": [ 4.798134, 45.749591 ] } },
{ "type": "Feature", "properties": { "technicien": "Khalil BELLAL", "secteur": 65 }, "geometry": { "type": "Point", "coordinates": [ 4.8571167, 45.7099653 ] } },
{ "type": "Feature", "properties": { "technicien": "Romain RICORDEAU ", "secteur": 21 }, "geometry": { "type": "Point", "coordinates": [ 4.798416, 45.7787674 ] } },
{ "type": "Feature", "properties": { "technicien": "Mohamed BESSAFI", "secteur": 45 }, "geometry": { "type": "Point", "coordinates": [ 4.8288062, 45.7355384 ] } },
{ "type": "Feature", "properties": { "technicien": "Mohamed BESSAFI", "secteur": 45 }, "geometry": { "type": "Point", "coordinates": [ 4.8287745, 45.7353169 ] } },
{ "type": "Feature", "properties": { "technicien": "Mohamed BESSAFI", "secteur": 45 }, "geometry": { "type": "Point", "coordinates": [ 4.8292423, 45.7351211 ] } },
{ "type": "Feature", "properties": { "technicien": "Yaya DOUCOURE ", "secteur": 56 }, "geometry": { "type": "Point", "coordinates": [ 4.8330726, 45.7594554 ] } },
{ "type": "Feature", "properties": { "technicien": "Kenzy CHABBI", "secteur": 71 }, "geometry": { "type": "Point", "coordinates": [ 4.8092227, 45.7070094 ] } },
{ "type": "Feature", "properties": { "technicien": "Christopher WILTORD", "secteur": 53 }, "geometry": { "type": "Point", "coordinates": [ 4.8450118, 45.7584767 ] } },
{ "type": "Feature", "properties": { "technicien": "Yaya DOUCOURE ", "secteur": 56 }, "geometry": { "type": "Point", "coordinates": [ 4.8226968, 45.7503816 ] } },
{ "type": "Feature", "properties": { "technicien": "Yann GENIEIS", "secteur": 73 }, "geometry": { "type": "Point", "coordinates": [ 4.8216694, 45.7017763 ] } },
{ "type": "Feature", "properties": { "technicien": "Mohamed BESSAFI", "secteur": 45 }, "geometry": { "type": "Point", "coordinates": [ 4.84685, 45.7478563 ] } },
{ "type": "Feature", "properties": { "technicien": "Yaya DOUCOURE ", "secteur": 56 }, "geometry": { "type": "Point", "coordinates": [ 4.826739, 45.7534875 ] } },
{ "type": "Feature", "properties": { "technicien": "Christopher WILTORD", "secteur": 53 }, "geometry": { "type": "Point", "coordinates": [ 4.8513145, 45.7560293 ] } },
{ "type": "Feature", "properties": { "technicien": "Christopher WILTORD", "secteur": 53 }, "geometry": { "type": "Point", "coordinates": [ 4.8513145, 45.7560293 ] } },
{ "type": "Feature", "properties": { "technicien": "Yann GENIEIS", "secteur": 73 }, "geometry": { "type": "Point", "coordinates": [ 4.8881102, 45.7537791 ] } },
{ "type": "Feature", "properties": { "technicien": "Yann GENIEIS", "secteur": 73 }, "geometry": { "type": "Point", "coordinates": [ 4.8881102, 45.7537791 ] } },
{ "type": "Feature", "properties": { "technicien": "Yann GENIEIS", "secteur": 73 }, "geometry": { "type": "Point", "coordinates": [ 4.8571368, 45.7087069 ] } },
{ "type": "Feature", "properties": { "technicien": "Romain RICORDEAU ", "secteur": 21 }, "geometry": { "type": "Point", "coordinates": [ 4.8934509, 45.7421773 ] } },
{ "type": "Feature", "properties": { "technicien": "Aurélien GUERIN", "secteur": 6 }, "geometry": { "type": "Point", "coordinates": [ 4.7465918, 45.7726625 ] } },
{ "type": "Feature", "properties": { "technicien": "Kenzy CHABBI", "secteur": 71 }, "geometry": { "type": "Point", "coordinates": [ 4.8216694, 45.7017763 ] } },
{ "type": "Feature", "properties": { "technicien": "Kenzy CHABBI", "secteur": 71 }, "geometry": { "type": "Point", "coordinates": [ 4.8216694, 45.7017763 ] } },
{ "type": "Feature", "properties": { "technicien": "Yaya DOUCOURE ", "secteur": 56 }, "geometry": { "type": "Point", "coordinates": [ 4.8370114, 45.7685914 ] } },
{ "type": "Feature", "properties": { "technicien": "Yaya DOUCOURE ", "secteur": 56 }, "geometry": { "type": "Point", "coordinates": [ 4.8370114, 45.7685914 ] } },
{ "type": "Feature", "properties": { "technicien": "Yaya DOUCOURE ", "secteur": 56 }, "geometry": { "type": "Point", "coordinates": [ 4.8370114, 45.7685914 ] } },
{ "type": "Feature", "properties": { "technicien": "Yaya DOUCOURE ", "secteur": 56 }, "geometry": { "type": "Point", "coordinates": [ 4.8548302, 45.7697785 ] } },
{ "type": "Feature", "properties": { "technicien": "Romain RICORDEAU ", "secteur": 21 }, "geometry": { "type": "Point", "coordinates": [ 4.9847406, 45.7312581 ] } },
{ "type": "Feature", "properties": { "technicien": "Romain RICORDEAU ", "secteur": 21 }, "geometry": { "type": "Point", "coordinates": [ 4.9847406, 45.7312581 ] } },
{ "type": "Feature", "properties": { "technicien": "Romain RICORDEAU ", "secteur": 21 }, "geometry": { "type": "Point", "coordinates": [ 4.9847406, 45.7312581 ] } },
{ "type": "Feature", "properties": { "technicien": "Mohamed BESSAFI", "secteur": 45 }, "geometry": { "type": "Point", "coordinates": [ 4.8431234, 45.7453037 ] } },
{ "type": "Feature", "properties": { "technicien": "Mohamed BESSAFI", "secteur": 45 }, "geometry": { "type": "Point", "coordinates": [ 4.8430308, 45.7451391 ] } },
{ "type": "Feature", "properties": { "technicien": "Yaya DOUCOURE ", "secteur": 56 }, "geometry": { "type": "Point", "coordinates": [ 4.8501274, 45.7740393 ] } },
{ "type": "Feature", "properties": { "technicien": "Olivier VUILLAUME ", "secteur": 58 }, "geometry": { "type": "Point", "coordinates": [ 4.9712591, 45.7292373 ] } },
{ "type": "Feature", "properties": { "technicien": "Yaya DOUCOURE ", "secteur": 56 }, "geometry": { "type": "Point", "coordinates": [ 4.8501274, 45.7740393 ] } },
{ "type": "Feature", "properties": { "technicien": "Yaya DOUCOURE ", "secteur": 56 }, "geometry": { "type": "Point", "coordinates": [ 4.8503567, 45.773931 ] } },
{ "type": "Feature", "properties": { "technicien": "Yaya DOUCOURE ", "secteur": 56 }, "geometry": { "type": "Point", "coordinates": [ 4.8503567, 45.773931 ] } },
{ "type": "Feature", "properties": { "technicien": "Aurélien GUERIN", "secteur": 6 }, "geometry": { "type": "Point", "coordinates": [ 4.764077, 45.7544782 ] } },
{ "type": "Feature", "properties": { "technicien": "Aurélien GUERIN", "secteur": 6 }, "geometry": { "type": "Point", "coordinates": [ 4.764077, 45.7544782 ] } },
{ "type": "Feature", "properties": { "technicien": "Mohamed BESSAFI", "secteur": 45 }, "geometry": { "type": "Point", "coordinates": [ 4.8358657, 45.742899 ] } },
{ "type": "Feature", "properties": { "technicien": "Romain RICORDEAU ", "secteur": 21 }, "geometry": { "type": "Point", "coordinates": [ 4.8798603, 45.7767825 ] } },
{ "type": "Feature", "properties": { "technicien": "Khalil BELLAL", "secteur": 65 }, "geometry": { "type": "Point", "coordinates": [ 4.8670436, 45.7246854 ] } },
{ "type": "Feature", "properties": { "technicien": "Khalil BELLAL", "secteur": 65 }, "geometry": { "type": "Point", "coordinates": [ 4.8670436, 45.7246854 ] } },
{ "type": "Feature", "properties": { "technicien": "Khalil BELLAL", "secteur": 65 }, "geometry": { "type": "Point", "coordinates": [ 4.8670436, 45.7246854 ] } },
{ "type": "Feature", "properties": { "technicien": "Khalil BELLAL", "secteur": 65 }, "geometry": { "type": "Point", "coordinates": [ 4.8670436, 45.7246854 ] } },
{ "type": "Feature", "properties": { "technicien": "Khalil BELLAL", "secteur": 65 }, "geometry": { "type": "Point", "coordinates": [ 4.8670436, 45.7246854 ] } },
{ "type": "Feature", "properties": { "technicien": "Khalil BELLAL", "secteur": 65 }, "geometry": { "type": "Point", "coordinates": [ 4.8670436, 45.7246854 ] } },
{ "type": "Feature", "properties": { "technicien": "Khalil BELLAL", "secteur": 65 }, "geometry": { "type": "Point", "coordinates": [ 4.8670436, 45.7246854 ] } },
{ "type": "Feature", "properties": { "technicien": "Khalil BELLAL", "secteur": 65 }, "geometry": { "type": "Point", "coordinates": [ 4.8670436, 45.7246854 ] } },
{ "type": "Feature", "properties": { "technicien": "Khalil BELLAL", "secteur": 65 }, "geometry": { "type": "Point", "coordinates": [ 4.8670436, 45.7246854 ] } },
{ "type": "Feature", "properties": { "technicien": "Khalil BELLAL", "secteur": 65 }, "geometry": { "type": "Point", "coordinates": [ 4.8670436, 45.7246854 ] } },
{ "type": "Feature", "properties": { "technicien": "Khalil BELLAL", "secteur": 65 }, "geometry": { "type": "Point", "coordinates": [ 4.8670436, 45.7246854 ] } },
{ "type": "Feature", "properties": { "technicien": "Khalil BELLAL", "secteur": 65 }, "geometry": { "type": "Point", "coordinates": [ 4.8670436, 45.7246854 ] } },
{ "type": "Feature", "properties": { "technicien": "Khalil BELLAL", "secteur": 65 }, "geometry": { "type": "Point", "coordinates": [ 4.8695803, 45.7245397 ] } },
{ "type": "Feature", "properties": { "technicien": "Khalil BELLAL", "secteur": 65 }, "geometry": { "type": "Point", "coordinates": [ 4.8697336, 45.7243383 ] } },
{ "type": "Feature", "properties": { "technicien": "Khalil BELLAL", "secteur": 65 }, "geometry": { "type": "Point", "coordinates": [ 4.8698793, 45.7241455 ] } },
{ "type": "Feature", "properties": { "technicien": "Khalil BELLAL", "secteur": 65 }, "geometry": { "type": "Point", "coordinates": [ 4.8700364, 45.7239398 ] } },
{ "type": "Feature", "properties": { "technicien": "Khalil BELLAL", "secteur": 65 }, "geometry": { "type": "Point", "coordinates": [ 4.8703253, 45.7234884 ] } },
{ "type": "Feature", "properties": { "technicien": "Khalil BELLAL", "secteur": 65 }, "geometry": { "type": "Point", "coordinates": [ 4.8703739, 45.7228809 ] } },
{ "type": "Feature", "properties": { "technicien": "Khalil BELLAL", "secteur": 65 }, "geometry": { "type": "Point", "coordinates": [ 4.9360017, 45.698864 ] } },
{ "type": "Feature", "properties": { "technicien": "Khalil BELLAL", "secteur": 65 }, "geometry": { "type": "Point", "coordinates": [ 4.9361394, 45.6986956 ] } },
{ "type": "Feature", "properties": { "technicien": "Khalil BELLAL", "secteur": 65 }, "geometry": { "type": "Point", "coordinates": [ 4.8599991, 45.7300361 ] } },
{ "type": "Feature", "properties": { "technicien": "Nefis ALIOUCHE", "secteur": 47 }, "geometry": { "type": "Point", "coordinates": [ 4.861434, 45.802138 ] } },
{ "type": "Feature", "properties": { "technicien": "Aurélien GUERIN", "secteur": 6 }, "geometry": { "type": "Point", "coordinates": [ 4.7710664, 45.7801347 ] } },
{ "type": "Feature", "properties": { "technicien": "Aurélien GUERIN", "secteur": 6 }, "geometry": { "type": "Point", "coordinates": [ 4.7710664, 45.7801347 ] } },
{ "type": "Feature", "properties": { "technicien": "Khalil BELLAL", "secteur": 65 }, "geometry": { "type": "Point", "coordinates": [ 4.8581536, 45.7062201 ] } },
{ "type": "Feature", "properties": { "technicien": "Khalil BELLAL", "secteur": 65 }, "geometry": { "type": "Point", "coordinates": [ 4.8817175, 45.7032597 ] } },
{ "type": "Feature", "properties": { "technicien": "Guillaume LANGLOIS", "secteur": 70 }, "geometry": { "type": "Point", "coordinates": [ 4.8713008, 45.8279053 ] } },
{ "type": "Feature", "properties": { "technicien": "Khalil BELLAL", "secteur": 65 }, "geometry": { "type": "Point", "coordinates": [ 4.9464243, 45.6953647 ] } },
{ "type": "Feature", "properties": { "technicien": "Guillaume LANGLOIS", "secteur": 70 }, "geometry": { "type": "Point", "coordinates": [ 4.8687232, 45.8197027 ] } },
{ "type": "Feature", "properties": { "technicien": "Nefis ALIOUCHE", "secteur": 47 }, "geometry": { "type": "Point", "coordinates": [ 4.844917, 45.798137 ] } },
{ "type": "Feature", "properties": { "technicien": "Khalil BELLAL", "secteur": 65 }, "geometry": { "type": "Point", "coordinates": [ 4.9243067, 45.6974906 ] } },
{ "type": "Feature", "properties": { "technicien": "Khalil BELLAL", "secteur": 65 }, "geometry": { "type": "Point", "coordinates": [ 4.9243067, 45.6974906 ] } },
{ "type": "Feature", "properties": { "technicien": "Khalil BELLAL", "secteur": 65 }, "geometry": { "type": "Point", "coordinates": [ 4.8519508, 45.6656232 ] } },
{ "type": "Feature", "properties": { "technicien": "Khalil BELLAL", "secteur": 65 }, "geometry": { "type": "Point", "coordinates": [ 4.8520622, 45.6653704 ] } },
{ "type": "Feature", "properties": { "technicien": "Khalil BELLAL", "secteur": 65 }, "geometry": { "type": "Point", "coordinates": [ 4.8550554, 45.7101607 ] } },
{ "type": "Feature", "properties": { "technicien": "Aurélien GUERIN", "secteur": 6 }, "geometry": { "type": "Point", "coordinates": [ 4.7805355, 45.7560216 ] } },
{ "type": "Feature", "properties": { "technicien": "Aurélien GUERIN", "secteur": 6 }, "geometry": { "type": "Point", "coordinates": [ 4.7807954, 45.7560667 ] } },
{ "type": "Feature", "properties": { "technicien": "Aurélien GUERIN", "secteur": 6 }, "geometry": { "type": "Point", "coordinates": [ 4.7810951, 45.7560461 ] } },
{ "type": "Feature", "properties": { "technicien": "Aurélien GUERIN", "secteur": 6 }, "geometry": { "type": "Point", "coordinates": [ 4.7813595, 45.7559339 ] } },
{ "type": "Feature", "properties": { "technicien": "Guillaume LANGLOIS", "secteur": 70 }, "geometry": { "type": "Point", "coordinates": [ 4.9602158, 45.768363 ] } },
{ "type": "Feature", "properties": { "technicien": "Aurélien GUERIN", "secteur": 6 }, "geometry": { "type": "Point", "coordinates": [ 4.6798102, 45.6175285 ] } },
{ "type": "Feature", "properties": { "technicien": "Luc CHAROLLAIS", "secteur": 27 }, "geometry": { "type": "Point", "coordinates": [ 4.9004966, 45.7819488 ] } },
{ "type": "Feature", "properties": { "technicien": "Luc CHAROLLAIS", "secteur": 27 }, "geometry": { "type": "Point", "coordinates": [ 4.900769, 45.7818941 ] } },
{ "type": "Feature", "properties": { "technicien": "Romain RICORDEAU ", "secteur": 21 }, "geometry": { "type": "Point", "coordinates": [ 4.9190225, 45.7900785 ] } },
{ "type": "Feature", "properties": { "technicien": "Romain RICORDEAU ", "secteur": 21 }, "geometry": { "type": "Point", "coordinates": [ 4.9190225, 45.7900785 ] } },
{ "type": "Feature", "properties": { "technicien": "Romain RICORDEAU ", "secteur": 21 }, "geometry": { "type": "Point", "coordinates": [ 4.9190225, 45.7900785 ] } },
{ "type": "Feature", "properties": { "technicien": "Romain RICORDEAU ", "secteur": 21 }, "geometry": { "type": "Point", "coordinates": [ 4.9190225, 45.7900785 ] } },
{ "type": "Feature", "properties": { "technicien": "Romain RICORDEAU ", "secteur": 21 }, "geometry": { "type": "Point", "coordinates": [ 4.9190225, 45.7900785 ] } },
{ "type": "Feature", "properties": { "technicien": "Romain RICORDEAU ", "secteur": 21 }, "geometry": { "type": "Point", "coordinates": [ 4.9190225, 45.7900785 ] } },
{ "type": "Feature", "properties": { "technicien": "Romain RICORDEAU ", "secteur": 21 }, "geometry": { "type": "Point", "coordinates": [ 4.9190225, 45.7900785 ] } },
{ "type": "Feature", "properties": { "technicien": "Romain RICORDEAU ", "secteur": 21 }, "geometry": { "type": "Point", "coordinates": [ 4.9190225, 45.7900785 ] } },
{ "type": "Feature", "properties": { "technicien": "Romain RICORDEAU ", "secteur": 21 }, "geometry": { "type": "Point", "coordinates": [ 4.8412377, 45.7489933 ] } },
{ "type": "Feature", "properties": { "technicien": "Yann GENIEIS", "secteur": 73 }, "geometry": { "type": "Point", "coordinates": [ 4.8540695, 45.7281417 ] } },
{ "type": "Feature", "properties": { "technicien": "Yann GENIEIS", "secteur": 73 }, "geometry": { "type": "Point", "coordinates": [ 4.8540695, 45.7281417 ] } },
{ "type": "Feature", "properties": { "technicien": "Yann GENIEIS", "secteur": 73 }, "geometry": { "type": "Point", "coordinates": [ 4.8571094, 45.7294881 ] } },
{ "type": "Feature", "properties": { "technicien": "Yann GENIEIS", "secteur": 73 }, "geometry": { "type": "Point", "coordinates": [ 4.8571094, 45.7294881 ] } },
{ "type": "Feature", "properties": { "technicien": "Yann GENIEIS", "secteur": 73 }, "geometry": { "type": "Point", "coordinates": [ 4.8571094, 45.7294881 ] } },
{ "type": "Feature", "properties": { "technicien": "Yann GENIEIS", "secteur": 73 }, "geometry": { "type": "Point", "coordinates": [ 4.8571094, 45.7294881 ] } },
{ "type": "Feature", "properties": { "technicien": "Romain RICORDEAU ", "secteur": 21 }, "geometry": { "type": "Point", "coordinates": [ 4.8466345, 45.6634418 ] } },
{ "type": "Feature", "properties": { "technicien": "Romain RICORDEAU ", "secteur": 21 }, "geometry": { "type": "Point", "coordinates": [ 4.8466345, 45.6634418 ] } },
{ "type": "Feature", "properties": { "technicien": "Romain RICORDEAU ", "secteur": 21 }, "geometry": { "type": "Point", "coordinates": [ 4.8466345, 45.6634418 ] } },
{ "type": "Feature", "properties": { "technicien": "Romain RICORDEAU ", "secteur": 21 }, "geometry": { "type": "Point", "coordinates": [ 4.8466345, 45.6634418 ] } },
{ "type": "Feature", "properties": { "technicien": "Romain RICORDEAU ", "secteur": 21 }, "geometry": { "type": "Point", "coordinates": [ 4.8466345, 45.6634418 ] } },
{ "type": "Feature", "properties": { "technicien": "Romain RICORDEAU ", "secteur": 21 }, "geometry": { "type": "Point", "coordinates": [ 4.8466345, 45.6634418 ] } },
{ "type": "Feature", "properties": { "technicien": "Romain RICORDEAU ", "secteur": 21 }, "geometry": { "type": "Point", "coordinates": [ 4.8466345, 45.6634418 ] } },
{ "type": "Feature", "properties": { "technicien": "Romain RICORDEAU ", "secteur": 21 }, "geometry": { "type": "Point", "coordinates": [ 4.8466345, 45.6634418 ] } },
{ "type": "Feature", "properties": { "technicien": "Romain RICORDEAU ", "secteur": 21 }, "geometry": { "type": "Point", "coordinates": [ 4.9190948, 45.7053076 ] } },
{ "type": "Feature", "properties": { "technicien": "Guillaume LANGLOIS", "secteur": 70 }, "geometry": { "type": "Point", "coordinates": [ 5.0133214, 45.7342435 ] } },
{ "type": "Feature", "properties": { "technicien": "Nefis ALIOUCHE", "secteur": 47 }, "geometry": { "type": "Point", "coordinates": [ 4.9223652, 45.7607607 ] } },
{ "type": "Feature", "properties": { "technicien": "Nefis ALIOUCHE", "secteur": 47 }, "geometry": { "type": "Point", "coordinates": [ 4.9223652, 45.7607607 ] } },
{ "type": "Feature", "properties": { "technicien": "Mohamed BESSAFI", "secteur": 45 }, "geometry": { "type": "Point", "coordinates": [ 4.8491409, 45.7369346 ] } },
{ "type": "Feature", "properties": { "technicien": "Mohamed BESSAFI", "secteur": 45 }, "geometry": { "type": "Point", "coordinates": [ 4.8491409, 45.7369346 ] } },
{ "type": "Feature", "properties": { "technicien": "Mohamed BESSAFI", "secteur": 45 }, "geometry": { "type": "Point", "coordinates": [ 4.8491409, 45.7369346 ] } },
{ "type": "Feature", "properties": { "technicien": "Romain RICORDEAU ", "secteur": 21 }, "geometry": { "type": "Point", "coordinates": [ 4.8466345, 45.6634418 ] } },
{ "type": "Feature", "properties": { "technicien": "Aurélien GUERIN", "secteur": 6 }, "geometry": { "type": "Point", "coordinates": [ 4.789532, 45.782193 ] } },
{ "type": "Feature", "properties": { "technicien": "Aurélien GUERIN", "secteur": 6 }, "geometry": { "type": "Point", "coordinates": [ 4.789532, 45.782193 ] } },
{ "type": "Feature", "properties": { "technicien": "Yaya DOUCOURE ", "secteur": 56 }, "geometry": { "type": "Point", "coordinates": [ 4.8350081, 45.7634166 ] } },
{ "type": "Feature", "properties": { "technicien": "Yaya DOUCOURE ", "secteur": 56 }, "geometry": { "type": "Point", "coordinates": [ 4.8350081, 45.7634166 ] } },
{ "type": "Feature", "properties": { "technicien": "Yaya DOUCOURE ", "secteur": 56 }, "geometry": { "type": "Point", "coordinates": [ 4.8350081, 45.7634166 ] } },
{ "type": "Feature", "properties": { "technicien": "Yaya DOUCOURE ", "secteur": 56 }, "geometry": { "type": "Point", "coordinates": [ 4.8350081, 45.7634166 ] } },
{ "type": "Feature", "properties": { "technicien": "Yaya DOUCOURE ", "secteur": 56 }, "geometry": { "type": "Point", "coordinates": [ 4.8346177, 45.7580556 ] } },
{ "type": "Feature", "properties": { "technicien": "Nouredine BOUNAAS", "secteur": 72 }, "geometry": { "type": "Point", "coordinates": [ 4.8662398, 45.7707791 ] } },
{ "type": "Feature", "properties": { "technicien": "Nouredine BOUNAAS", "secteur": 72 }, "geometry": { "type": "Point", "coordinates": [ 4.8662398, 45.7707791 ] } },
{ "type": "Feature", "properties": { "technicien": "Julien TETU", "secteur": 74 }, "geometry": { "type": "Point", "coordinates": [ 5.5337973, 45.5467856 ] } },
{ "type": "Feature", "properties": { "technicien": "Olivier VUILLAUME ", "secteur": 62 }, "geometry": { "type": "Point", "coordinates": [ 5.6895058, 45.5288031 ] } },
{ "type": "Feature", "properties": { "technicien": "Olivier VUILLAUME ", "secteur": 62 }, "geometry": { "type": "Point", "coordinates": [ 5.6895058, 45.5288031 ] } },
{ "type": "Feature", "properties": { "technicien": "Olivier VUILLAUME ", "secteur": 62 }, "geometry": { "type": "Point", "coordinates": [ 5.6895058, 45.5288031 ] } },
{ "type": "Feature", "properties": { "technicien": "Olivier VUILLAUME ", "secteur": 62 }, "geometry": { "type": "Point", "coordinates": [ 5.6895058, 45.5288031 ] } },
{ "type": "Feature", "properties": { "technicien": "Olivier VUILLAUME ", "secteur": 62 }, "geometry": { "type": "Point", "coordinates": [ 5.6895058, 45.5288031 ] } },
{ "type": "Feature", "properties": { "technicien": "Olivier VUILLAUME ", "secteur": 62 }, "geometry": { "type": "Point", "coordinates": [ 5.6895058, 45.5288031 ] } },
{ "type": "Feature", "properties": { "technicien": "Roman NOIREZ", "secteur": 33 }, "geometry": { "type": "Point", "coordinates": [ 5.7248584, 45.1911848 ] } },
{ "type": "Feature", "properties": { "technicien": "Roman NOIREZ", "secteur": 33 }, "geometry": { "type": "Point", "coordinates": [ 5.7248584, 45.1911848 ] } },
{ "type": "Feature", "properties": { "technicien": "Olivier VUILLAUME ", "secteur": 62 }, "geometry": { "type": "Point", "coordinates": [ 5.6895058, 45.5288031 ] } },
{ "type": "Feature", "properties": { "technicien": "Olivier VUILLAUME ", "secteur": 62 }, "geometry": { "type": "Point", "coordinates": [ 5.6895058, 45.5288031 ] } },
{ "type": "Feature", "properties": { "technicien": "Olivier VUILLAUME ", "secteur": 62 }, "geometry": { "type": "Point", "coordinates": [ 5.6895058, 45.5288031 ] } },
{ "type": "Feature", "properties": { "technicien": "Olivier VUILLAUME ", "secteur": 62 }, "geometry": { "type": "Point", "coordinates": [ 5.6895058, 45.5288031 ] } },
{ "type": "Feature", "properties": { "technicien": "Olivier VUILLAUME ", "secteur": 62 }, "geometry": { "type": "Point", "coordinates": [ 5.6895058, 45.5288031 ] } },
{ "type": "Feature", "properties": { "technicien": "Olivier VUILLAUME ", "secteur": 62 }, "geometry": { "type": "Point", "coordinates": [ 5.6895058, 45.5288031 ] } },
{ "type": "Feature", "properties": { "technicien": "Roman NOIREZ", "secteur": 33 }, "geometry": { "type": "Point", "coordinates": [ 5.7211592, 45.1919557 ] } },
{ "type": "Feature", "properties": { "technicien": "Jean-Paul SCARINGELLA", "secteur": 22 }, "geometry": { "type": "Point", "coordinates": [ 5.591468, 45.364615 ] } },
{ "type": "Feature", "properties": { "technicien": "Julien TETU", "secteur": 74 }, "geometry": { "type": "Point", "coordinates": [ 5.6708598, 45.5348956 ] } },
{ "type": "Feature", "properties": { "technicien": "Julien TETU", "secteur": 74 }, "geometry": { "type": "Point", "coordinates": [ 5.6715192, 45.5350724 ] } },
{ "type": "Feature", "properties": { "technicien": "Roman NOIREZ", "secteur": 33 }, "geometry": { "type": "Point", "coordinates": [ 5.7262932, 45.1822829 ] } },
{ "type": "Feature", "properties": { "technicien": "Olivier VUILLAUME ", "secteur": 62 }, "geometry": { "type": "Point", "coordinates": [ 5.6708598, 45.5348956 ] } },
{ "type": "Feature", "properties": { "technicien": "Olivier VUILLAUME ", "secteur": 62 }, "geometry": { "type": "Point", "coordinates": [ 5.6708598, 45.5348956 ] } },
{ "type": "Feature", "properties": { "technicien": "Roman NOIREZ", "secteur": 33 }, "geometry": { "type": "Point", "coordinates": [ 5.7620497, 45.2096562 ] } },
{ "type": "Feature", "properties": { "technicien": "Roman NOIREZ", "secteur": 33 }, "geometry": { "type": "Point", "coordinates": [ 5.7620497, 45.2096562 ] } },
{ "type": "Feature", "properties": { "technicien": "Roman NOIREZ", "secteur": 33 }, "geometry": { "type": "Point", "coordinates": [ 5.7620497, 45.2096562 ] } },
{ "type": "Feature", "properties": { "technicien": "Roman NOIREZ", "secteur": 33 }, "geometry": { "type": "Point", "coordinates": [ 5.7620497, 45.2096562 ] } },
{ "type": "Feature", "properties": { "technicien": "Julien TETU", "secteur": 74 }, "geometry": { "type": "Point", "coordinates": [ 5.923484, 45.566241 ] } },
{ "type": "Feature", "properties": { "technicien": "Julien TETU", "secteur": 74 }, "geometry": { "type": "Point", "coordinates": [ 5.923484, 45.566241 ] } },
{ "type": "Feature", "properties": { "technicien": "Roman NOIREZ", "secteur": 33 }, "geometry": { "type": "Point", "coordinates": [ 5.6775692, 45.2330551 ] } },
{ "type": "Feature", "properties": { "technicien": "Heithem ABID", "secteur": 12 }, "geometry": { "type": "Point", "coordinates": [ 6.0592055, 46.3329432 ] } },
{ "type": "Feature", "properties": { "technicien": "Roman NOIREZ", "secteur": 33 }, "geometry": { "type": "Point", "coordinates": [ 6.0288515, 45.0556252 ] } },
{ "type": "Feature", "properties": { "technicien": "Roman NOIREZ", "secteur": 33 }, "geometry": { "type": "Point", "coordinates": [ 5.8255557, 45.2384057 ] } },
{ "type": "Feature", "properties": { "technicien": "Roman NOIREZ", "secteur": 33 }, "geometry": { "type": "Point", "coordinates": [ 5.7054895, 45.181201 ] } },
{ "type": "Feature", "properties": { "technicien": "Jean-Paul SCARINGELLA", "secteur": 22 }, "geometry": { "type": "Point", "coordinates": [ 5.587771, 45.368434 ] } },
{ "type": "Feature", "properties": { "technicien": "Jean-Paul SCARINGELLA", "secteur": 22 }, "geometry": { "type": "Point", "coordinates": [ 5.587771, 45.368434 ] } },
{ "type": "Feature", "properties": { "technicien": "Roman NOIREZ", "secteur": 33 }, "geometry": { "type": "Point", "coordinates": [ 5.7239014, 45.1638835 ] } },
{ "type": "Feature", "properties": { "technicien": "Roman NOIREZ", "secteur": 33 }, "geometry": { "type": "Point", "coordinates": [ 5.7378698, 45.1881471 ] } },
{ "type": "Feature", "properties": { "technicien": "Roman NOIREZ", "secteur": 33 }, "geometry": { "type": "Point", "coordinates": [ 5.7378698, 45.1881471 ] } },
{ "type": "Feature", "properties": { "technicien": "Roman NOIREZ", "secteur": 33 }, "geometry": { "type": "Point", "coordinates": [ 5.7378698, 45.1881471 ] } },
{ "type": "Feature", "properties": { "technicien": "Roman NOIREZ", "secteur": 33 }, "geometry": { "type": "Point", "coordinates": [ 5.7054895, 45.181201 ] } },
{ "type": "Feature", "properties": { "technicien": "Roman NOIREZ", "secteur": 33 }, "geometry": { "type": "Point", "coordinates": [ 5.7054895, 45.181201 ] } },
{ "type": "Feature", "properties": { "technicien": "Houssam BOUAZIZ", "secteur": 29 }, "geometry": { "type": "Point", "coordinates": [ 6.379265, 45.668802 ] } },
{ "type": "Feature", "properties": { "technicien": "Julien TETU", "secteur": 74 }, "geometry": { "type": "Point", "coordinates": [ 5.928617, 45.566443 ] } },
{ "type": "Feature", "properties": { "technicien": "Julien TETU", "secteur": 74 }, "geometry": { "type": "Point", "coordinates": [ 5.928617, 45.566443 ] } },
{ "type": "Feature", "properties": { "technicien": "Julien TETU", "secteur": 74 }, "geometry": { "type": "Point", "coordinates": [ 5.928617, 45.566443 ] } },
{ "type": "Feature", "properties": { "technicien": "Kalifa DIOMANDE", "secteur": 54 }, "geometry": { "type": "Point", "coordinates": [ 5.9098923, 45.6812715 ] } },
{ "type": "Feature", "properties": { "technicien": "Kalifa DIOMANDE", "secteur": 54 }, "geometry": { "type": "Point", "coordinates": [ 6.1153977, 45.9080335 ] } },
{ "type": "Feature", "properties": { "technicien": "Kalifa DIOMANDE", "secteur": 54 }, "geometry": { "type": "Point", "coordinates": [ 6.1153977, 45.9080335 ] } },
{ "type": "Feature", "properties": { "technicien": "Kalifa DIOMANDE", "secteur": 54 }, "geometry": { "type": "Point", "coordinates": [ 6.1153977, 45.9080335 ] } },
{ "type": "Feature", "properties": { "technicien": "Heithem ABID", "secteur": 12 }, "geometry": { "type": "Point", "coordinates": [ 6.2388444, 46.1989323 ] } },
{ "type": "Feature", "properties": { "technicien": "Kalifa DIOMANDE", "secteur": 54 }, "geometry": { "type": "Point", "coordinates": [ 6.5722163, 46.0596596 ] } },
{ "type": "Feature", "properties": { "technicien": "Kalifa DIOMANDE", "secteur": 54 }, "geometry": { "type": "Point", "coordinates": [ 5.9484, 45.86395 ] } },
{ "type": "Feature", "properties": { "technicien": "Kalifa DIOMANDE", "secteur": 54 }, "geometry": { "type": "Point", "coordinates": [ 6.6978579, 45.9050547 ] } },
{ "type": "Feature", "properties": { "technicien": "Heithem ABID", "secteur": 12 }, "geometry": { "type": "Point", "coordinates": [ 6.2396344, 46.1997179 ] } },
{ "type": "Feature", "properties": { "technicien": "Heithem ABID", "secteur": 12 }, "geometry": { "type": "Point", "coordinates": [ 6.2396344, 46.1997179 ] } },
{ "type": "Feature", "properties": { "technicien": "Kalifa DIOMANDE", "secteur": 54 }, "geometry": { "type": "Point", "coordinates": [ 6.4885707, 46.3719673 ] } },
{ "type": "Feature", "properties": { "technicien": "Kalifa DIOMANDE", "secteur": 54 }, "geometry": { "type": "Point", "coordinates": [ 6.1149548, 45.9135215 ] } },
{ "type": "Feature", "properties": { "technicien": "Kalifa DIOMANDE", "secteur": 54 }, "geometry": { "type": "Point", "coordinates": [ 6.1149548, 45.9135215 ] } },
{ "type": "Feature", "properties": { "technicien": "Kalifa DIOMANDE", "secteur": 54 }, "geometry": { "type": "Point", "coordinates": [ 6.1149548, 45.9135215 ] } },
{ "type": "Feature", "properties": { "technicien": "Kalifa DIOMANDE", "secteur": 54 }, "geometry": { "type": "Point", "coordinates": [ 6.1149548, 45.9135215 ] } },
{ "type": "Feature", "properties": { "technicien": "Olivier VUILLAUME ", "secteur": 62 }, "geometry": { "type": "Point", "coordinates": [ 5.6895058, 45.5288031 ] } },
{ "type": "Feature", "properties": { "technicien": "Olivier VUILLAUME ", "secteur": 62 }, "geometry": { "type": "Point", "coordinates": [ 5.6895058, 45.5288031 ] } },
{ "type": "Feature", "properties": { "technicien": "Olivier VUILLAUME ", "secteur": 62 }, "geometry": { "type": "Point", "coordinates": [ 5.6895058, 45.5288031 ] } },
{ "type": "Feature", "properties": { "technicien": "Olivier VUILLAUME ", "secteur": 62 }, "geometry": { "type": "Point", "coordinates": [ 5.6895058, 45.5288031 ] } },
{ "type": "Feature", "properties": { "technicien": "Olivier VUILLAUME ", "secteur": 62 }, "geometry": { "type": "Point", "coordinates": [ 5.6895058, 45.5288031 ] } },
{ "type": "Feature", "properties": { "technicien": "Olivier VUILLAUME ", "secteur": 62 }, "geometry": { "type": "Point", "coordinates": [ 5.6895058, 45.5288031 ] } },
{ "type": "Feature", "properties": { "technicien": "Olivier VUILLAUME ", "secteur": 62 }, "geometry": { "type": "Point", "coordinates": [ 5.6895058, 45.5288031 ] } },
{ "type": "Feature", "properties": { "technicien": "Roman NOIREZ", "secteur": 33 }, "geometry": { "type": "Point", "coordinates": [ 5.730706, 45.1873967 ] } },
{ "type": "Feature", "properties": { "technicien": "Julien TETU", "secteur": 74 }, "geometry": { "type": "Point", "coordinates": [ 5.6466599, 45.5160423 ] } },
{ "type": "Feature", "properties": { "technicien": "Julien TETU", "secteur": 74 }, "geometry": { "type": "Point", "coordinates": [ 5.6895058, 45.5288031 ] } },
{ "type": "Feature", "properties": { "technicien": "Julien TETU", "secteur": 74 }, "geometry": { "type": "Point", "coordinates": [ 5.6895058, 45.5288031 ] } },
{ "type": "Feature", "properties": { "technicien": "Olivier VUILLAUME ", "secteur": 58 }, "geometry": { "type": "Point", "coordinates": [ 5.4470333, 45.5624539 ] } },
{ "type": "Feature", "properties": { "technicien": "Houssam BOUAZIZ", "secteur": 29 }, "geometry": { "type": "Point", "coordinates": [ 6.52973, 45.483728 ] } },
{ "type": "Feature", "properties": { "technicien": "Heithem ABID", "secteur": 12 }, "geometry": { "type": "Point", "coordinates": [ 6.234157, 46.194908 ] } },
{ "type": "Feature", "properties": { "technicien": "Houssam BOUAZIZ", "secteur": 29 }, "geometry": { "type": "Point", "coordinates": [ 6.357335, 45.275696 ] } },
{ "type": "Feature", "properties": { "technicien": "Olivier VUILLAUME ", "secteur": 62 }, "geometry": { "type": "Point", "coordinates": [ 5.6088095, 45.6015183 ] } },
{ "type": "Feature", "properties": { "technicien": "Olivier VUILLAUME ", "secteur": 62 }, "geometry": { "type": "Point", "coordinates": [ 5.6088095, 45.6015183 ] } },
{ "type": "Feature", "properties": { "technicien": "Olivier VUILLAUME ", "secteur": 62 }, "geometry": { "type": "Point", "coordinates": [ 5.6088095, 45.6015183 ] } },
{ "type": "Feature", "properties": { "technicien": "Olivier VUILLAUME ", "secteur": 62 }, "geometry": { "type": "Point", "coordinates": [ 5.6088095, 45.6015183 ] } },
{ "type": "Feature", "properties": { "technicien": "Julien TETU", "secteur": 74 }, "geometry": { "type": "Point", "coordinates": [ 5.9215423, 45.5674611 ] } },
{ "type": "Feature", "properties": { "technicien": "Roman NOIREZ", "secteur": 33 }, "geometry": { "type": "Point", "coordinates": [ 5.721369, 45.1877483 ] } },
{ "type": "Feature", "properties": { "technicien": "Olivier VUILLAUME ", "secteur": 62 }, "geometry": { "type": "Point", "coordinates": [ 5.6086707, 45.6003768 ] } },
{ "type": "Feature", "properties": { "technicien": "Olivier VUILLAUME ", "secteur": 62 }, "geometry": { "type": "Point", "coordinates": [ 5.6086707, 45.6003768 ] } },
{ "type": "Feature", "properties": { "technicien": "Houssam BOUAZIZ", "secteur": 29 }, "geometry": { "type": "Point", "coordinates": [ 6.5495084, 46.0692551 ] } },
{ "type": "Feature", "properties": { "technicien": "Léna GRAND CLEMENT", "secteur": 68 }, "geometry": { "type": "Point", "coordinates": [ 5.7054895, 45.181201 ] } },
{ "type": "Feature", "properties": { "technicien": "Xavier VICTORION", "secteur": 28 }, "geometry": { "type": "Point", "coordinates": [ 5.7360027, 45.1905598 ] } },
{ "type": "Feature", "properties": { "technicien": "Xavier VICTORION", "secteur": 28 }, "geometry": { "type": "Point", "coordinates": [ 5.7360027, 45.1905598 ] } },
{ "type": "Feature", "properties": { "technicien": "Xavier VICTORION", "secteur": 28 }, "geometry": { "type": "Point", "coordinates": [ 5.7378698, 45.1881471 ] } },
{ "type": "Feature", "properties": { "technicien": "Xavier VICTORION", "secteur": 28 }, "geometry": { "type": "Point", "coordinates": [ 5.7378698, 45.1881471 ] } },
{ "type": "Feature", "properties": { "technicien": "Kalifa DIOMANDE", "secteur": 54 }, "geometry": { "type": "Point", "coordinates": [ 6.1153977, 45.9080335 ] } },
{ "type": "Feature", "properties": { "technicien": "Kalifa DIOMANDE", "secteur": 54 }, "geometry": { "type": "Point", "coordinates": [ 6.1153977, 45.9080335 ] } },
{ "type": "Feature", "properties": { "technicien": "Kalifa DIOMANDE", "secteur": 54 }, "geometry": { "type": "Point", "coordinates": [ 6.1149548, 45.9135215 ] } },
{ "type": "Feature", "properties": { "technicien": "Houssam BOUAZIZ", "secteur": 29 }, "geometry": { "type": "Point", "coordinates": [ 6.390956, 45.676972 ] } },
{ "type": "Feature", "properties": { "technicien": "Kalifa DIOMANDE", "secteur": 54 }, "geometry": { "type": "Point", "coordinates": [ 6.8695114, 45.923089 ] } },
{ "type": "Feature", "properties": { "technicien": "Kalifa DIOMANDE", "secteur": 54 }, "geometry": { "type": "Point", "coordinates": [ 5.9335582, 45.9024209 ] } },
{ "type": "Feature", "properties": { "technicien": "Olivier VUILLAUME ", "secteur": 62 }, "geometry": { "type": "Point", "coordinates": [ 5.6086707, 45.6003768 ] } },
{ "type": "Feature", "properties": { "technicien": "Olivier VUILLAUME ", "secteur": 62 }, "geometry": { "type": "Point", "coordinates": [ 5.6086707, 45.6003768 ] } },
{ "type": "Feature", "properties": { "technicien": "Olivier VUILLAUME ", "secteur": 62 }, "geometry": { "type": "Point", "coordinates": [ 5.6086707, 45.6003768 ] } },
{ "type": "Feature", "properties": { "technicien": "Olivier VUILLAUME ", "secteur": 62 }, "geometry": { "type": "Point", "coordinates": [ 5.6086707, 45.6003768 ] } },
{ "type": "Feature", "properties": { "technicien": "Olivier VUILLAUME ", "secteur": 62 }, "geometry": { "type": "Point", "coordinates": [ 5.6086707, 45.6003768 ] } },
{ "type": "Feature", "properties": { "technicien": "Olivier VUILLAUME ", "secteur": 62 }, "geometry": { "type": "Point", "coordinates": [ 5.6086707, 45.6003768 ] } },
{ "type": "Feature", "properties": { "technicien": "Olivier VUILLAUME ", "secteur": 62 }, "geometry": { "type": "Point", "coordinates": [ 5.5754794, 45.627165 ] } },
{ "type": "Feature", "properties": { "technicien": "Roman NOIREZ", "secteur": 33 }, "geometry": { "type": "Point", "coordinates": [ 6.0752273, 45.3929215 ] } },
{ "type": "Feature", "properties": { "technicien": "Roman NOIREZ", "secteur": 33 }, "geometry": { "type": "Point", "coordinates": [ 5.8902875, 45.2703428 ] } },
{ "type": "Feature", "properties": { "technicien": "Heithem ABID", "secteur": 12 }, "geometry": { "type": "Point", "coordinates": [ 6.0289347, 46.246455 ] } },
{ "type": "Feature", "properties": { "technicien": "Heithem ABID", "secteur": 12 }, "geometry": { "type": "Point", "coordinates": [ 6.2426339, 46.2019817 ] } },
{ "type": "Feature", "properties": { "technicien": "Heithem ABID", "secteur": 12 }, "geometry": { "type": "Point", "coordinates": [ 6.2420296, 46.2014831 ] } },
{ "type": "Feature", "properties": { "technicien": "Heithem ABID", "secteur": 12 }, "geometry": { "type": "Point", "coordinates": [ 6.2423315, 46.2017143 ] } },
{ "type": "Feature", "properties": { "technicien": "Heithem ABID", "secteur": 12 }, "geometry": { "type": "Point", "coordinates": [ 6.0885839, 46.1503646 ] } },
{ "type": "Feature", "properties": { "technicien": "Yann GENIEIS", "secteur": 73 }, "geometry": { "type": "Point", "coordinates": [ 4.811776, 45.586647 ] } },
{ "type": "Feature", "properties": { "technicien": "Roman NOIREZ", "secteur": 33 }, "geometry": { "type": "Point", "coordinates": [ 5.7540245, 45.1674314 ] } },
{ "type": "Feature", "properties": { "technicien": "Olivier VUILLAUME ", "secteur": 62 }, "geometry": { "type": "Point", "coordinates": [ 5.697546, 45.53988 ] } },
{ "type": "Feature", "properties": { "technicien": "Kalifa DIOMANDE", "secteur": 54 }, "geometry": { "type": "Point", "coordinates": [ 6.1153977, 45.9080335 ] } },
{ "type": "Feature", "properties": { "technicien": "Heithem ABID", "secteur": 12 }, "geometry": { "type": "Point", "coordinates": [ 6.13911, 46.3563 ] } },
{ "type": "Feature", "properties": { "technicien": "Olivier VUILLAUME ", "secteur": 62 }, "geometry": { "type": "Point", "coordinates": [ 5.6083448, 45.5926846 ] } },
{ "type": "Feature", "properties": { "technicien": "Olivier VUILLAUME ", "secteur": 62 }, "geometry": { "type": "Point", "coordinates": [ 5.6083448, 45.5926846 ] } },
{ "type": "Feature", "properties": { "technicien": "Olivier VUILLAUME ", "secteur": 62 }, "geometry": { "type": "Point", "coordinates": [ 5.6083448, 45.5926846 ] } },
{ "type": "Feature", "properties": { "technicien": "Olivier VUILLAUME ", "secteur": 62 }, "geometry": { "type": "Point", "coordinates": [ 5.6083448, 45.5926846 ] } },
{ "type": "Feature", "properties": { "technicien": "Olivier VUILLAUME ", "secteur": 62 }, "geometry": { "type": "Point", "coordinates": [ 5.6083448, 45.5926846 ] } },
{ "type": "Feature", "properties": { "technicien": "Olivier VUILLAUME ", "secteur": 62 }, "geometry": { "type": "Point", "coordinates": [ 5.6083448, 45.5926846 ] } },
{ "type": "Feature", "properties": { "technicien": "Martin DO NASCIMENTO", "secteur": 52 }, "geometry": { "type": "Point", "coordinates": [ 5.7221871, 45.1594278 ] } },
{ "type": "Feature", "properties": { "technicien": "Martin DO NASCIMENTO", "secteur": 52 }, "geometry": { "type": "Point", "coordinates": [ 5.7221871, 45.1594278 ] } },
{ "type": "Feature", "properties": { "technicien": "Martin DO NASCIMENTO", "secteur": 52 }, "geometry": { "type": "Point", "coordinates": [ 5.7221871, 45.1594278 ] } },
{ "type": "Feature", "properties": { "technicien": "Heithem ABID", "secteur": 12 }, "geometry": { "type": "Point", "coordinates": [ 6.069937, 46.255957 ] } },
{ "type": "Feature", "properties": { "technicien": "Heithem ABID", "secteur": 12 }, "geometry": { "type": "Point", "coordinates": [ 6.069444, 46.256235 ] } },
{ "type": "Feature", "properties": { "technicien": "Heithem ABID", "secteur": 12 }, "geometry": { "type": "Point", "coordinates": [ 6.068997, 46.256488 ] } },
{ "type": "Feature", "properties": { "technicien": "Roman NOIREZ", "secteur": 33 }, "geometry": { "type": "Point", "coordinates": [ 5.9031544, 45.2535925 ] } },
{ "type": "Feature", "properties": { "technicien": "Karim MOKNECHE", "secteur": 30 }, "geometry": { "type": "Point", "coordinates": [ 5.3173546, 45.1561446 ] } },
{ "type": "Feature", "properties": { "technicien": "Karim MOKNECHE", "secteur": 30 }, "geometry": { "type": "Point", "coordinates": [ 5.3247357, 45.1407916 ] } },
{ "type": "Feature", "properties": { "technicien": "Karim MOKNECHE", "secteur": 30 }, "geometry": { "type": "Point", "coordinates": [ 5.3208686, 45.1538841 ] } },
{ "type": "Feature", "properties": { "technicien": "Karim MOKNECHE", "secteur": 30 }, "geometry": { "type": "Point", "coordinates": [ 5.3208686, 45.1538841 ] } },
{ "type": "Feature", "properties": { "technicien": "Karim MOKNECHE", "secteur": 30 }, "geometry": { "type": "Point", "coordinates": [ 5.3208686, 45.1538841 ] } },
{ "type": "Feature", "properties": { "technicien": "Karim MOKNECHE", "secteur": 30 }, "geometry": { "type": "Point", "coordinates": [ 5.3208686, 45.1538841 ] } },
{ "type": "Feature", "properties": { "technicien": "Karim MOKNECHE", "secteur": 30 }, "geometry": { "type": "Point", "coordinates": [ 5.323481, 45.149771 ] } },
{ "type": "Feature", "properties": { "technicien": "Karim MOKNECHE", "secteur": 30 }, "geometry": { "type": "Point", "coordinates": [ 5.3192976, 45.1527756 ] } },
{ "type": "Feature", "properties": { "technicien": "Karim MOKNECHE", "secteur": 30 }, "geometry": { "type": "Point", "coordinates": [ 5.3192976, 45.1527756 ] } },
{ "type": "Feature", "properties": { "technicien": "Karim MOKNECHE", "secteur": 30 }, "geometry": { "type": "Point", "coordinates": [ 5.3192976, 45.1527756 ] } },
{ "type": "Feature", "properties": { "technicien": "Karim MOKNECHE", "secteur": 30 }, "geometry": { "type": "Point", "coordinates": [ 5.3235545, 45.147491 ] } },
{ "type": "Feature", "properties": { "technicien": "Karim MOKNECHE", "secteur": 30 }, "geometry": { "type": "Point", "coordinates": [ 5.3211316, 45.1535782 ] } },
{ "type": "Feature", "properties": { "technicien": "Karim MOKNECHE", "secteur": 30 }, "geometry": { "type": "Point", "coordinates": [ 5.3211316, 45.1535782 ] } },
{ "type": "Feature", "properties": { "technicien": "Roman NOIREZ", "secteur": 33 }, "geometry": { "type": "Point", "coordinates": [ 5.7221871, 45.1594278 ] } },
{ "type": "Feature", "properties": { "technicien": "Roman NOIREZ", "secteur": 33 }, "geometry": { "type": "Point", "coordinates": [ 5.7221871, 45.1594278 ] } },
{ "type": "Feature", "properties": { "technicien": "Roman NOIREZ", "secteur": 33 }, "geometry": { "type": "Point", "coordinates": [ 5.7221871, 45.1594278 ] } },
{ "type": "Feature", "properties": { "technicien": "Roman NOIREZ", "secteur": 33 }, "geometry": { "type": "Point", "coordinates": [ 5.7221871, 45.1594278 ] } },
{ "type": "Feature", "properties": { "technicien": "Roman NOIREZ", "secteur": 33 }, "geometry": { "type": "Point", "coordinates": [ 5.7221871, 45.1594278 ] } },
{ "type": "Feature", "properties": { "technicien": "Heithem ABID", "secteur": 12 }, "geometry": { "type": "Point", "coordinates": [ 6.116169, 46.361457 ] } },
{ "type": "Feature", "properties": { "technicien": "Heithem ABID", "secteur": 12 }, "geometry": { "type": "Point", "coordinates": [ 6.116169, 46.361457 ] } },
{ "type": "Feature", "properties": { "technicien": "Olivier VUILLAUME ", "secteur": 62 }, "geometry": { "type": "Point", "coordinates": [ 5.6449556, 45.5354746 ] } },
{ "type": "Feature", "properties": { "technicien": "Kalifa DIOMANDE", "secteur": 54 }, "geometry": { "type": "Point", "coordinates": [ 6.1236238, 45.9070445 ] } },
{ "type": "Feature", "properties": { "technicien": "Houssam BOUAZIZ", "secteur": 29 }, "geometry": { "type": "Point", "coordinates": [ 6.1236238, 45.9070445 ] } },
{ "type": "Feature", "properties": { "technicien": "Kalifa DIOMANDE", "secteur": 54 }, "geometry": { "type": "Point", "coordinates": [ 6.1236238, 45.9070445 ] } },
{ "type": "Feature", "properties": { "technicien": "Kalifa DIOMANDE", "secteur": 54 }, "geometry": { "type": "Point", "coordinates": [ 6.1236238, 45.9070445 ] } },
{ "type": "Feature", "properties": { "technicien": "Karim MOKNECHE", "secteur": 30 }, "geometry": { "type": "Point", "coordinates": [ 4.8394118, 45.0709089 ] } },
{ "type": "Feature", "properties": { "technicien": "Karim MOKNECHE", "secteur": 30 }, "geometry": { "type": "Point", "coordinates": [ 4.8394118, 45.0709089 ] } },
{ "type": "Feature", "properties": { "technicien": "Karim MOKNECHE", "secteur": 30 }, "geometry": { "type": "Point", "coordinates": [ 4.8394118, 45.0709089 ] } },
{ "type": "Feature", "properties": { "technicien": "Karim MOKNECHE", "secteur": 30 }, "geometry": { "type": "Point", "coordinates": [ 4.8394118, 45.0709089 ] } },
{ "type": "Feature", "properties": { "technicien": "Karim MOKNECHE", "secteur": 30 }, "geometry": { "type": "Point", "coordinates": [ 4.8394118, 45.0709089 ] } },
{ "type": "Feature", "properties": { "technicien": "Karim MOKNECHE", "secteur": 30 }, "geometry": { "type": "Point", "coordinates": [ 4.8394118, 45.0709089 ] } },
{ "type": "Feature", "properties": { "technicien": "Julien TETU", "secteur": 74 }, "geometry": { "type": "Point", "coordinates": [ 5.96013, 45.579544 ] } },
{ "type": "Feature", "properties": { "technicien": "Roman NOIREZ", "secteur": 33 }, "geometry": { "type": "Point", "coordinates": [ 6.0751153, 45.3931437 ] } },
{ "type": "Feature", "properties": { "technicien": "Julien TETU", "secteur": 74 }, "geometry": { "type": "Point", "coordinates": [ 5.9257427, 45.563875 ] } },
{ "type": "Feature", "properties": { "technicien": "Heithem ABID", "secteur": 12 }, "geometry": { "type": "Point", "coordinates": [ 6.1377634, 46.3510454 ] } },
{ "type": "Feature", "properties": { "technicien": "Heithem ABID", "secteur": 12 }, "geometry": { "type": "Point", "coordinates": [ 5.8215243, 46.1054656 ] } },
{ "type": "Feature", "properties": { "technicien": "Jean-Paul SCARINGELLA", "secteur": 22 }, "geometry": { "type": "Point", "coordinates": [ 5.587829, 45.366105 ] } },
{ "type": "Feature", "properties": { "technicien": "Xavier VICTORION", "secteur": 28 }, "geometry": { "type": "Point", "coordinates": [ 5.7331056, 45.1812895 ] } },
{ "type": "Feature", "properties": { "technicien": "Houssam BOUAZIZ", "secteur": 29 }, "geometry": { "type": "Point", "coordinates": [ 6.636944, 45.406358 ] } },
{ "type": "Feature", "properties": { "technicien": "Jean-Paul SCARINGELLA", "secteur": 22 }, "geometry": { "type": "Point", "coordinates": [ 5.578387, 45.371409 ] } },
{ "type": "Feature", "properties": { "technicien": "Jean-Paul SCARINGELLA", "secteur": 22 }, "geometry": { "type": "Point", "coordinates": [ 5.4984197, 45.3488025 ] } },
{ "type": "Feature", "properties": { "technicien": "Jean-Paul SCARINGELLA", "secteur": 22 }, "geometry": { "type": "Point", "coordinates": [ 5.5926072, 45.365785 ] } },
{ "type": "Feature", "properties": { "technicien": "Léna GRAND CLEMENT", "secteur": 68 }, "geometry": { "type": "Point", "coordinates": [ 5.6642425, 45.2421885 ] } },
{ "type": "Feature", "properties": { "technicien": "Houssam BOUAZIZ", "secteur": 29 }, "geometry": { "type": "Point", "coordinates": [ 6.6329696, 45.4117949 ] } },
{ "type": "Feature", "properties": { "technicien": "Jean-Paul SCARINGELLA", "secteur": 22 }, "geometry": { "type": "Point", "coordinates": [ 5.594524, 45.356947 ] } },
{ "type": "Feature", "properties": { "technicien": "Jean-Paul SCARINGELLA", "secteur": 22 }, "geometry": { "type": "Point", "coordinates": [ 5.58277, 45.367022 ] } },
{ "type": "Feature", "properties": { "technicien": "Jean-Paul SCARINGELLA", "secteur": 22 }, "geometry": { "type": "Point", "coordinates": [ 5.4819958, 45.2737541 ] } },
{ "type": "Feature", "properties": { "technicien": "Karim MOKNECHE", "secteur": 30 }, "geometry": { "type": "Point", "coordinates": [ 4.9583459, 45.0762297 ] } },
{ "type": "Feature", "properties": { "technicien": "Martin DO NASCIMENTO", "secteur": 52 }, "geometry": { "type": "Point", "coordinates": [ 5.7175608, 45.1727625 ] } },
{ "type": "Feature", "properties": { "technicien": "Jean-Paul SCARINGELLA", "secteur": 22 }, "geometry": { "type": "Point", "coordinates": [ 5.592418, 45.36665 ] } },
{ "type": "Feature", "properties": { "technicien": "Kalifa DIOMANDE", "secteur": 54 }, "geometry": { "type": "Point", "coordinates": [ 5.9127777, 45.688723 ] } },
{ "type": "Feature", "properties": { "technicien": "Julien TETU", "secteur": 74 }, "geometry": { "type": "Point", "coordinates": [ 5.9230203, 45.5661064 ] } },
{ "type": "Feature", "properties": { "technicien": "Kalifa DIOMANDE", "secteur": 54 }, "geometry": { "type": "Point", "coordinates": [ 6.6232671, 45.8777518 ] } },
{ "type": "Feature", "properties": { "technicien": "Houssam BOUAZIZ", "secteur": 29 }, "geometry": { "type": "Point", "coordinates": [ 6.6366318, 45.3999344 ] } },
{ "type": "Feature", "properties": { "technicien": "Martin DO NASCIMENTO", "secteur": 52 }, "geometry": { "type": "Point", "coordinates": [ 5.7685165, 45.1834069 ] } },
{ "type": "Feature", "properties": { "technicien": "Martin DO NASCIMENTO", "secteur": 52 }, "geometry": { "type": "Point", "coordinates": [ 5.7429276, 45.1809809 ] } },
{ "type": "Feature", "properties": { "technicien": "Xavier VICTORION", "secteur": 28 }, "geometry": { "type": "Point", "coordinates": [ 5.7199099, 45.1822373 ] } },
{ "type": "Feature", "properties": { "technicien": "Jean-Paul SCARINGELLA", "secteur": 22 }, "geometry": { "type": "Point", "coordinates": [ 5.58277, 45.367022 ] } },
{ "type": "Feature", "properties": { "technicien": "Jean-Paul SCARINGELLA", "secteur": 22 }, "geometry": { "type": "Point", "coordinates": [ 5.58277, 45.367022 ] } },
{ "type": "Feature", "properties": { "technicien": "Houssam BOUAZIZ", "secteur": 29 }, "geometry": { "type": "Point", "coordinates": [ 6.6329696, 45.4117949 ] } },
{ "type": "Feature", "properties": { "technicien": "Martin DO NASCIMENTO", "secteur": 52 }, "geometry": { "type": "Point", "coordinates": [ 5.7130635, 45.1681313 ] } },
{ "type": "Feature", "properties": { "technicien": "Martin DO NASCIMENTO", "secteur": 52 }, "geometry": { "type": "Point", "coordinates": [ 5.7216684, 45.1423332 ] } },
{ "type": "Feature", "properties": { "technicien": "Martin DO NASCIMENTO", "secteur": 52 }, "geometry": { "type": "Point", "coordinates": [ 5.7194579, 45.1409799 ] } },
{ "type": "Feature", "properties": { "technicien": "Martin DO NASCIMENTO", "secteur": 52 }, "geometry": { "type": "Point", "coordinates": [ 5.717991, 45.144346 ] } },
{ "type": "Feature", "properties": { "technicien": "Martin DO NASCIMENTO", "secteur": 52 }, "geometry": { "type": "Point", "coordinates": [ 5.717991, 45.144346 ] } },
{ "type": "Feature", "properties": { "technicien": "Xavier VICTORION", "secteur": 28 }, "geometry": { "type": "Point", "coordinates": [ 5.7198624, 45.1838377 ] } },
{ "type": "Feature", "properties": { "technicien": "Xavier VICTORION", "secteur": 28 }, "geometry": { "type": "Point", "coordinates": [ 5.7046404, 45.1801226 ] } },
{ "type": "Feature", "properties": { "technicien": "Xavier VICTORION", "secteur": 28 }, "geometry": { "type": "Point", "coordinates": [ 5.7102439, 45.1801281 ] } },
{ "type": "Feature", "properties": { "technicien": "Xavier VICTORION", "secteur": 28 }, "geometry": { "type": "Point", "coordinates": [ 5.7104525, 45.1784333 ] } },
{ "type": "Feature", "properties": { "technicien": "Xavier VICTORION", "secteur": 28 }, "geometry": { "type": "Point", "coordinates": [ 5.7346068, 45.1884857 ] } },
{ "type": "Feature", "properties": { "technicien": "Léna GRAND CLEMENT", "secteur": 68 }, "geometry": { "type": "Point", "coordinates": [ 5.6993134, 45.2123926 ] } },
{ "type": "Feature", "properties": { "technicien": "Léna GRAND CLEMENT", "secteur": 68 }, "geometry": { "type": "Point", "coordinates": [ 5.6973296, 45.2128422 ] } },
{ "type": "Feature", "properties": { "technicien": "Léna GRAND CLEMENT", "secteur": 68 }, "geometry": { "type": "Point", "coordinates": [ 5.6972937, 45.2125982 ] } },
{ "type": "Feature", "properties": { "technicien": "Léna GRAND CLEMENT", "secteur": 68 }, "geometry": { "type": "Point", "coordinates": [ 5.6970318, 45.2126548 ] } },
{ "type": "Feature", "properties": { "technicien": "Martin DO NASCIMENTO", "secteur": 52 }, "geometry": { "type": "Point", "coordinates": [ 5.7155274, 45.173988 ] } },
{ "type": "Feature", "properties": { "technicien": "Léna GRAND CLEMENT", "secteur": 68 }, "geometry": { "type": "Point", "coordinates": [ 5.7161995, 45.1921712 ] } },
{ "type": "Feature", "properties": { "technicien": "Xavier VICTORION", "secteur": 28 }, "geometry": { "type": "Point", "coordinates": [ 5.722404, 45.1810251 ] } },
{ "type": "Feature", "properties": { "technicien": "Xavier VICTORION", "secteur": 28 }, "geometry": { "type": "Point", "coordinates": [ 5.7425821, 45.1854771 ] } },
{ "type": "Feature", "properties": { "technicien": "Léna GRAND CLEMENT", "secteur": 68 }, "geometry": { "type": "Point", "coordinates": [ 5.7187077, 45.1968453 ] } },
{ "type": "Feature", "properties": { "technicien": "Léna GRAND CLEMENT", "secteur": 68 }, "geometry": { "type": "Point", "coordinates": [ 5.7179449, 45.1994112 ] } },
{ "type": "Feature", "properties": { "technicien": "Martin DO NASCIMENTO", "secteur": 52 }, "geometry": { "type": "Point", "coordinates": [ 5.7145389, 45.1719829 ] } },
{ "type": "Feature", "properties": { "technicien": "Martin DO NASCIMENTO", "secteur": 52 }, "geometry": { "type": "Point", "coordinates": [ 5.7158291, 45.172785 ] } },
{ "type": "Feature", "properties": { "technicien": "Jean-Paul SCARINGELLA", "secteur": 22 }, "geometry": { "type": "Point", "coordinates": [ 5.6843985, 45.1916328 ] } },
{ "type": "Feature", "properties": { "technicien": "Jean-Paul SCARINGELLA", "secteur": 22 }, "geometry": { "type": "Point", "coordinates": [ 5.6843985, 45.1916328 ] } },
{ "type": "Feature", "properties": { "technicien": "Roman NOIREZ", "secteur": 33 }, "geometry": { "type": "Point", "coordinates": [ 5.7501174, 45.2086927 ] } },
{ "type": "Feature", "properties": { "technicien": "Xavier VICTORION", "secteur": 28 }, "geometry": { "type": "Point", "coordinates": [ 5.7175172, 45.1822742 ] } },
{ "type": "Feature", "properties": { "technicien": "Martin DO NASCIMENTO", "secteur": 52 }, "geometry": { "type": "Point", "coordinates": [ 5.7621191, 45.1570249 ] } },
{ "type": "Feature", "properties": { "technicien": "Léna GRAND CLEMENT", "secteur": 68 }, "geometry": { "type": "Point", "coordinates": [ 5.7057294, 45.2084958 ] } },
{ "type": "Feature", "properties": { "technicien": "Xavier VICTORION", "secteur": 28 }, "geometry": { "type": "Point", "coordinates": [ 5.7250078, 45.1817913 ] } },
{ "type": "Feature", "properties": { "technicien": "Jean-Paul SCARINGELLA", "secteur": 22 }, "geometry": { "type": "Point", "coordinates": [ 5.6937996, 45.1968857 ] } },
{ "type": "Feature", "properties": { "technicien": "Xavier VICTORION", "secteur": 28 }, "geometry": { "type": "Point", "coordinates": [ 5.7431327, 45.1848454 ] } },
{ "type": "Feature", "properties": { "technicien": "Xavier VICTORION", "secteur": 28 }, "geometry": { "type": "Point", "coordinates": [ 5.7432202, 45.1846552 ] } },
{ "type": "Feature", "properties": { "technicien": "Xavier VICTORION", "secteur": 28 }, "geometry": { "type": "Point", "coordinates": [ 5.7206133, 45.1846443 ] } },
{ "type": "Feature", "properties": { "technicien": "Léna GRAND CLEMENT", "secteur": 68 }, "geometry": { "type": "Point", "coordinates": [ 5.720855, 45.1880016 ] } },
{ "type": "Feature", "properties": { "technicien": "Léna GRAND CLEMENT", "secteur": 68 }, "geometry": { "type": "Point", "coordinates": [ 5.7205689, 45.1880191 ] } },
{ "type": "Feature", "properties": { "technicien": "Xavier VICTORION", "secteur": 28 }, "geometry": { "type": "Point", "coordinates": [ 5.7131476, 45.1771134 ] } },
{ "type": "Feature", "properties": { "technicien": "Xavier VICTORION", "secteur": 28 }, "geometry": { "type": "Point", "coordinates": [ 5.7131476, 45.1771134 ] } },
{ "type": "Feature", "properties": { "technicien": "Martin DO NASCIMENTO", "secteur": 52 }, "geometry": { "type": "Point", "coordinates": [ 5.7257476, 45.166178 ] } },
{ "type": "Feature", "properties": { "technicien": "Martin DO NASCIMENTO", "secteur": 52 }, "geometry": { "type": "Point", "coordinates": [ 5.7257476, 45.166178 ] } },
{ "type": "Feature", "properties": { "technicien": "Léna GRAND CLEMENT", "secteur": 68 }, "geometry": { "type": "Point", "coordinates": [ 5.741806, 45.1982787 ] } },
{ "type": "Feature", "properties": { "technicien": "Léna GRAND CLEMENT", "secteur": 68 }, "geometry": { "type": "Point", "coordinates": [ 5.7421325, 45.1980963 ] } },
{ "type": "Feature", "properties": { "technicien": "Léna GRAND CLEMENT", "secteur": 68 }, "geometry": { "type": "Point", "coordinates": [ 5.7421325, 45.1980963 ] } },
{ "type": "Feature", "properties": { "technicien": "Xavier VICTORION", "secteur": 28 }, "geometry": { "type": "Point", "coordinates": [ 5.734019, 45.1790316 ] } },
{ "type": "Feature", "properties": { "technicien": "Xavier VICTORION", "secteur": 28 }, "geometry": { "type": "Point", "coordinates": [ 5.7340029, 45.1788641 ] } },
{ "type": "Feature", "properties": { "technicien": "Xavier VICTORION", "secteur": 28 }, "geometry": { "type": "Point", "coordinates": [ 5.7340175, 45.1786924 ] } },
{ "type": "Feature", "properties": { "technicien": "Xavier VICTORION", "secteur": 28 }, "geometry": { "type": "Point", "coordinates": [ 5.7070281, 45.1797715 ] } },
{ "type": "Feature", "properties": { "technicien": "Jean-Paul SCARINGELLA", "secteur": 22 }, "geometry": { "type": "Point", "coordinates": [ 5.583687, 45.366655 ] } },
{ "type": "Feature", "properties": { "technicien": "Xavier VICTORION", "secteur": 28 }, "geometry": { "type": "Point", "coordinates": [ 5.7289189, 45.1813841 ] } },
{ "type": "Feature", "properties": { "technicien": "Martin DO NASCIMENTO", "secteur": 52 }, "geometry": { "type": "Point", "coordinates": [ 5.7209736, 45.1644905 ] } },
{ "type": "Feature", "properties": { "technicien": "Martin DO NASCIMENTO", "secteur": 52 }, "geometry": { "type": "Point", "coordinates": [ 5.7227182, 45.165577 ] } },
{ "type": "Feature", "properties": { "technicien": "Martin DO NASCIMENTO", "secteur": 52 }, "geometry": { "type": "Point", "coordinates": [ 5.7236685, 45.1656207 ] } },
{ "type": "Feature", "properties": { "technicien": "Martin DO NASCIMENTO", "secteur": 52 }, "geometry": { "type": "Point", "coordinates": [ 5.7237084, 45.1651781 ] } },
{ "type": "Feature", "properties": { "technicien": "Léna GRAND CLEMENT", "secteur": 68 }, "geometry": { "type": "Point", "coordinates": [ 5.719109, 45.1893706 ] } },
{ "type": "Feature", "properties": { "technicien": "Martin DO NASCIMENTO", "secteur": 52 }, "geometry": { "type": "Point", "coordinates": [ 5.70312, 45.145887 ] } },
{ "type": "Feature", "properties": { "technicien": "Xavier VICTORION", "secteur": 28 }, "geometry": { "type": "Point", "coordinates": [ 5.7198189, 45.1858569 ] } },
{ "type": "Feature", "properties": { "technicien": "Martin DO NASCIMENTO", "secteur": 52 }, "geometry": { "type": "Point", "coordinates": [ 5.7158556, 45.1731995 ] } },
{ "type": "Feature", "properties": { "technicien": "Martin DO NASCIMENTO", "secteur": 52 }, "geometry": { "type": "Point", "coordinates": [ 5.7145389, 45.1719829 ] } },
{ "type": "Feature", "properties": { "technicien": "Xavier VICTORION", "secteur": 28 }, "geometry": { "type": "Point", "coordinates": [ 5.7120249, 45.180866 ] } },
{ "type": "Feature", "properties": { "technicien": "Xavier VICTORION", "secteur": 28 }, "geometry": { "type": "Point", "coordinates": [ 5.7120477, 45.1806647 ] } },
{ "type": "Feature", "properties": { "technicien": "Jean-Paul SCARINGELLA", "secteur": 22 }, "geometry": { "type": "Point", "coordinates": [ 5.5847709, 45.3703533 ] } },
{ "type": "Feature", "properties": { "technicien": "Léna GRAND CLEMENT", "secteur": 68 }, "geometry": { "type": "Point", "coordinates": [ 5.7395948, 45.1968798 ] } },
{ "type": "Feature", "properties": { "technicien": "Léna GRAND CLEMENT", "secteur": 68 }, "geometry": { "type": "Point", "coordinates": [ 5.7287054, 45.1902654 ] } },
{ "type": "Feature", "properties": { "technicien": "Martin DO NASCIMENTO", "secteur": 52 }, "geometry": { "type": "Point", "coordinates": [ 5.7150502, 45.176485 ] } },
{ "type": "Feature", "properties": { "technicien": "Roman NOIREZ", "secteur": 33 }, "geometry": { "type": "Point", "coordinates": [ 6.0085329, 45.4322755 ] } },
{ "type": "Feature", "properties": { "technicien": "Xavier VICTORION", "secteur": 28 }, "geometry": { "type": "Point", "coordinates": [ 5.732619, 45.1866067 ] } },
{ "type": "Feature", "properties": { "technicien": "Xavier VICTORION", "secteur": 28 }, "geometry": { "type": "Point", "coordinates": [ 5.7323525, 45.186514 ] } },
{ "type": "Feature", "properties": { "technicien": "Xavier VICTORION", "secteur": 28 }, "geometry": { "type": "Point", "coordinates": [ 5.7325303, 45.1867496 ] } },
{ "type": "Feature", "properties": { "technicien": "Xavier VICTORION", "secteur": 28 }, "geometry": { "type": "Point", "coordinates": [ 5.7425274, 45.1866754 ] } },
{ "type": "Feature", "properties": { "technicien": "Jean-Paul SCARINGELLA", "secteur": 22 }, "geometry": { "type": "Point", "coordinates": [ 5.5616892, 45.3248213 ] } },
{ "type": "Feature", "properties": { "technicien": "Martin DO NASCIMENTO", "secteur": 52 }, "geometry": { "type": "Point", "coordinates": [ 5.718271, 45.1640455 ] } },
{ "type": "Feature", "properties": { "technicien": "Léna GRAND CLEMENT", "secteur": 68 }, "geometry": { "type": "Point", "coordinates": [ 5.6655877, 45.2042293 ] } },
{ "type": "Feature", "properties": { "technicien": "Léna GRAND CLEMENT", "secteur": 68 }, "geometry": { "type": "Point", "coordinates": [ 5.6655877, 45.2042293 ] } },
{ "type": "Feature", "properties": { "technicien": "Xavier VICTORION", "secteur": 28 }, "geometry": { "type": "Point", "coordinates": [ 5.7134466, 45.1772476 ] } },
{ "type": "Feature", "properties": { "technicien": "Léna GRAND CLEMENT", "secteur": 68 }, "geometry": { "type": "Point", "coordinates": [ 5.7087231, 45.1727635 ] } },
{ "type": "Feature", "properties": { "technicien": "Jean-Paul SCARINGELLA", "secteur": 22 }, "geometry": { "type": "Point", "coordinates": [ 5.5986289, 45.3636596 ] } },
{ "type": "Feature", "properties": { "technicien": "Jean-Paul SCARINGELLA", "secteur": 22 }, "geometry": { "type": "Point", "coordinates": [ 5.586671, 45.365129 ] } },
{ "type": "Feature", "properties": { "technicien": "Xavier VICTORION", "secteur": 28 }, "geometry": { "type": "Point", "coordinates": [ 5.7089836, 45.1691541 ] } },
{ "type": "Feature", "properties": { "technicien": "Xavier VICTORION", "secteur": 28 }, "geometry": { "type": "Point", "coordinates": [ 5.7333939, 45.1832118 ] } },
{ "type": "Feature", "properties": { "technicien": "Xavier VICTORION", "secteur": 28 }, "geometry": { "type": "Point", "coordinates": [ 5.7133036, 45.1807941 ] } },
{ "type": "Feature", "properties": { "technicien": "Léna GRAND CLEMENT", "secteur": 68 }, "geometry": { "type": "Point", "coordinates": [ 5.6908492, 45.2242659 ] } },
{ "type": "Feature", "properties": { "technicien": "Léna GRAND CLEMENT", "secteur": 68 }, "geometry": { "type": "Point", "coordinates": [ 5.6912255, 45.2242809 ] } },
{ "type": "Feature", "properties": { "technicien": "Xavier VICTORION", "secteur": 28 }, "geometry": { "type": "Point", "coordinates": [ 5.7260354, 45.1811825 ] } },
{ "type": "Feature", "properties": { "technicien": "Xavier VICTORION", "secteur": 28 }, "geometry": { "type": "Point", "coordinates": [ 5.7247185, 45.1856774 ] } },
{ "type": "Feature", "properties": { "technicien": "Léna GRAND CLEMENT", "secteur": 68 }, "geometry": { "type": "Point", "coordinates": [ 5.6894853, 45.1821862 ] } },
{ "type": "Feature", "properties": { "technicien": "Léna GRAND CLEMENT", "secteur": 68 }, "geometry": { "type": "Point", "coordinates": [ 5.6895148, 45.1820444 ] } },
{ "type": "Feature", "properties": { "technicien": "Léna GRAND CLEMENT", "secteur": 68 }, "geometry": { "type": "Point", "coordinates": [ 5.689547, 45.1819026 ] } },
{ "type": "Feature", "properties": { "technicien": "Léna GRAND CLEMENT", "secteur": 68 }, "geometry": { "type": "Point", "coordinates": [ 5.6896757, 45.1817665 ] } },
{ "type": "Feature", "properties": { "technicien": "Léna GRAND CLEMENT", "secteur": 68 }, "geometry": { "type": "Point", "coordinates": [ 5.6897052, 45.1816247 ] } },
{ "type": "Feature", "properties": { "technicien": "Léna GRAND CLEMENT", "secteur": 68 }, "geometry": { "type": "Point", "coordinates": [ 5.6897267, 45.1814829 ] } },
{ "type": "Feature", "properties": { "technicien": "Léna GRAND CLEMENT", "secteur": 68 }, "geometry": { "type": "Point", "coordinates": [ 5.6897508, 45.181343 ] } },
{ "type": "Feature", "properties": { "technicien": "Jean-Paul SCARINGELLA", "secteur": 22 }, "geometry": { "type": "Point", "coordinates": [ 5.589079, 45.362931 ] } },
{ "type": "Feature", "properties": { "technicien": "Jean-Paul SCARINGELLA", "secteur": 22 }, "geometry": { "type": "Point", "coordinates": [ 5.589079, 45.362931 ] } },
{ "type": "Feature", "properties": { "technicien": "Jean-Paul SCARINGELLA", "secteur": 22 }, "geometry": { "type": "Point", "coordinates": [ 5.589079, 45.362931 ] } },
{ "type": "Feature", "properties": { "technicien": "Xavier VICTORION", "secteur": 28 }, "geometry": { "type": "Point", "coordinates": [ 5.7169912, 45.1808678 ] } },
{ "type": "Feature", "properties": { "technicien": "Roman NOIREZ", "secteur": 33 }, "geometry": { "type": "Point", "coordinates": [ 5.718271, 45.1640455 ] } },
{ "type": "Feature", "properties": { "technicien": "Xavier VICTORION", "secteur": 28 }, "geometry": { "type": "Point", "coordinates": [ 5.7360225, 45.1788228 ] } },
{ "type": "Feature", "properties": { "technicien": "Xavier VICTORION", "secteur": 28 }, "geometry": { "type": "Point", "coordinates": [ 5.7204041, 45.1834162 ] } },
{ "type": "Feature", "properties": { "technicien": "Jean-Paul SCARINGELLA", "secteur": 22 }, "geometry": { "type": "Point", "coordinates": [ 5.3299807, 45.3623769 ] } },
{ "type": "Feature", "properties": { "technicien": "Léna GRAND CLEMENT", "secteur": 68 }, "geometry": { "type": "Point", "coordinates": [ 5.7567427, 45.2066272 ] } },
{ "type": "Feature", "properties": { "technicien": "Xavier VICTORION", "secteur": 28 }, "geometry": { "type": "Point", "coordinates": [ 5.744041, 45.1855385 ] } },
{ "type": "Feature", "properties": { "technicien": "Léna GRAND CLEMENT", "secteur": 68 }, "geometry": { "type": "Point", "coordinates": [ 5.724712, 45.1901709 ] } },
{ "type": "Feature", "properties": { "technicien": "Léna GRAND CLEMENT", "secteur": 68 }, "geometry": { "type": "Point", "coordinates": [ 5.7143084, 45.1950968 ] } },
{ "type": "Feature", "properties": { "technicien": "Xavier VICTORION", "secteur": 28 }, "geometry": { "type": "Point", "coordinates": [ 5.715438, 45.1805779 ] } },
{ "type": "Feature", "properties": { "technicien": "Xavier VICTORION", "secteur": 28 }, "geometry": { "type": "Point", "coordinates": [ 5.7152097, 45.1804866 ] } },
{ "type": "Feature", "properties": { "technicien": "Léna GRAND CLEMENT", "secteur": 68 }, "geometry": { "type": "Point", "coordinates": [ 5.709506, 45.1890275 ] } },
{ "type": "Feature", "properties": { "technicien": "Martin DO NASCIMENTO", "secteur": 52 }, "geometry": { "type": "Point", "coordinates": [ 5.7655762, 45.180351 ] } },
{ "type": "Feature", "properties": { "technicien": "Martin DO NASCIMENTO", "secteur": 52 }, "geometry": { "type": "Point", "coordinates": [ 5.7655762, 45.180351 ] } },
{ "type": "Feature", "properties": { "technicien": "Roman NOIREZ", "secteur": 33 }, "geometry": { "type": "Point", "coordinates": [ 5.7760603, 45.1882423 ] } },
{ "type": "Feature", "properties": { "technicien": "Roman NOIREZ", "secteur": 33 }, "geometry": { "type": "Point", "coordinates": [ 5.7760603, 45.1882423 ] } },
{ "type": "Feature", "properties": { "technicien": "Roman NOIREZ", "secteur": 33 }, "geometry": { "type": "Point", "coordinates": [ 5.7760603, 45.1882423 ] } },
{ "type": "Feature", "properties": { "technicien": "Roman NOIREZ", "secteur": 33 }, "geometry": { "type": "Point", "coordinates": [ 5.7760603, 45.1882423 ] } },
{ "type": "Feature", "properties": { "technicien": "Roman NOIREZ", "secteur": 33 }, "geometry": { "type": "Point", "coordinates": [ 5.7760603, 45.1882423 ] } },
{ "type": "Feature", "properties": { "technicien": "Martin DO NASCIMENTO", "secteur": 52 }, "geometry": { "type": "Point", "coordinates": [ 5.7150427, 45.1758753 ] } },
{ "type": "Feature", "properties": { "technicien": "Xavier VICTORION", "secteur": 28 }, "geometry": { "type": "Point", "coordinates": [ 5.7292746, 45.1811439 ] } },
{ "type": "Feature", "properties": { "technicien": "Xavier VICTORION", "secteur": 28 }, "geometry": { "type": "Point", "coordinates": [ 5.7289804, 45.1811987 ] } },
{ "type": "Feature", "properties": { "technicien": "Xavier VICTORION", "secteur": 28 }, "geometry": { "type": "Point", "coordinates": [ 5.72938, 45.1809645 ] } },
{ "type": "Feature", "properties": { "technicien": "Martin DO NASCIMENTO", "secteur": 52 }, "geometry": { "type": "Point", "coordinates": [ 5.7752072, 45.0859544 ] } },
{ "type": "Feature", "properties": { "technicien": "Martin DO NASCIMENTO", "secteur": 52 }, "geometry": { "type": "Point", "coordinates": [ 5.7752072, 45.0859544 ] } },
{ "type": "Feature", "properties": { "technicien": "Léna GRAND CLEMENT", "secteur": 68 }, "geometry": { "type": "Point", "coordinates": [ 5.7188303, 45.1920537 ] } },
{ "type": "Feature", "properties": { "technicien": "Martin DO NASCIMENTO", "secteur": 52 }, "geometry": { "type": "Point", "coordinates": [ 5.7150502, 45.176485 ] } },
{ "type": "Feature", "properties": { "technicien": "Léna GRAND CLEMENT", "secteur": 68 }, "geometry": { "type": "Point", "coordinates": [ 5.7251043, 45.1903084 ] } },
{ "type": "Feature", "properties": { "technicien": "Léna GRAND CLEMENT", "secteur": 68 }, "geometry": { "type": "Point", "coordinates": [ 5.7846233, 45.2107862 ] } },
{ "type": "Feature", "properties": { "technicien": "Léna GRAND CLEMENT", "secteur": 68 }, "geometry": { "type": "Point", "coordinates": [ 5.7846233, 45.2107862 ] } },
{ "type": "Feature", "properties": { "technicien": "Léna GRAND CLEMENT", "secteur": 68 }, "geometry": { "type": "Point", "coordinates": [ 5.7846233, 45.2107862 ] } },
{ "type": "Feature", "properties": { "technicien": "Léna GRAND CLEMENT", "secteur": 68 }, "geometry": { "type": "Point", "coordinates": [ 5.6757458, 45.2393959 ] } },
{ "type": "Feature", "properties": { "technicien": "Léna GRAND CLEMENT", "secteur": 68 }, "geometry": { "type": "Point", "coordinates": [ 5.7001917, 45.1868446 ] } },
{ "type": "Feature", "properties": { "technicien": "Léna GRAND CLEMENT", "secteur": 68 }, "geometry": { "type": "Point", "coordinates": [ 5.7001871, 45.1866709 ] } },
{ "type": "Feature", "properties": { "technicien": "Martin DO NASCIMENTO", "secteur": 52 }, "geometry": { "type": "Point", "coordinates": [ 5.7533185, 45.1790292 ] } },
{ "type": "Feature", "properties": { "technicien": "Martin DO NASCIMENTO", "secteur": 52 }, "geometry": { "type": "Point", "coordinates": [ 5.7533185, 45.1790292 ] } },
{ "type": "Feature", "properties": { "technicien": "Martin DO NASCIMENTO", "secteur": 52 }, "geometry": { "type": "Point", "coordinates": [ 5.7533185, 45.1790292 ] } },
{ "type": "Feature", "properties": { "technicien": "Xavier VICTORION", "secteur": 28 }, "geometry": { "type": "Point", "coordinates": [ 5.7260101, 45.1761868 ] } },
{ "type": "Feature", "properties": { "technicien": "Xavier VICTORION", "secteur": 28 }, "geometry": { "type": "Point", "coordinates": [ 5.7260101, 45.1761868 ] } },
{ "type": "Feature", "properties": { "technicien": "Xavier VICTORION", "secteur": 28 }, "geometry": { "type": "Point", "coordinates": [ 5.7327622, 45.1811277 ] } },
{ "type": "Feature", "properties": { "technicien": "Léna GRAND CLEMENT", "secteur": 68 }, "geometry": { "type": "Point", "coordinates": [ 5.6904578, 45.224191 ] } },
{ "type": "Feature", "properties": { "technicien": "Xavier VICTORION", "secteur": 28 }, "geometry": { "type": "Point", "coordinates": [ 5.7328461, 45.1908386 ] } },
{ "type": "Feature", "properties": { "technicien": "Martin DO NASCIMENTO", "secteur": 52 }, "geometry": { "type": "Point", "coordinates": [ 5.7197367, 45.1417169 ] } },
{ "type": "Feature", "properties": { "technicien": "Martin DO NASCIMENTO", "secteur": 52 }, "geometry": { "type": "Point", "coordinates": [ 5.7201345, 45.1414955 ] } },
{ "type": "Feature", "properties": { "technicien": "Xavier VICTORION", "secteur": 28 }, "geometry": { "type": "Point", "coordinates": [ 5.7088067, 45.1798877 ] } },
{ "type": "Feature", "properties": { "technicien": "Jean-Paul SCARINGELLA", "secteur": 22 }, "geometry": { "type": "Point", "coordinates": [ 5.5609791, 45.323764 ] } },
{ "type": "Feature", "properties": { "technicien": "Jean-Paul SCARINGELLA", "secteur": 22 }, "geometry": { "type": "Point", "coordinates": [ 5.5609791, 45.323764 ] } },
{ "type": "Feature", "properties": { "technicien": "Léna GRAND CLEMENT", "secteur": 68 }, "geometry": { "type": "Point", "coordinates": [ 5.7541355, 45.2062035 ] } },
{ "type": "Feature", "properties": { "technicien": "Léna GRAND CLEMENT", "secteur": 68 }, "geometry": { "type": "Point", "coordinates": [ 5.7563054, 45.2076001 ] } },
{ "type": "Feature", "properties": { "technicien": "Léna GRAND CLEMENT", "secteur": 68 }, "geometry": { "type": "Point", "coordinates": [ 5.7557195, 45.2073655 ] } },
{ "type": "Feature", "properties": { "technicien": "Léna GRAND CLEMENT", "secteur": 68 }, "geometry": { "type": "Point", "coordinates": [ 5.754715, 45.2058315 ] } },
{ "type": "Feature", "properties": { "technicien": "Xavier VICTORION", "secteur": 28 }, "geometry": { "type": "Point", "coordinates": [ 5.712751, 45.1868074 ] } },
{ "type": "Feature", "properties": { "technicien": "Julien TETU", "secteur": 74 }, "geometry": { "type": "Point", "coordinates": [ 5.924545, 45.566681 ] } },
{ "type": "Feature", "properties": { "technicien": "Xavier VICTORION", "secteur": 28 }, "geometry": { "type": "Point", "coordinates": [ 5.7263201, 45.1799684 ] } },
{ "type": "Feature", "properties": { "technicien": "Léna GRAND CLEMENT", "secteur": 68 }, "geometry": { "type": "Point", "coordinates": [ 5.7183681, 45.189917 ] } },
{ "type": "Feature", "properties": { "technicien": "Martin DO NASCIMENTO", "secteur": 52 }, "geometry": { "type": "Point", "coordinates": [ 5.8761486, 45.1095809 ] } },
{ "type": "Feature", "properties": { "technicien": "Léna GRAND CLEMENT", "secteur": 68 }, "geometry": { "type": "Point", "coordinates": [ 5.6798718, 45.2165924 ] } },
{ "type": "Feature", "properties": { "technicien": "Xavier VICTORION", "secteur": 28 }, "geometry": { "type": "Point", "coordinates": [ 5.7276032, 45.1775465 ] } },
{ "type": "Feature", "properties": { "technicien": "Roman NOIREZ", "secteur": 33 }, "geometry": { "type": "Point", "coordinates": [ 5.7746321, 45.2140328 ] } },
{ "type": "Feature", "properties": { "technicien": "Xavier VICTORION", "secteur": 28 }, "geometry": { "type": "Point", "coordinates": [ 5.7321176, 45.1873579 ] } },
{ "type": "Feature", "properties": { "technicien": "Xavier VICTORION", "secteur": 28 }, "geometry": { "type": "Point", "coordinates": [ 5.7058042, 45.1798059 ] } },
{ "type": "Feature", "properties": { "technicien": "Léna GRAND CLEMENT", "secteur": 68 }, "geometry": { "type": "Point", "coordinates": [ 5.7340965, 45.1969825 ] } },
{ "type": "Feature", "properties": { "technicien": "Léna GRAND CLEMENT", "secteur": 68 }, "geometry": { "type": "Point", "coordinates": [ 5.7340965, 45.1969825 ] } },
{ "type": "Feature", "properties": { "technicien": "Martin DO NASCIMENTO", "secteur": 52 }, "geometry": { "type": "Point", "coordinates": [ 5.7366155, 45.1618161 ] } },
{ "type": "Feature", "properties": { "technicien": "Martin DO NASCIMENTO", "secteur": 52 }, "geometry": { "type": "Point", "coordinates": [ 5.7362175, 45.1620388 ] } },
{ "type": "Feature", "properties": { "technicien": "Martin DO NASCIMENTO", "secteur": 52 }, "geometry": { "type": "Point", "coordinates": [ 5.7362175, 45.1620388 ] } },
{ "type": "Feature", "properties": { "technicien": "Martin DO NASCIMENTO", "secteur": 52 }, "geometry": { "type": "Point", "coordinates": [ 5.7362567, 45.1623099 ] } },
{ "type": "Feature", "properties": { "technicien": "Martin DO NASCIMENTO", "secteur": 52 }, "geometry": { "type": "Point", "coordinates": [ 5.7362567, 45.1623099 ] } },
{ "type": "Feature", "properties": { "technicien": "Martin DO NASCIMENTO", "secteur": 52 }, "geometry": { "type": "Point", "coordinates": [ 5.7362788, 45.1625601 ] } },
{ "type": "Feature", "properties": { "technicien": "Roman NOIREZ", "secteur": 33 }, "geometry": { "type": "Point", "coordinates": [ 5.7583796, 45.164704 ] } },
{ "type": "Feature", "properties": { "technicien": "Xavier VICTORION", "secteur": 28 }, "geometry": { "type": "Point", "coordinates": [ 5.7207974, 45.1850178 ] } },
{ "type": "Feature", "properties": { "technicien": "Xavier VICTORION", "secteur": 28 }, "geometry": { "type": "Point", "coordinates": [ 5.7058123, 45.179702 ] } },
{ "type": "Feature", "properties": { "technicien": "Xavier VICTORION", "secteur": 28 }, "geometry": { "type": "Point", "coordinates": [ 5.7248929, 45.1760342 ] } },
{ "type": "Feature", "properties": { "technicien": "Xavier VICTORION", "secteur": 28 }, "geometry": { "type": "Point", "coordinates": [ 5.724953, 45.1758423 ] } },
{ "type": "Feature", "properties": { "technicien": "Xavier VICTORION", "secteur": 28 }, "geometry": { "type": "Point", "coordinates": [ 5.7250123, 45.1756488 ] } },
{ "type": "Feature", "properties": { "technicien": "Julien TETU", "secteur": 74 }, "geometry": { "type": "Point", "coordinates": [ 5.5638002, 45.6336293 ] } },
{ "type": "Feature", "properties": { "technicien": "Jean-Paul SCARINGELLA", "secteur": 22 }, "geometry": { "type": "Point", "coordinates": [ 5.6939328, 45.1909576 ] } },
{ "type": "Feature", "properties": { "technicien": "Roman NOIREZ", "secteur": 33 }, "geometry": { "type": "Point", "coordinates": [ 5.712751, 45.1868074 ] } },
{ "type": "Feature", "properties": { "technicien": "Roman NOIREZ", "secteur": 33 }, "geometry": { "type": "Point", "coordinates": [ 5.8073058, 45.2123179 ] } },
{ "type": "Feature", "properties": { "technicien": "Xavier VICTORION", "secteur": 28 }, "geometry": { "type": "Point", "coordinates": [ 5.7295374, 45.1868336 ] } },
{ "type": "Feature", "properties": { "technicien": "Xavier VICTORION", "secteur": 28 }, "geometry": { "type": "Point", "coordinates": [ 5.7557734, 45.1782849 ] } },
{ "type": "Feature", "properties": { "technicien": "Martin DO NASCIMENTO", "secteur": 52 }, "geometry": { "type": "Point", "coordinates": [ 5.6689118, 45.2125385 ] } },
{ "type": "Feature", "properties": { "technicien": "Jean-Paul SCARINGELLA", "secteur": 22 }, "geometry": { "type": "Point", "coordinates": [ 4.9153303, 44.9175689 ] } },
{ "type": "Feature", "properties": { "technicien": "Houssam BOUAZIZ", "secteur": 29 }, "geometry": { "type": "Point", "coordinates": [ 5.7281018, 45.1652713 ] } },
{ "type": "Feature", "properties": { "technicien": "Martin DO NASCIMENTO", "secteur": 52 }, "geometry": { "type": "Point", "coordinates": [ 5.7257841, 45.1855142 ] } },
{ "type": "Feature", "properties": { "technicien": "Martin DO NASCIMENTO", "secteur": 52 }, "geometry": { "type": "Point", "coordinates": [ 5.6989979, 45.205614 ] } },
{ "type": "Feature", "properties": { "technicien": "Xavier VICTORION", "secteur": 28 }, "geometry": { "type": "Point", "coordinates": [ 5.7557734, 45.1782849 ] } },
{ "type": "Feature", "properties": { "technicien": "Jean-Paul SCARINGELLA", "secteur": 22 }, "geometry": { "type": "Point", "coordinates": [ 4.9153303, 44.9175689 ] } },
{ "type": "Feature", "properties": { "technicien": "Xavier VICTORION", "secteur": 28 }, "geometry": { "type": "Point", "coordinates": [ 5.7252742, 45.1939181 ] } },
{ "type": "Feature", "properties": { "technicien": "Martin DO NASCIMENTO", "secteur": 52 }, "geometry": { "type": "Point", "coordinates": [ 5.6989196, 45.2044455 ] } },
{ "type": "Feature", "properties": { "technicien": "Martin DO NASCIMENTO", "secteur": 52 }, "geometry": { "type": "Point", "coordinates": [ 5.7431204, 45.1995242 ] } },
{ "type": "Feature", "properties": { "technicien": "Martin DO NASCIMENTO", "secteur": 52 }, "geometry": { "type": "Point", "coordinates": [ 5.7431204, 45.1995242 ] } },
{ "type": "Feature", "properties": { "technicien": "Martin DO NASCIMENTO", "secteur": 52 }, "geometry": { "type": "Point", "coordinates": [ 5.7257841, 45.1855142 ] } },
{ "type": "Feature", "properties": { "technicien": "Houssam BOUAZIZ", "secteur": 29 }, "geometry": { "type": "Point", "coordinates": [ 6.7700215, 45.8979247 ] } },
{ "type": "Feature", "properties": { "technicien": "Martin DO NASCIMENTO", "secteur": 52 }, "geometry": { "type": "Point", "coordinates": [ 5.718902, 45.1924865 ] } },
{ "type": "Feature", "properties": { "technicien": "Martin DO NASCIMENTO", "secteur": 52 }, "geometry": { "type": "Point", "coordinates": [ 5.718902, 45.1924865 ] } },
{ "type": "Feature", "properties": { "technicien": "Jean-Paul SCARINGELLA", "secteur": 22 }, "geometry": { "type": "Point", "coordinates": [ 4.9275317, 44.9253263 ] } },
{ "type": "Feature", "properties": { "technicien": "Houssam BOUAZIZ", "secteur": 29 }, "geometry": { "type": "Point", "coordinates": [ 6.7700215, 45.8979247 ] } },
{ "type": "Feature", "properties": { "technicien": "Jean-Paul SCARINGELLA", "secteur": 22 }, "geometry": { "type": "Point", "coordinates": [ 4.8957946, 44.9215413 ] } },
{ "type": "Feature", "properties": { "technicien": "Houssam BOUAZIZ", "secteur": 29 }, "geometry": { "type": "Point", "coordinates": [ 5.7281018, 45.1652713 ] } },
{ "type": "Feature", "properties": { "technicien": "Jean-Paul SCARINGELLA", "secteur": 22 }, "geometry": { "type": "Point", "coordinates": [ 4.9028831, 44.93404 ] } },
{ "type": "Feature", "properties": { "technicien": "Karim MOKNECHE", "secteur": 30 }, "geometry": { "type": "Point", "coordinates": [ 4.9153482, 44.9158402 ] } },
{ "type": "Feature", "properties": { "technicien": "Martin DO NASCIMENTO", "secteur": 52 }, "geometry": { "type": "Point", "coordinates": [ 5.7172935, 45.192103 ] } },
{ "type": "Feature", "properties": { "technicien": "Martin DO NASCIMENTO", "secteur": 52 }, "geometry": { "type": "Point", "coordinates": [ 5.7223574, 45.191365 ] } },
{ "type": "Feature", "properties": { "technicien": "Roman NOIREZ", "secteur": 33 }, "geometry": { "type": "Point", "coordinates": [ 5.7882825, 45.2123962 ] } },
{ "type": "Feature", "properties": { "technicien": "Léna GRAND CLEMENT", "secteur": 68 }, "geometry": { "type": "Point", "coordinates": [ 5.6947852, 45.1835089 ] } },
{ "type": "Feature", "properties": { "technicien": "Roman NOIREZ", "secteur": 33 }, "geometry": { "type": "Point", "coordinates": [ 5.6947852, 45.1835089 ] } },
{ "type": "Feature", "properties": { "technicien": "Roman NOIREZ", "secteur": 33 }, "geometry": { "type": "Point", "coordinates": [ 5.6947852, 45.1835089 ] } },
{ "type": "Feature", "properties": { "technicien": "Roman NOIREZ", "secteur": 33 }, "geometry": { "type": "Point", "coordinates": [ 5.7300163, 45.1787125 ] } },
{ "type": "Feature", "properties": { "technicien": "Roman NOIREZ", "secteur": 33 }, "geometry": { "type": "Point", "coordinates": [ 5.7615585, 45.1915894 ] } },
{ "type": "Feature", "properties": { "technicien": "Xavier VICTORION", "secteur": 28 }, "geometry": { "type": "Point", "coordinates": [ 5.7185603, 45.1486767 ] } },
{ "type": "Feature", "properties": { "technicien": "Xavier VICTORION", "secteur": 28 }, "geometry": { "type": "Point", "coordinates": [ 5.7185603, 45.1486767 ] } },
{ "type": "Feature", "properties": { "technicien": "Martin DO NASCIMENTO", "secteur": 52 }, "geometry": { "type": "Point", "coordinates": [ 5.7185603, 45.1486767 ] } },
{ "type": "Feature", "properties": { "technicien": "Martin DO NASCIMENTO", "secteur": 52 }, "geometry": { "type": "Point", "coordinates": [ 5.772238, 45.1368166 ] } },
{ "type": "Feature", "properties": { "technicien": "Martin DO NASCIMENTO", "secteur": 52 }, "geometry": { "type": "Point", "coordinates": [ 5.772344, 45.136916 ] } },
{ "type": "Feature", "properties": { "technicien": "Xavier VICTORION", "secteur": 28 }, "geometry": { "type": "Point", "coordinates": [ 5.724419, 45.1905052 ] } },
{ "type": "Feature", "properties": { "technicien": "Léna GRAND CLEMENT", "secteur": 68 }, "geometry": { "type": "Point", "coordinates": [ 5.6757458, 45.2393959 ] } },
{ "type": "Feature", "properties": { "technicien": "Jean-Paul SCARINGELLA", "secteur": 22 }, "geometry": { "type": "Point", "coordinates": [ 5.7556642, 45.4366547 ] } },
{ "type": "Feature", "properties": { "technicien": "Léna GRAND CLEMENT", "secteur": 68 }, "geometry": { "type": "Point", "coordinates": [ 5.6757458, 45.2393959 ] } },
{ "type": "Feature", "properties": { "technicien": "Léna GRAND CLEMENT", "secteur": 68 }, "geometry": { "type": "Point", "coordinates": [ 5.6757458, 45.2393959 ] } },
{ "type": "Feature", "properties": { "technicien": "Houssam BOUAZIZ", "secteur": 29 }, "geometry": { "type": "Point", "coordinates": [ 5.7279383, 45.1651985 ] } },
{ "type": "Feature", "properties": { "technicien": "Roman NOIREZ", "secteur": 33 }, "geometry": { "type": "Point", "coordinates": [ 5.7300163, 45.1787125 ] } },
{ "type": "Feature", "properties": { "technicien": "Roman NOIREZ", "secteur": 33 }, "geometry": { "type": "Point", "coordinates": [ 5.7300163, 45.1787125 ] } },
{ "type": "Feature", "properties": { "technicien": "Xavier VICTORION", "secteur": 28 }, "geometry": { "type": "Point", "coordinates": [ 5.7300163, 45.1787125 ] } },
{ "type": "Feature", "properties": { "technicien": "Xavier VICTORION", "secteur": 28 }, "geometry": { "type": "Point", "coordinates": [ 5.7300163, 45.1787125 ] } },
{ "type": "Feature", "properties": { "technicien": "Xavier VICTORION", "secteur": 28 }, "geometry": { "type": "Point", "coordinates": [ 5.7297665, 45.1760325 ] } },
{ "type": "Feature", "properties": { "technicien": "Xavier VICTORION", "secteur": 28 }, "geometry": { "type": "Point", "coordinates": [ 5.7300638, 45.1766544 ] } },
{ "type": "Feature", "properties": { "technicien": "Roman NOIREZ", "secteur": 33 }, "geometry": { "type": "Point", "coordinates": [ 5.7533185, 45.1790292 ] } },
{ "type": "Feature", "properties": { "technicien": "Xavier VICTORION", "secteur": 28 }, "geometry": { "type": "Point", "coordinates": [ 5.7211003, 45.1839807 ] } },
{ "type": "Feature", "properties": { "technicien": "Xavier VICTORION", "secteur": 28 }, "geometry": { "type": "Point", "coordinates": [ 5.7261225, 45.1821367 ] } },
{ "type": "Feature", "properties": { "technicien": "Léna GRAND CLEMENT", "secteur": 68 }, "geometry": { "type": "Point", "coordinates": [ 5.7089405, 45.1901172 ] } },
{ "type": "Feature", "properties": { "technicien": "Léna GRAND CLEMENT", "secteur": 68 }, "geometry": { "type": "Point", "coordinates": [ 5.7096825, 45.1907638 ] } },
{ "type": "Feature", "properties": { "technicien": "Karim MOKNECHE", "secteur": 30 }, "geometry": { "type": "Point", "coordinates": [ 5.057493, 45.339444 ] } },
{ "type": "Feature", "properties": { "technicien": "Martin DO NASCIMENTO", "secteur": 52 }, "geometry": { "type": "Point", "coordinates": [ 5.7173988, 45.145467 ] } },
{ "type": "Feature", "properties": { "technicien": "Roman NOIREZ", "secteur": 33 }, "geometry": { "type": "Point", "coordinates": [ 5.6757458, 45.2393959 ] } },
{ "type": "Feature", "properties": { "technicien": "Roman NOIREZ", "secteur": 33 }, "geometry": { "type": "Point", "coordinates": [ 5.7533185, 45.1790292 ] } },
{ "type": "Feature", "properties": { "technicien": "Jean-Paul SCARINGELLA", "secteur": 22 }, "geometry": { "type": "Point", "coordinates": [ 5.4983745, 45.3474585 ] } },
{ "type": "Feature", "properties": { "technicien": "Jean-Paul SCARINGELLA", "secteur": 22 }, "geometry": { "type": "Point", "coordinates": [ 5.50146, 45.3479773 ] } },
{ "type": "Feature", "properties": { "technicien": "Jean-Paul SCARINGELLA", "secteur": 22 }, "geometry": { "type": "Point", "coordinates": [ 5.50146, 45.3479773 ] } },
{ "type": "Feature", "properties": { "technicien": "Karim MOKNECHE", "secteur": 30 }, "geometry": { "type": "Point", "coordinates": [ 5.50146, 45.3479773 ] } },
{ "type": "Feature", "properties": { "technicien": "Jean-Paul SCARINGELLA", "secteur": 22 }, "geometry": { "type": "Point", "coordinates": [ 5.50146, 45.3479773 ] } },
{ "type": "Feature", "properties": { "technicien": "Jean-Paul SCARINGELLA", "secteur": 22 }, "geometry": { "type": "Point", "coordinates": [ 5.812483, 45.3421305 ] } },
{ "type": "Feature", "properties": { "technicien": "Jean-Paul SCARINGELLA", "secteur": 22 }, "geometry": { "type": "Point", "coordinates": [ 5.58478, 45.368413 ] } },
{ "type": "Feature", "properties": { "technicien": "Jean-Paul SCARINGELLA", "secteur": 22 }, "geometry": { "type": "Point", "coordinates": [ 5.8149165, 45.3426671 ] } },
{ "type": "Feature", "properties": { "technicien": "Roman NOIREZ", "secteur": 33 }, "geometry": { "type": "Point", "coordinates": [ 5.6658829, 45.2456323 ] } },
{ "type": "Feature", "properties": { "technicien": "Roman NOIREZ", "secteur": 33 }, "geometry": { "type": "Point", "coordinates": [ 5.6658829, 45.2456323 ] } },
{ "type": "Feature", "properties": { "technicien": "Roman NOIREZ", "secteur": 33 }, "geometry": { "type": "Point", "coordinates": [ 5.6658829, 45.2456323 ] } },
{ "type": "Feature", "properties": { "technicien": "Roman NOIREZ", "secteur": 33 }, "geometry": { "type": "Point", "coordinates": [ 5.6658829, 45.2456323 ] } },
{ "type": "Feature", "properties": { "technicien": "Roman NOIREZ", "secteur": 33 }, "geometry": { "type": "Point", "coordinates": [ 5.6658829, 45.2456323 ] } },
{ "type": "Feature", "properties": { "technicien": "Roman NOIREZ", "secteur": 33 }, "geometry": { "type": "Point", "coordinates": [ 5.6658829, 45.2456323 ] } },
{ "type": "Feature", "properties": { "technicien": "Roman NOIREZ", "secteur": 33 }, "geometry": { "type": "Point", "coordinates": [ 5.6658829, 45.2456323 ] } },
{ "type": "Feature", "properties": { "technicien": "Roman NOIREZ", "secteur": 33 }, "geometry": { "type": "Point", "coordinates": [ 5.6658829, 45.2456323 ] } },
{ "type": "Feature", "properties": { "technicien": "Roman NOIREZ", "secteur": 33 }, "geometry": { "type": "Point", "coordinates": [ 5.6658829, 45.2456323 ] } },
{ "type": "Feature", "properties": { "technicien": "Roman NOIREZ", "secteur": 33 }, "geometry": { "type": "Point", "coordinates": [ 5.6658829, 45.2456323 ] } },
{ "type": "Feature", "properties": { "technicien": "Roman NOIREZ", "secteur": 33 }, "geometry": { "type": "Point", "coordinates": [ 5.6658829, 45.2456323 ] } },
{ "type": "Feature", "properties": { "technicien": "Roman NOIREZ", "secteur": 33 }, "geometry": { "type": "Point", "coordinates": [ 5.6658829, 45.2456323 ] } },
{ "type": "Feature", "properties": { "technicien": "Roman NOIREZ", "secteur": 33 }, "geometry": { "type": "Point", "coordinates": [ 5.6658829, 45.2456323 ] } },
{ "type": "Feature", "properties": { "technicien": "Roman NOIREZ", "secteur": 33 }, "geometry": { "type": "Point", "coordinates": [ 5.6658829, 45.2456323 ] } },
{ "type": "Feature", "properties": { "technicien": "Roman NOIREZ", "secteur": 33 }, "geometry": { "type": "Point", "coordinates": [ 5.6658829, 45.2456323 ] } },
{ "type": "Feature", "properties": { "technicien": "Roman NOIREZ", "secteur": 33 }, "geometry": { "type": "Point", "coordinates": [ 5.6658829, 45.2456323 ] } },
{ "type": "Feature", "properties": { "technicien": "Roman NOIREZ", "secteur": 33 }, "geometry": { "type": "Point", "coordinates": [ 5.6658829, 45.2456323 ] } },
{ "type": "Feature", "properties": { "technicien": "Roman NOIREZ", "secteur": 33 }, "geometry": { "type": "Point", "coordinates": [ 5.6658829, 45.2456323 ] } },
{ "type": "Feature", "properties": { "technicien": "Roman NOIREZ", "secteur": 33 }, "geometry": { "type": "Point", "coordinates": [ 5.6658829, 45.2456323 ] } },
{ "type": "Feature", "properties": { "technicien": "Roman NOIREZ", "secteur": 33 }, "geometry": { "type": "Point", "coordinates": [ 5.6658829, 45.2456323 ] } },
{ "type": "Feature", "properties": { "technicien": "Roman NOIREZ", "secteur": 33 }, "geometry": { "type": "Point", "coordinates": [ 5.6658829, 45.2456323 ] } },
{ "type": "Feature", "properties": { "technicien": "Houssam BOUAZIZ", "secteur": 29 }, "geometry": { "type": "Point", "coordinates": [ 6.6329696, 45.4117949 ] } },
{ "type": "Feature", "properties": { "technicien": "Houssam BOUAZIZ", "secteur": 29 }, "geometry": { "type": "Point", "coordinates": [ 6.6329696, 45.4117949 ] } },
{ "type": "Feature", "properties": { "technicien": "Xavier VICTORION", "secteur": 28 }, "geometry": { "type": "Point", "coordinates": [ 5.7264122, 45.1899309 ] } },
{ "type": "Feature", "properties": { "technicien": "Roman NOIREZ", "secteur": 33 }, "geometry": { "type": "Point", "coordinates": [ 5.7264122, 45.1899309 ] } },
{ "type": "Feature", "properties": { "technicien": "Roman NOIREZ", "secteur": 33 }, "geometry": { "type": "Point", "coordinates": [ 5.7264122, 45.1899309 ] } },
{ "type": "Feature", "properties": { "technicien": "Roman NOIREZ", "secteur": 33 }, "geometry": { "type": "Point", "coordinates": [ 5.7264122, 45.1899309 ] } },
{ "type": "Feature", "properties": { "technicien": "Léna GRAND CLEMENT", "secteur": 68 }, "geometry": { "type": "Point", "coordinates": [ 5.6642425, 45.2421885 ] } },
{ "type": "Feature", "properties": { "technicien": "Kalifa DIOMANDE", "secteur": 54 }, "geometry": { "type": "Point", "coordinates": [ 5.9127777, 45.688723 ] } },
{ "type": "Feature", "properties": { "technicien": "Roman NOIREZ", "secteur": 33 }, "geometry": { "type": "Point", "coordinates": [ 5.7199613, 45.1823008 ] } },
{ "type": "Feature", "properties": { "technicien": "Roman NOIREZ", "secteur": 33 }, "geometry": { "type": "Point", "coordinates": [ 5.7199099, 45.1822373 ] } },
{ "type": "Feature", "properties": { "technicien": "Kalifa DIOMANDE", "secteur": 54 }, "geometry": { "type": "Point", "coordinates": [ 5.9127777, 45.688723 ] } },
{ "type": "Feature", "properties": { "technicien": "Kalifa DIOMANDE", "secteur": 54 }, "geometry": { "type": "Point", "coordinates": [ 6.5949559, 45.8500968 ] } },
{ "type": "Feature", "properties": { "technicien": "Jean-Paul SCARINGELLA", "secteur": 22 }, "geometry": { "type": "Point", "coordinates": [ 5.58277, 45.367022 ] } },
{ "type": "Feature", "properties": { "technicien": "Jean-Paul SCARINGELLA", "secteur": 22 }, "geometry": { "type": "Point", "coordinates": [ 5.58277, 45.367022 ] } },
{ "type": "Feature", "properties": { "technicien": "Jean-Paul SCARINGELLA", "secteur": 22 }, "geometry": { "type": "Point", "coordinates": [ 5.58277, 45.367022 ] } },
{ "type": "Feature", "properties": { "technicien": "Jean-Paul SCARINGELLA", "secteur": 22 }, "geometry": { "type": "Point", "coordinates": [ 5.58277, 45.367022 ] } },
{ "type": "Feature", "properties": { "technicien": "Jean-Paul SCARINGELLA", "secteur": 22 }, "geometry": { "type": "Point", "coordinates": [ 5.58277, 45.367022 ] } },
{ "type": "Feature", "properties": { "technicien": "Jean-Paul SCARINGELLA", "secteur": 22 }, "geometry": { "type": "Point", "coordinates": [ 5.58277, 45.367022 ] } },
{ "type": "Feature", "properties": { "technicien": "Jean-Paul SCARINGELLA", "secteur": 22 }, "geometry": { "type": "Point", "coordinates": [ 5.58277, 45.367022 ] } },
{ "type": "Feature", "properties": { "technicien": "Jean-Paul SCARINGELLA", "secteur": 22 }, "geometry": { "type": "Point", "coordinates": [ 5.58277, 45.367022 ] } },
{ "type": "Feature", "properties": { "technicien": "Jean-Paul SCARINGELLA", "secteur": 22 }, "geometry": { "type": "Point", "coordinates": [ 5.58277, 45.367022 ] } },
{ "type": "Feature", "properties": { "technicien": "Jean-Paul SCARINGELLA", "secteur": 22 }, "geometry": { "type": "Point", "coordinates": [ 5.58277, 45.367022 ] } },
{ "type": "Feature", "properties": { "technicien": "Jean-Paul SCARINGELLA", "secteur": 22 }, "geometry": { "type": "Point", "coordinates": [ 5.58277, 45.367022 ] } },
{ "type": "Feature", "properties": { "technicien": "Roman NOIREZ", "secteur": 33 }, "geometry": { "type": "Point", "coordinates": [ 5.735895, 45.1618117 ] } },
{ "type": "Feature", "properties": { "technicien": "Roman NOIREZ", "secteur": 33 }, "geometry": { "type": "Point", "coordinates": [ 5.735895, 45.1618117 ] } },
{ "type": "Feature", "properties": { "technicien": "Roman NOIREZ", "secteur": 33 }, "geometry": { "type": "Point", "coordinates": [ 5.83894, 45.2018501 ] } },
{ "type": "Feature", "properties": { "technicien": "Roman NOIREZ", "secteur": 33 }, "geometry": { "type": "Point", "coordinates": [ 5.83894, 45.2018501 ] } },
{ "type": "Feature", "properties": { "technicien": "Léna GRAND CLEMENT", "secteur": 68 }, "geometry": { "type": "Point", "coordinates": [ 5.6652996, 45.24055 ] } },
{ "type": "Feature", "properties": { "technicien": "Roman NOIREZ", "secteur": 33 }, "geometry": { "type": "Point", "coordinates": [ 5.7150502, 45.176485 ] } },
{ "type": "Feature", "properties": { "technicien": "Roman NOIREZ", "secteur": 33 }, "geometry": { "type": "Point", "coordinates": [ 5.7533185, 45.1790292 ] } },
{ "type": "Feature", "properties": { "technicien": "Karim MOKNECHE", "secteur": 30 }, "geometry": { "type": "Point", "coordinates": [ 4.9549354, 45.2571411 ] } },
{ "type": "Feature", "properties": { "technicien": "Karim MOKNECHE", "secteur": 30 }, "geometry": { "type": "Point", "coordinates": [ 4.9549354, 45.2571411 ] } },
{ "type": "Feature", "properties": { "technicien": "Karim MOKNECHE", "secteur": 30 }, "geometry": { "type": "Point", "coordinates": [ 4.9549354, 45.2571411 ] } },
{ "type": "Feature", "properties": { "technicien": "Kalifa DIOMANDE", "secteur": 54 }, "geometry": { "type": "Point", "coordinates": [ 6.5780422, 46.3987827 ] } },
{ "type": "Feature", "properties": { "technicien": "Kalifa DIOMANDE", "secteur": 54 }, "geometry": { "type": "Point", "coordinates": [ 6.5780422, 46.3987827 ] } },
{ "type": "Feature", "properties": { "technicien": "Jean-Paul SCARINGELLA", "secteur": 22 }, "geometry": { "type": "Point", "coordinates": [ 5.5986289, 45.3636596 ] } },
{ "type": "Feature", "properties": { "technicien": "Jean-Paul SCARINGELLA", "secteur": 22 }, "geometry": { "type": "Point", "coordinates": [ 5.590908, 45.369126 ] } },
{ "type": "Feature", "properties": { "technicien": "Jean-Paul SCARINGELLA", "secteur": 22 }, "geometry": { "type": "Point", "coordinates": [ 5.590918, 45.366219 ] } },
{ "type": "Feature", "properties": { "technicien": "Jean-Paul SCARINGELLA", "secteur": 22 }, "geometry": { "type": "Point", "coordinates": [ 5.598571, 45.3621 ] } },
{ "type": "Feature", "properties": { "technicien": "Jean-Paul SCARINGELLA", "secteur": 22 }, "geometry": { "type": "Point", "coordinates": [ 5.598571, 45.3621 ] } },
{ "type": "Feature", "properties": { "technicien": "Jean-Paul SCARINGELLA", "secteur": 22 }, "geometry": { "type": "Point", "coordinates": [ 5.598571, 45.3621 ] } },
{ "type": "Feature", "properties": { "technicien": "Jean-Paul SCARINGELLA", "secteur": 22 }, "geometry": { "type": "Point", "coordinates": [ 5.588795, 45.366291 ] } },
{ "type": "Feature", "properties": { "technicien": "Jean-Paul SCARINGELLA", "secteur": 22 }, "geometry": { "type": "Point", "coordinates": [ 5.588478, 45.366407 ] } },
{ "type": "Feature", "properties": { "technicien": "Karim MOKNECHE", "secteur": 30 }, "geometry": { "type": "Point", "coordinates": [ 5.0617625, 45.0412818 ] } },
{ "type": "Feature", "properties": { "technicien": "Olivier VUILLAUME ", "secteur": 62 }, "geometry": { "type": "Point", "coordinates": [ 5.5451327, 45.6077143 ] } },
{ "type": "Feature", "properties": { "technicien": "Jean-Paul SCARINGELLA", "secteur": 22 }, "geometry": { "type": "Point", "coordinates": [ 5.598571, 45.3621 ] } },
{ "type": "Feature", "properties": { "technicien": "Jean-Paul SCARINGELLA", "secteur": 22 }, "geometry": { "type": "Point", "coordinates": [ 5.598571, 45.3621 ] } },
{ "type": "Feature", "properties": { "technicien": "Olivier VUILLAUME ", "secteur": 62 }, "geometry": { "type": "Point", "coordinates": [ 5.6466599, 45.5160423 ] } },
{ "type": "Feature", "properties": { "technicien": "Olivier VUILLAUME ", "secteur": 62 }, "geometry": { "type": "Point", "coordinates": [ 5.6466599, 45.5160423 ] } },
{ "type": "Feature", "properties": { "technicien": "Jean-Paul SCARINGELLA", "secteur": 22 }, "geometry": { "type": "Point", "coordinates": [ 5.58277, 45.367022 ] } },
{ "type": "Feature", "properties": { "technicien": "Jean-Paul SCARINGELLA", "secteur": 22 }, "geometry": { "type": "Point", "coordinates": [ 5.58277, 45.367022 ] } },
{ "type": "Feature", "properties": { "technicien": "Jean-Paul SCARINGELLA", "secteur": 22 }, "geometry": { "type": "Point", "coordinates": [ 5.58277, 45.367022 ] } },
{ "type": "Feature", "properties": { "technicien": "Jean-Paul SCARINGELLA", "secteur": 22 }, "geometry": { "type": "Point", "coordinates": [ 5.58277, 45.367022 ] } },
{ "type": "Feature", "properties": { "technicien": "Martin DO NASCIMENTO", "secteur": 52 }, "geometry": { "type": "Point", "coordinates": [ 5.6753843, 45.0562289 ] } },
{ "type": "Feature", "properties": { "technicien": "Martin DO NASCIMENTO", "secteur": 52 }, "geometry": { "type": "Point", "coordinates": [ 5.6753843, 45.0562289 ] } },
{ "type": "Feature", "properties": { "technicien": "Martin DO NASCIMENTO", "secteur": 52 }, "geometry": { "type": "Point", "coordinates": [ 5.6753843, 45.0562289 ] } },
{ "type": "Feature", "properties": { "technicien": "Martin DO NASCIMENTO", "secteur": 52 }, "geometry": { "type": "Point", "coordinates": [ 6.117893, 45.003871 ] } },
{ "type": "Feature", "properties": { "technicien": "Olivier VUILLAUME ", "secteur": 58 }, "geometry": { "type": "Point", "coordinates": [ 5.265006, 45.5869086 ] } },
{ "type": "Feature", "properties": { "technicien": "Kalifa DIOMANDE", "secteur": 54 }, "geometry": { "type": "Point", "coordinates": [ 6.7116328, 45.8919319 ] } },
{ "type": "Feature", "properties": { "technicien": "Kalifa DIOMANDE", "secteur": 54 }, "geometry": { "type": "Point", "coordinates": [ 5.9267023, 45.6958019 ] } },
{ "type": "Feature", "properties": { "technicien": "Kalifa DIOMANDE", "secteur": 54 }, "geometry": { "type": "Point", "coordinates": [ 5.9267023, 45.6958019 ] } },
{ "type": "Feature", "properties": { "technicien": "Kalifa DIOMANDE", "secteur": 54 }, "geometry": { "type": "Point", "coordinates": [ 5.9267023, 45.6958019 ] } },
{ "type": "Feature", "properties": { "technicien": "Roman NOIREZ", "secteur": 33 }, "geometry": { "type": "Point", "coordinates": [ 5.7383647, 45.198742 ] } },
{ "type": "Feature", "properties": { "technicien": "Roman NOIREZ", "secteur": 33 }, "geometry": { "type": "Point", "coordinates": [ 5.7383647, 45.198742 ] } },
{ "type": "Feature", "properties": { "technicien": "Kalifa DIOMANDE", "secteur": 54 }, "geometry": { "type": "Point", "coordinates": [ 6.6340304, 45.8495164 ] } },
{ "type": "Feature", "properties": { "technicien": "Kalifa DIOMANDE", "secteur": 54 }, "geometry": { "type": "Point", "coordinates": [ 6.6340304, 45.8495164 ] } },
{ "type": "Feature", "properties": { "technicien": "Heithem ABID", "secteur": 12 }, "geometry": { "type": "Point", "coordinates": [ 6.0292763, 46.2411565 ] } },
{ "type": "Feature", "properties": { "technicien": "Léna GRAND CLEMENT", "secteur": 68 }, "geometry": { "type": "Point", "coordinates": [ 5.7370438, 45.1998865 ] } },
{ "type": "Feature", "properties": { "technicien": "Xavier VICTORION", "secteur": 28 }, "geometry": { "type": "Point", "coordinates": [ 5.7237149, 45.1882921 ] } },
{ "type": "Feature", "properties": { "technicien": "Jean-Paul SCARINGELLA", "secteur": 22 }, "geometry": { "type": "Point", "coordinates": [ 5.58478, 45.368413 ] } },
{ "type": "Feature", "properties": { "technicien": "Martin DO NASCIMENTO", "secteur": 52 }, "geometry": { "type": "Point", "coordinates": [ 5.7558921, 45.1967369 ] } },
{ "type": "Feature", "properties": { "technicien": "Martin DO NASCIMENTO", "secteur": 52 }, "geometry": { "type": "Point", "coordinates": [ 5.755226, 45.195335 ] } },
{ "type": "Feature", "properties": { "technicien": "Martin DO NASCIMENTO", "secteur": 52 }, "geometry": { "type": "Point", "coordinates": [ 5.7558921, 45.1967369 ] } },
{ "type": "Feature", "properties": { "technicien": "Martin DO NASCIMENTO", "secteur": 52 }, "geometry": { "type": "Point", "coordinates": [ 5.7560824, 45.1940548 ] } },
{ "type": "Feature", "properties": { "technicien": "Martin DO NASCIMENTO", "secteur": 52 }, "geometry": { "type": "Point", "coordinates": [ 5.755226, 45.195335 ] } },
{ "type": "Feature", "properties": { "technicien": "Martin DO NASCIMENTO", "secteur": 52 }, "geometry": { "type": "Point", "coordinates": [ 5.724095, 45.1712698 ] } },
{ "type": "Feature", "properties": { "technicien": "Heithem ABID", "secteur": 12 }, "geometry": { "type": "Point", "coordinates": [ 6.0738842, 46.3387989 ] } },
{ "type": "Feature", "properties": { "technicien": "Kalifa DIOMANDE", "secteur": 54 }, "geometry": { "type": "Point", "coordinates": [ 6.6385128, 45.928682 ] } },
{ "type": "Feature", "properties": { "technicien": "Kalifa DIOMANDE", "secteur": 54 }, "geometry": { "type": "Point", "coordinates": [ 6.5661399, 46.3878612 ] } },
{ "type": "Feature", "properties": { "technicien": "Roman NOIREZ", "secteur": 33 }, "geometry": { "type": "Point", "coordinates": [ 5.885704, 45.2759209 ] } },
{ "type": "Feature", "properties": { "technicien": "Heithem ABID", "secteur": 12 }, "geometry": { "type": "Point", "coordinates": [ 6.143558, 46.362239 ] } },
{ "type": "Feature", "properties": { "technicien": "Heithem ABID", "secteur": 12 }, "geometry": { "type": "Point", "coordinates": [ 6.143558, 46.362239 ] } },
{ "type": "Feature", "properties": { "technicien": "Heithem ABID", "secteur": 12 }, "geometry": { "type": "Point", "coordinates": [ 6.143558, 46.362239 ] } },
{ "type": "Feature", "properties": { "technicien": "Léna GRAND CLEMENT", "secteur": 68 }, "geometry": { "type": "Point", "coordinates": [ 5.7195383, 45.1922161 ] } },
{ "type": "Feature", "properties": { "technicien": "Karim MOKNECHE", "secteur": 30 }, "geometry": { "type": "Point", "coordinates": [ 5.0617625, 45.0412818 ] } },
{ "type": "Feature", "properties": { "technicien": "Kalifa DIOMANDE", "secteur": 54 }, "geometry": { "type": "Point", "coordinates": [ 6.6385128, 45.928682 ] } },
{ "type": "Feature", "properties": { "technicien": "Kalifa DIOMANDE", "secteur": 54 }, "geometry": { "type": "Point", "coordinates": [ 6.6385128, 45.928682 ] } },
{ "type": "Feature", "properties": { "technicien": "Kalifa DIOMANDE", "secteur": 54 }, "geometry": { "type": "Point", "coordinates": [ 6.6385128, 45.928682 ] } },
{ "type": "Feature", "properties": { "technicien": "Kalifa DIOMANDE", "secteur": 54 }, "geometry": { "type": "Point", "coordinates": [ 6.6385128, 45.928682 ] } },
{ "type": "Feature", "properties": { "technicien": "Kalifa DIOMANDE", "secteur": 54 }, "geometry": { "type": "Point", "coordinates": [ 6.6385128, 45.928682 ] } },
{ "type": "Feature", "properties": { "technicien": "Kalifa DIOMANDE", "secteur": 54 }, "geometry": { "type": "Point", "coordinates": [ 6.6385128, 45.928682 ] } },
{ "type": "Feature", "properties": { "technicien": "Kalifa DIOMANDE", "secteur": 54 }, "geometry": { "type": "Point", "coordinates": [ 6.6385128, 45.928682 ] } },
{ "type": "Feature", "properties": { "technicien": "Kalifa DIOMANDE", "secteur": 54 }, "geometry": { "type": "Point", "coordinates": [ 6.6385128, 45.928682 ] } },
{ "type": "Feature", "properties": { "technicien": "Kalifa DIOMANDE", "secteur": 54 }, "geometry": { "type": "Point", "coordinates": [ 6.6385128, 45.928682 ] } },
{ "type": "Feature", "properties": { "technicien": "Kalifa DIOMANDE", "secteur": 54 }, "geometry": { "type": "Point", "coordinates": [ 6.6385128, 45.928682 ] } },
{ "type": "Feature", "properties": { "technicien": "Kalifa DIOMANDE", "secteur": 54 }, "geometry": { "type": "Point", "coordinates": [ 6.6385128, 45.928682 ] } },
{ "type": "Feature", "properties": { "technicien": "Kalifa DIOMANDE", "secteur": 54 }, "geometry": { "type": "Point", "coordinates": [ 6.6385128, 45.928682 ] } },
{ "type": "Feature", "properties": { "technicien": "Kalifa DIOMANDE", "secteur": 54 }, "geometry": { "type": "Point", "coordinates": [ 6.6385128, 45.928682 ] } },
{ "type": "Feature", "properties": { "technicien": "Kalifa DIOMANDE", "secteur": 54 }, "geometry": { "type": "Point", "coordinates": [ 6.6385128, 45.928682 ] } },
{ "type": "Feature", "properties": { "technicien": "Kalifa DIOMANDE", "secteur": 54 }, "geometry": { "type": "Point", "coordinates": [ 6.6385128, 45.928682 ] } },
{ "type": "Feature", "properties": { "technicien": "Kalifa DIOMANDE", "secteur": 54 }, "geometry": { "type": "Point", "coordinates": [ 6.6385128, 45.928682 ] } },
{ "type": "Feature", "properties": { "technicien": "Kalifa DIOMANDE", "secteur": 54 }, "geometry": { "type": "Point", "coordinates": [ 6.6385128, 45.928682 ] } },
{ "type": "Feature", "properties": { "technicien": "Kalifa DIOMANDE", "secteur": 54 }, "geometry": { "type": "Point", "coordinates": [ 6.6385128, 45.928682 ] } },
{ "type": "Feature", "properties": { "technicien": "Kalifa DIOMANDE", "secteur": 54 }, "geometry": { "type": "Point", "coordinates": [ 6.6385128, 45.928682 ] } },
{ "type": "Feature", "properties": { "technicien": "Kalifa DIOMANDE", "secteur": 54 }, "geometry": { "type": "Point", "coordinates": [ 6.6385128, 45.928682 ] } },
{ "type": "Feature", "properties": { "technicien": "Kalifa DIOMANDE", "secteur": 54 }, "geometry": { "type": "Point", "coordinates": [ 6.6385128, 45.928682 ] } },
{ "type": "Feature", "properties": { "technicien": "Kalifa DIOMANDE", "secteur": 54 }, "geometry": { "type": "Point", "coordinates": [ 6.6385128, 45.928682 ] } },
{ "type": "Feature", "properties": { "technicien": "Kalifa DIOMANDE", "secteur": 54 }, "geometry": { "type": "Point", "coordinates": [ 6.633849, 45.9333869 ] } },
{ "type": "Feature", "properties": { "technicien": "Kalifa DIOMANDE", "secteur": 54 }, "geometry": { "type": "Point", "coordinates": [ 6.6385128, 45.928682 ] } },
{ "type": "Feature", "properties": { "technicien": "Kalifa DIOMANDE", "secteur": 54 }, "geometry": { "type": "Point", "coordinates": [ 6.632351, 45.944025 ] } },
{ "type": "Feature", "properties": { "technicien": "Kalifa DIOMANDE", "secteur": 54 }, "geometry": { "type": "Point", "coordinates": [ 6.64451, 45.926936 ] } },
{ "type": "Feature", "properties": { "technicien": "Kalifa DIOMANDE", "secteur": 54 }, "geometry": { "type": "Point", "coordinates": [ 6.6276382, 45.9356106 ] } },
{ "type": "Feature", "properties": { "technicien": "Kalifa DIOMANDE", "secteur": 54 }, "geometry": { "type": "Point", "coordinates": [ 6.6276382, 45.9356106 ] } },
{ "type": "Feature", "properties": { "technicien": "Kalifa DIOMANDE", "secteur": 54 }, "geometry": { "type": "Point", "coordinates": [ 6.6306638, 45.9365694 ] } },
{ "type": "Feature", "properties": { "technicien": "Kalifa DIOMANDE", "secteur": 54 }, "geometry": { "type": "Point", "coordinates": [ 6.6306638, 45.9365694 ] } },
{ "type": "Feature", "properties": { "technicien": "Kalifa DIOMANDE", "secteur": 54 }, "geometry": { "type": "Point", "coordinates": [ 6.6330083, 45.9476513 ] } },
{ "type": "Feature", "properties": { "technicien": "Kalifa DIOMANDE", "secteur": 54 }, "geometry": { "type": "Point", "coordinates": [ 6.6330083, 45.9476513 ] } },
{ "type": "Feature", "properties": { "technicien": "Kalifa DIOMANDE", "secteur": 54 }, "geometry": { "type": "Point", "coordinates": [ 6.640424, 45.932743 ] } },
{ "type": "Feature", "properties": { "technicien": "Kalifa DIOMANDE", "secteur": 54 }, "geometry": { "type": "Point", "coordinates": [ 6.640424, 45.932743 ] } },
{ "type": "Feature", "properties": { "technicien": "Léna GRAND CLEMENT", "secteur": 68 }, "geometry": { "type": "Point", "coordinates": [ 5.7321429, 45.1978982 ] } },
{ "type": "Feature", "properties": { "technicien": "Julien TETU", "secteur": 74 }, "geometry": { "type": "Point", "coordinates": [ 5.5243726, 45.5433166 ] } },
{ "type": "Feature", "properties": { "technicien": "Martin DO NASCIMENTO", "secteur": 52 }, "geometry": { "type": "Point", "coordinates": [ 5.7535768, 45.1765241 ] } },
{ "type": "Feature", "properties": { "technicien": "Heithem ABID", "secteur": 12 }, "geometry": { "type": "Point", "coordinates": [ 6.1345827, 46.3464158 ] } },
{ "type": "Feature", "properties": { "technicien": "Heithem ABID", "secteur": 12 }, "geometry": { "type": "Point", "coordinates": [ 6.1345827, 46.3464158 ] } },
{ "type": "Feature", "properties": { "technicien": "Xavier VICTORION", "secteur": 28 }, "geometry": { "type": "Point", "coordinates": [ 5.7233631, 45.1800484 ] } },
{ "type": "Feature", "properties": { "technicien": "Roman NOIREZ", "secteur": 33 }, "geometry": { "type": "Point", "coordinates": [ 5.6851968, 45.2251388 ] } },
{ "type": "Feature", "properties": { "technicien": "Roman NOIREZ", "secteur": 33 }, "geometry": { "type": "Point", "coordinates": [ 5.6851968, 45.2251388 ] } },
{ "type": "Feature", "properties": { "technicien": "Roman NOIREZ", "secteur": 33 }, "geometry": { "type": "Point", "coordinates": [ 5.6851968, 45.2251388 ] } },
{ "type": "Feature", "properties": { "technicien": "Houssam BOUAZIZ", "secteur": 29 }, "geometry": { "type": "Point", "coordinates": [ 6.6471919, 45.441206 ] } },
{ "type": "Feature", "properties": { "technicien": "Jean-Paul SCARINGELLA", "secteur": 22 }, "geometry": { "type": "Point", "coordinates": [ 5.7299048, 45.1923668 ] } },
{ "type": "Feature", "properties": { "technicien": "Roman NOIREZ", "secteur": 33 }, "geometry": { "type": "Point", "coordinates": [ 5.7745013, 45.1871068 ] } },
{ "type": "Feature", "properties": { "technicien": "Martin DO NASCIMENTO", "secteur": 52 }, "geometry": { "type": "Point", "coordinates": [ 5.783314, 45.116484 ] } },
{ "type": "Feature", "properties": { "technicien": "Martin DO NASCIMENTO", "secteur": 52 }, "geometry": { "type": "Point", "coordinates": [ 5.7150502, 45.176485 ] } },
{ "type": "Feature", "properties": { "technicien": "Roman NOIREZ", "secteur": 33 }, "geometry": { "type": "Point", "coordinates": [ 5.7221871, 45.1594278 ] } },
{ "type": "Feature", "properties": { "technicien": "Roman NOIREZ", "secteur": 33 }, "geometry": { "type": "Point", "coordinates": [ 5.7221871, 45.1594278 ] } },
{ "type": "Feature", "properties": { "technicien": "Roman NOIREZ", "secteur": 33 }, "geometry": { "type": "Point", "coordinates": [ 5.8115025, 45.2180294 ] } },
{ "type": "Feature", "properties": { "technicien": "Roman NOIREZ", "secteur": 33 }, "geometry": { "type": "Point", "coordinates": [ 5.8115025, 45.2180294 ] } },
{ "type": "Feature", "properties": { "technicien": "Jean-Paul SCARINGELLA", "secteur": 22 }, "geometry": { "type": "Point", "coordinates": [ 5.8168373, 45.3468944 ] } },
{ "type": "Feature", "properties": { "technicien": "Olivier VUILLAUME ", "secteur": 62 }, "geometry": { "type": "Point", "coordinates": [ 5.6741547, 45.5331788 ] } },
{ "type": "Feature", "properties": { "technicien": "Jean-Paul SCARINGELLA", "secteur": 22 }, "geometry": { "type": "Point", "coordinates": [ 4.9042214, 44.9327801 ] } },
{ "type": "Feature", "properties": { "technicien": "Xavier VICTORION", "secteur": 28 }, "geometry": { "type": "Point", "coordinates": [ 5.7248606, 45.1898506 ] } },
{ "type": "Feature", "properties": { "technicien": "Roman NOIREZ", "secteur": 33 }, "geometry": { "type": "Point", "coordinates": [ 5.7702324, 45.1848438 ] } },
{ "type": "Feature", "properties": { "technicien": "Roman NOIREZ", "secteur": 33 }, "geometry": { "type": "Point", "coordinates": [ 5.7248606, 45.1898506 ] } },
{ "type": "Feature", "properties": { "technicien": "Roman NOIREZ", "secteur": 33 }, "geometry": { "type": "Point", "coordinates": [ 5.7248606, 45.1898506 ] } },
{ "type": "Feature", "properties": { "technicien": "Jean-Paul SCARINGELLA", "secteur": 22 }, "geometry": { "type": "Point", "coordinates": [ 5.812483, 45.3421305 ] } },
{ "type": "Feature", "properties": { "technicien": "Jean-Paul SCARINGELLA", "secteur": 22 }, "geometry": { "type": "Point", "coordinates": [ 5.812483, 45.3421305 ] } },
{ "type": "Feature", "properties": { "technicien": "Léna GRAND CLEMENT", "secteur": 68 }, "geometry": { "type": "Point", "coordinates": [ 5.7220811, 45.1918158 ] } },
{ "type": "Feature", "properties": { "technicien": "Karim MOKNECHE", "secteur": 30 }, "geometry": { "type": "Point", "coordinates": [ 5.3187619, 45.1553412 ] } },
{ "type": "Feature", "properties": { "technicien": "Karim MOKNECHE", "secteur": 30 }, "geometry": { "type": "Point", "coordinates": [ 5.3187619, 45.1553412 ] } },
{ "type": "Feature", "properties": { "technicien": "Kalifa DIOMANDE", "secteur": 54 }, "geometry": { "type": "Point", "coordinates": [ 5.8760667, 45.637272 ] } },
{ "type": "Feature", "properties": { "technicien": "Kalifa DIOMANDE", "secteur": 54 }, "geometry": { "type": "Point", "coordinates": [ 5.8760667, 45.637272 ] } },
{ "type": "Feature", "properties": { "technicien": "Léna GRAND CLEMENT", "secteur": 68 }, "geometry": { "type": "Point", "coordinates": [ 5.6652996, 45.24055 ] } },
{ "type": "Feature", "properties": { "technicien": "Martin DO NASCIMENTO", "secteur": 52 }, "geometry": { "type": "Point", "coordinates": [ 5.8218761, 45.1709086 ] } },
{ "type": "Feature", "properties": { "technicien": "Léna GRAND CLEMENT", "secteur": 68 }, "geometry": { "type": "Point", "coordinates": [ 5.6617434, 45.2044581 ] } },
{ "type": "Feature", "properties": { "technicien": "Léna GRAND CLEMENT", "secteur": 68 }, "geometry": { "type": "Point", "coordinates": [ 5.6614231, 45.204688 ] } },
{ "type": "Feature", "properties": { "technicien": "Léna GRAND CLEMENT", "secteur": 68 }, "geometry": { "type": "Point", "coordinates": [ 5.6612847, 45.2049317 ] } },
{ "type": "Feature", "properties": { "technicien": "Roman NOIREZ", "secteur": 33 }, "geometry": { "type": "Point", "coordinates": [ 5.8115025, 45.2180294 ] } },
{ "type": "Feature", "properties": { "technicien": "Roman NOIREZ", "secteur": 33 }, "geometry": { "type": "Point", "coordinates": [ 5.8115025, 45.2180294 ] } },
{ "type": "Feature", "properties": { "technicien": "Roman NOIREZ", "secteur": 33 }, "geometry": { "type": "Point", "coordinates": [ 5.83822, 45.2021048 ] } },
{ "type": "Feature", "properties": { "technicien": "Karim MOKNECHE", "secteur": 30 }, "geometry": { "type": "Point", "coordinates": [ 5.3211316, 45.1535782 ] } },
{ "type": "Feature", "properties": { "technicien": "Léna GRAND CLEMENT", "secteur": 68 }, "geometry": { "type": "Point", "coordinates": [ 5.7161082, 45.190156 ] } },
{ "type": "Feature", "properties": { "technicien": "Karim MOKNECHE", "secteur": 30 }, "geometry": { "type": "Point", "coordinates": [ 4.8128945, 45.2980012 ] } },
{ "type": "Feature", "properties": { "technicien": "Roman NOIREZ", "secteur": 33 }, "geometry": { "type": "Point", "coordinates": [ 5.6914855, 45.1899219 ] } },
{ "type": "Feature", "properties": { "technicien": "Léna GRAND CLEMENT", "secteur": 68 }, "geometry": { "type": "Point", "coordinates": [ 5.6781534, 45.2338652 ] } },
{ "type": "Feature", "properties": { "technicien": "Léna GRAND CLEMENT", "secteur": 68 }, "geometry": { "type": "Point", "coordinates": [ 5.6749094, 45.2373516 ] } },
{ "type": "Feature", "properties": { "technicien": "Léna GRAND CLEMENT", "secteur": 68 }, "geometry": { "type": "Point", "coordinates": [ 5.6781534, 45.2338652 ] } },
{ "type": "Feature", "properties": { "technicien": "Léna GRAND CLEMENT", "secteur": 68 }, "geometry": { "type": "Point", "coordinates": [ 5.6781534, 45.2338652 ] } },
{ "type": "Feature", "properties": { "technicien": "Roman NOIREZ", "secteur": 33 }, "geometry": { "type": "Point", "coordinates": [ 5.7724697, 45.0758316 ] } },
{ "type": "Feature", "properties": { "technicien": "Olivier VUILLAUME ", "secteur": 62 }, "geometry": { "type": "Point", "coordinates": [ 5.6541233, 45.5399794 ] } },
{ "type": "Feature", "properties": { "technicien": "Léna GRAND CLEMENT", "secteur": 68 }, "geometry": { "type": "Point", "coordinates": [ 5.7160618, 45.2025403 ] } },
{ "type": "Feature", "properties": { "technicien": "Kalifa DIOMANDE", "secteur": 54 }, "geometry": { "type": "Point", "coordinates": [ 6.6250804, 45.9352032 ] } },
{ "type": "Feature", "properties": { "technicien": "Kalifa DIOMANDE", "secteur": 54 }, "geometry": { "type": "Point", "coordinates": [ 6.6250804, 45.9352032 ] } },
{ "type": "Feature", "properties": { "technicien": "Jean-Paul SCARINGELLA", "secteur": 22 }, "geometry": { "type": "Point", "coordinates": [ 5.598501, 45.36173 ] } },
{ "type": "Feature", "properties": { "technicien": "Olivier VUILLAUME ", "secteur": 62 }, "geometry": { "type": "Point", "coordinates": [ 5.6808196, 45.4947782 ] } },
{ "type": "Feature", "properties": { "technicien": "Kalifa DIOMANDE", "secteur": 54 }, "geometry": { "type": "Point", "coordinates": [ 6.4186528, 45.8759533 ] } },
{ "type": "Feature", "properties": { "technicien": "Martin DO NASCIMENTO", "secteur": 52 }, "geometry": { "type": "Point", "coordinates": [ 5.7041437, 45.1525114 ] } },
{ "type": "Feature", "properties": { "technicien": "Roman NOIREZ", "secteur": 33 }, "geometry": { "type": "Point", "coordinates": [ 5.8187168, 45.1308222 ] } },
{ "type": "Feature", "properties": { "technicien": "Roman NOIREZ", "secteur": 33 }, "geometry": { "type": "Point", "coordinates": [ 5.8187168, 45.1308222 ] } },
{ "type": "Feature", "properties": { "technicien": "Roman NOIREZ", "secteur": 33 }, "geometry": { "type": "Point", "coordinates": [ 5.8187168, 45.1308222 ] } },
{ "type": "Feature", "properties": { "technicien": "Léna GRAND CLEMENT", "secteur": 68 }, "geometry": { "type": "Point", "coordinates": [ 5.7380192, 45.1990766 ] } },
{ "type": "Feature", "properties": { "technicien": "Jean-Paul SCARINGELLA", "secteur": 22 }, "geometry": { "type": "Point", "coordinates": [ 5.6509104, 45.3813373 ] } },
{ "type": "Feature", "properties": { "technicien": "Léna GRAND CLEMENT", "secteur": 68 }, "geometry": { "type": "Point", "coordinates": [ 5.7170706, 45.1866133 ] } },
{ "type": "Feature", "properties": { "technicien": "Martin DO NASCIMENTO", "secteur": 52 }, "geometry": { "type": "Point", "coordinates": [ 6.117893, 45.003871 ] } },
{ "type": "Feature", "properties": { "technicien": "Jean-Paul SCARINGELLA", "secteur": 22 }, "geometry": { "type": "Point", "coordinates": [ 5.6450491, 45.3787477 ] } },
{ "type": "Feature", "properties": { "technicien": "Roman NOIREZ", "secteur": 33 }, "geometry": { "type": "Point", "coordinates": [ 5.6781534, 45.2338652 ] } },
{ "type": "Feature", "properties": { "technicien": "Roman NOIREZ", "secteur": 33 }, "geometry": { "type": "Point", "coordinates": [ 5.6749094, 45.2373516 ] } },
{ "type": "Feature", "properties": { "technicien": "Martin DO NASCIMENTO", "secteur": 52 }, "geometry": { "type": "Point", "coordinates": [ 5.7047933, 45.1904322 ] } },
{ "type": "Feature", "properties": { "technicien": "Jean-Paul SCARINGELLA", "secteur": 22 }, "geometry": { "type": "Point", "coordinates": [ 5.5962883, 45.3644632 ] } },
{ "type": "Feature", "properties": { "technicien": "Jean-Paul SCARINGELLA", "secteur": 22 }, "geometry": { "type": "Point", "coordinates": [ 5.5962883, 45.3644632 ] } },
{ "type": "Feature", "properties": { "technicien": "Jean-Paul SCARINGELLA", "secteur": 22 }, "geometry": { "type": "Point", "coordinates": [ 5.596424, 45.364297 ] } },
{ "type": "Feature", "properties": { "technicien": "Julien TETU", "secteur": 74 }, "geometry": { "type": "Point", "coordinates": [ 5.6205693, 45.5298481 ] } },
{ "type": "Feature", "properties": { "technicien": "Léna GRAND CLEMENT", "secteur": 68 }, "geometry": { "type": "Point", "coordinates": [ 5.7160618, 45.2025403 ] } },
{ "type": "Feature", "properties": { "technicien": "Roman NOIREZ", "secteur": 33 }, "geometry": { "type": "Point", "coordinates": [ 5.7587747, 45.2046545 ] } },
{ "type": "Feature", "properties": { "technicien": "Heithem ABID", "secteur": 12 }, "geometry": { "type": "Point", "coordinates": [ 5.9655296, 46.1098098 ] } },
{ "type": "Feature", "properties": { "technicien": "Houssam BOUAZIZ", "secteur": 29 }, "geometry": { "type": "Point", "coordinates": [ 6.637399, 45.414917 ] } },
{ "type": "Feature", "properties": { "technicien": "Jean-Paul SCARINGELLA", "secteur": 22 }, "geometry": { "type": "Point", "coordinates": [ 5.6658829, 45.2456323 ] } },
{ "type": "Feature", "properties": { "technicien": "Olivier VUILLAUME ", "secteur": 62 }, "geometry": { "type": "Point", "coordinates": [ 5.6798435, 45.4932208 ] } },
{ "type": "Feature", "properties": { "technicien": "Martin DO NASCIMENTO", "secteur": 52 }, "geometry": { "type": "Point", "coordinates": [ 5.7304517, 45.1599502 ] } },
{ "type": "Feature", "properties": { "technicien": "Martin DO NASCIMENTO", "secteur": 52 }, "geometry": { "type": "Point", "coordinates": [ 5.7656779, 45.0867542 ] } },
{ "type": "Feature", "properties": { "technicien": "Xavier VICTORION", "secteur": 28 }, "geometry": { "type": "Point", "coordinates": [ 5.7150502, 45.176485 ] } },
{ "type": "Feature", "properties": { "technicien": "Léna GRAND CLEMENT", "secteur": 68 }, "geometry": { "type": "Point", "coordinates": [ 5.7624128, 45.2035767 ] } },
{ "type": "Feature", "properties": { "technicien": "Léna GRAND CLEMENT", "secteur": 68 }, "geometry": { "type": "Point", "coordinates": [ 5.7624128, 45.2035767 ] } },
{ "type": "Feature", "properties": { "technicien": "Karim MOKNECHE", "secteur": 30 }, "geometry": { "type": "Point", "coordinates": [ 5.3247357, 45.1407916 ] } },
{ "type": "Feature", "properties": { "technicien": "Xavier VICTORION", "secteur": 28 }, "geometry": { "type": "Point", "coordinates": [ 5.7131138, 45.1798783 ] } },
{ "type": "Feature", "properties": { "technicien": "Martin DO NASCIMENTO", "secteur": 52 }, "geometry": { "type": "Point", "coordinates": [ 5.7236907, 45.161978 ] } },
{ "type": "Feature", "properties": { "technicien": "Jean-Paul SCARINGELLA", "secteur": 22 }, "geometry": { "type": "Point", "coordinates": [ 5.7602995, 45.1993709 ] } },
{ "type": "Feature", "properties": { "technicien": "Jean-Paul SCARINGELLA", "secteur": 22 }, "geometry": { "type": "Point", "coordinates": [ 5.7488414, 45.1968755 ] } },
{ "type": "Feature", "properties": { "technicien": "Jean-Paul SCARINGELLA", "secteur": 22 }, "geometry": { "type": "Point", "coordinates": [ 5.7488414, 45.1968755 ] } },
{ "type": "Feature", "properties": { "technicien": "Martin DO NASCIMENTO", "secteur": 52 }, "geometry": { "type": "Point", "coordinates": [ 5.7345374, 45.1576239 ] } },
{ "type": "Feature", "properties": { "technicien": "Martin DO NASCIMENTO", "secteur": 52 }, "geometry": { "type": "Point", "coordinates": [ 5.7239899, 45.1568699 ] } },
{ "type": "Feature", "properties": { "technicien": "Martin DO NASCIMENTO", "secteur": 52 }, "geometry": { "type": "Point", "coordinates": [ 5.7239899, 45.1568699 ] } },
{ "type": "Feature", "properties": { "technicien": "Léna GRAND CLEMENT", "secteur": 68 }, "geometry": { "type": "Point", "coordinates": [ 5.7049538, 45.1848102 ] } },
{ "type": "Feature", "properties": { "technicien": "Léna GRAND CLEMENT", "secteur": 68 }, "geometry": { "type": "Point", "coordinates": [ 5.7049538, 45.1848102 ] } },
{ "type": "Feature", "properties": { "technicien": "Léna GRAND CLEMENT", "secteur": 68 }, "geometry": { "type": "Point", "coordinates": [ 5.7049538, 45.1848102 ] } },
{ "type": "Feature", "properties": { "technicien": "Léna GRAND CLEMENT", "secteur": 68 }, "geometry": { "type": "Point", "coordinates": [ 5.7049538, 45.1848102 ] } },
{ "type": "Feature", "properties": { "technicien": "Xavier VICTORION", "secteur": 28 }, "geometry": { "type": "Point", "coordinates": [ 5.727615, 45.186801 ] } },
{ "type": "Feature", "properties": { "technicien": "Martin DO NASCIMENTO", "secteur": 52 }, "geometry": { "type": "Point", "coordinates": [ 5.7367353, 45.1716 ] } },
{ "type": "Feature", "properties": { "technicien": "Martin DO NASCIMENTO", "secteur": 52 }, "geometry": { "type": "Point", "coordinates": [ 5.7304517, 45.1599502 ] } },
{ "type": "Feature", "properties": { "technicien": "Martin DO NASCIMENTO", "secteur": 52 }, "geometry": { "type": "Point", "coordinates": [ 5.7665185, 45.0721093 ] } },
{ "type": "Feature", "properties": { "technicien": "Xavier VICTORION", "secteur": 28 }, "geometry": { "type": "Point", "coordinates": [ 5.7366308, 45.1905738 ] } },
{ "type": "Feature", "properties": { "technicien": "Xavier VICTORION", "secteur": 28 }, "geometry": { "type": "Point", "coordinates": [ 5.7366308, 45.1905738 ] } },
{ "type": "Feature", "properties": { "technicien": "Xavier VICTORION", "secteur": 28 }, "geometry": { "type": "Point", "coordinates": [ 5.7366308, 45.1905738 ] } },
{ "type": "Feature", "properties": { "technicien": "Xavier VICTORION", "secteur": 28 }, "geometry": { "type": "Point", "coordinates": [ 5.7372358, 45.1910754 ] } },
{ "type": "Feature", "properties": { "technicien": "Xavier VICTORION", "secteur": 28 }, "geometry": { "type": "Point", "coordinates": [ 5.7372358, 45.1910754 ] } },
{ "type": "Feature", "properties": { "technicien": "Xavier VICTORION", "secteur": 28 }, "geometry": { "type": "Point", "coordinates": [ 5.7372358, 45.1910754 ] } },
{ "type": "Feature", "properties": { "technicien": "Martin DO NASCIMENTO", "secteur": 52 }, "geometry": { "type": "Point", "coordinates": [ 5.6979008, 45.1244961 ] } },
{ "type": "Feature", "properties": { "technicien": "Xavier VICTORION", "secteur": 28 }, "geometry": { "type": "Point", "coordinates": [ 5.7478675, 45.1484679 ] } },
{ "type": "Feature", "properties": { "technicien": "Xavier VICTORION", "secteur": 28 }, "geometry": { "type": "Point", "coordinates": [ 5.7478675, 45.1484679 ] } },
{ "type": "Feature", "properties": { "technicien": "Xavier VICTORION", "secteur": 28 }, "geometry": { "type": "Point", "coordinates": [ 5.7478675, 45.1484679 ] } },
{ "type": "Feature", "properties": { "technicien": "Jean-Paul SCARINGELLA", "secteur": 22 }, "geometry": { "type": "Point", "coordinates": [ 5.4953937, 45.3537037 ] } },
{ "type": "Feature", "properties": { "technicien": "Roman NOIREZ", "secteur": 33 }, "geometry": { "type": "Point", "coordinates": [ 5.7253518, 45.1654337 ] } },
{ "type": "Feature", "properties": { "technicien": "Roman NOIREZ", "secteur": 33 }, "geometry": { "type": "Point", "coordinates": [ 5.7253518, 45.1654337 ] } },
{ "type": "Feature", "properties": { "technicien": "Roman NOIREZ", "secteur": 33 }, "geometry": { "type": "Point", "coordinates": [ 5.7253518, 45.1654337 ] } },
{ "type": "Feature", "properties": { "technicien": "Jean-Paul SCARINGELLA", "secteur": 22 }, "geometry": { "type": "Point", "coordinates": [ 5.6889267, 45.1850921 ] } },
{ "type": "Feature", "properties": { "technicien": "Martin DO NASCIMENTO", "secteur": 52 }, "geometry": { "type": "Point", "coordinates": [ 5.7959961, 45.150451 ] } },
{ "type": "Feature", "properties": { "technicien": "Kalifa DIOMANDE", "secteur": 54 }, "geometry": { "type": "Point", "coordinates": [ 6.4276495, 45.942233 ] } },
{ "type": "Feature", "properties": { "technicien": "Jean-Paul SCARINGELLA", "secteur": 22 }, "geometry": { "type": "Point", "coordinates": [ 5.6840385, 45.1891907 ] } },
{ "type": "Feature", "properties": { "technicien": "Roman NOIREZ", "secteur": 33 }, "geometry": { "type": "Point", "coordinates": [ 5.6840385, 45.1891907 ] } },
{ "type": "Feature", "properties": { "technicien": "Roman NOIREZ", "secteur": 33 }, "geometry": { "type": "Point", "coordinates": [ 5.6840385, 45.1891907 ] } },
{ "type": "Feature", "properties": { "technicien": "Roman NOIREZ", "secteur": 33 }, "geometry": { "type": "Point", "coordinates": [ 5.6840385, 45.1891907 ] } },
{ "type": "Feature", "properties": { "technicien": "Roman NOIREZ", "secteur": 33 }, "geometry": { "type": "Point", "coordinates": [ 5.6840385, 45.1891907 ] } },
{ "type": "Feature", "properties": { "technicien": "Roman NOIREZ", "secteur": 33 }, "geometry": { "type": "Point", "coordinates": [ 5.6840385, 45.1891907 ] } },
{ "type": "Feature", "properties": { "technicien": "Roman NOIREZ", "secteur": 33 }, "geometry": { "type": "Point", "coordinates": [ 5.6840385, 45.1891907 ] } },
{ "type": "Feature", "properties": { "technicien": "Roman NOIREZ", "secteur": 33 }, "geometry": { "type": "Point", "coordinates": [ 5.6840385, 45.1891907 ] } },
{ "type": "Feature", "properties": { "technicien": "Roman NOIREZ", "secteur": 33 }, "geometry": { "type": "Point", "coordinates": [ 5.6840385, 45.1891907 ] } },
{ "type": "Feature", "properties": { "technicien": "Karim MOKNECHE", "secteur": 30 }, "geometry": { "type": "Point", "coordinates": [ 4.873907, 45.0748437 ] } },
{ "type": "Feature", "properties": { "technicien": "Roman NOIREZ", "secteur": 33 }, "geometry": { "type": "Point", "coordinates": [ 5.7478675, 45.1484679 ] } },
{ "type": "Feature", "properties": { "technicien": "Xavier VICTORION", "secteur": 28 }, "geometry": { "type": "Point", "coordinates": [ 5.7315343, 45.1850297 ] } },
{ "type": "Feature", "properties": { "technicien": "Jean-Paul SCARINGELLA", "secteur": 22 }, "geometry": { "type": "Point", "coordinates": [ 5.5541149, 45.3688615 ] } },
{ "type": "Feature", "properties": { "technicien": "Roman NOIREZ", "secteur": 33 }, "geometry": { "type": "Point", "coordinates": [ 5.7041437, 45.1525114 ] } },
{ "type": "Feature", "properties": { "technicien": "Jean-Paul SCARINGELLA", "secteur": 22 }, "geometry": { "type": "Point", "coordinates": [ 5.6943946, 45.1952205 ] } },
{ "type": "Feature", "properties": { "technicien": "Kalifa DIOMANDE", "secteur": 54 }, "geometry": { "type": "Point", "coordinates": [ 5.912133, 45.689803 ] } },
{ "type": "Feature", "properties": { "technicien": "Kalifa DIOMANDE", "secteur": 54 }, "geometry": { "type": "Point", "coordinates": [ 5.9119, 45.689798 ] } },
{ "type": "Feature", "properties": { "technicien": "Kalifa DIOMANDE", "secteur": 54 }, "geometry": { "type": "Point", "coordinates": [ 5.9122244, 45.6896667 ] } },
{ "type": "Feature", "properties": { "technicien": "Kalifa DIOMANDE", "secteur": 54 }, "geometry": { "type": "Point", "coordinates": [ 5.9129522, 45.6893821 ] } },
{ "type": "Feature", "properties": { "technicien": "Julien TETU", "secteur": 74 }, "geometry": { "type": "Point", "coordinates": [ 5.884366, 45.583566 ] } },
{ "type": "Feature", "properties": { "technicien": "Julien TETU", "secteur": 74 }, "geometry": { "type": "Point", "coordinates": [ 5.884366, 45.583566 ] } },
{ "type": "Feature", "properties": { "technicien": "Julien TETU", "secteur": 74 }, "geometry": { "type": "Point", "coordinates": [ 5.884366, 45.583566 ] } },
{ "type": "Feature", "properties": { "technicien": "Olivier VUILLAUME ", "secteur": 62 }, "geometry": { "type": "Point", "coordinates": [ 5.6808196, 45.4947782 ] } },
{ "type": "Feature", "properties": { "technicien": "Roman NOIREZ", "secteur": 33 }, "geometry": { "type": "Point", "coordinates": [ 5.7615585, 45.1915894 ] } },
{ "type": "Feature", "properties": { "technicien": "Roman NOIREZ", "secteur": 33 }, "geometry": { "type": "Point", "coordinates": [ 5.590478, 45.373279 ] } },
{ "type": "Feature", "properties": { "technicien": "Roman NOIREZ", "secteur": 33 }, "geometry": { "type": "Point", "coordinates": [ 5.8346445, 45.1983784 ] } },
{ "type": "Feature", "properties": { "technicien": "Roman NOIREZ", "secteur": 33 }, "geometry": { "type": "Point", "coordinates": [ 5.8346445, 45.1983784 ] } },
{ "type": "Feature", "properties": { "technicien": "Léna GRAND CLEMENT", "secteur": 68 }, "geometry": { "type": "Point", "coordinates": [ 5.7314587, 45.1933413 ] } },
{ "type": "Feature", "properties": { "technicien": "Karim MOKNECHE", "secteur": 30 }, "geometry": { "type": "Point", "coordinates": [ 4.965397, 45.2917469 ] } },
{ "type": "Feature", "properties": { "technicien": "Olivier VUILLAUME ", "secteur": 62 }, "geometry": { "type": "Point", "coordinates": [ 5.6895058, 45.5288031 ] } },
{ "type": "Feature", "properties": { "technicien": "Olivier VUILLAUME ", "secteur": 62 }, "geometry": { "type": "Point", "coordinates": [ 5.6895058, 45.5288031 ] } },
{ "type": "Feature", "properties": { "technicien": "Olivier VUILLAUME ", "secteur": 62 }, "geometry": { "type": "Point", "coordinates": [ 5.6895058, 45.5288031 ] } },
{ "type": "Feature", "properties": { "technicien": "Olivier VUILLAUME ", "secteur": 62 }, "geometry": { "type": "Point", "coordinates": [ 5.6895058, 45.5288031 ] } },
{ "type": "Feature", "properties": { "technicien": "Martin DO NASCIMENTO", "secteur": 52 }, "geometry": { "type": "Point", "coordinates": [ 5.7183949, 45.1411932 ] } },
{ "type": "Feature", "properties": { "technicien": "Karim MOKNECHE", "secteur": 30 }, "geometry": { "type": "Point", "coordinates": [ 5.1609313, 44.9769791 ] } },
{ "type": "Feature", "properties": { "technicien": "Roman NOIREZ", "secteur": 33 }, "geometry": { "type": "Point", "coordinates": [ 5.8930869, 45.2904133 ] } },
{ "type": "Feature", "properties": { "technicien": "Heithem ABID", "secteur": 12 }, "geometry": { "type": "Point", "coordinates": [ 6.2378127, 46.1804288 ] } },
{ "type": "Feature", "properties": { "technicien": "Jean-Paul SCARINGELLA", "secteur": 22 }, "geometry": { "type": "Point", "coordinates": [ 5.5962883, 45.3644632 ] } },
{ "type": "Feature", "properties": { "technicien": "Martin DO NASCIMENTO", "secteur": 52 }, "geometry": { "type": "Point", "coordinates": [ 5.7573268, 45.1546462 ] } },
{ "type": "Feature", "properties": { "technicien": "Houssam BOUAZIZ", "secteur": 29 }, "geometry": { "type": "Point", "coordinates": [ 6.7700215, 45.8979247 ] } },
{ "type": "Feature", "properties": { "technicien": "Kalifa DIOMANDE", "secteur": 54 }, "geometry": { "type": "Point", "coordinates": [ 5.917819, 45.715091 ] } },
{ "type": "Feature", "properties": { "technicien": "Jean-Paul SCARINGELLA", "secteur": 22 }, "geometry": { "type": "Point", "coordinates": [ 5.6450491, 45.3787477 ] } },
{ "type": "Feature", "properties": { "technicien": "Roman NOIREZ", "secteur": 33 }, "geometry": { "type": "Point", "coordinates": [ 5.6889267, 45.1850921 ] } },
{ "type": "Feature", "properties": { "technicien": "Roman NOIREZ", "secteur": 33 }, "geometry": { "type": "Point", "coordinates": [ 5.6889267, 45.1850921 ] } },
{ "type": "Feature", "properties": { "technicien": "Roman NOIREZ", "secteur": 33 }, "geometry": { "type": "Point", "coordinates": [ 5.7274545, 45.1906395 ] } },
{ "type": "Feature", "properties": { "technicien": "Roman NOIREZ", "secteur": 33 }, "geometry": { "type": "Point", "coordinates": [ 5.7274545, 45.1906395 ] } },
{ "type": "Feature", "properties": { "technicien": "Roman NOIREZ", "secteur": 33 }, "geometry": { "type": "Point", "coordinates": [ 5.7274545, 45.1906395 ] } },
{ "type": "Feature", "properties": { "technicien": "Julien TETU", "secteur": 74 }, "geometry": { "type": "Point", "coordinates": [ 5.906702, 45.5873925 ] } },
{ "type": "Feature", "properties": { "technicien": "Kalifa DIOMANDE", "secteur": 54 }, "geometry": { "type": "Point", "coordinates": [ 6.1253112, 45.9018055 ] } },
{ "type": "Feature", "properties": { "technicien": "Kalifa DIOMANDE", "secteur": 54 }, "geometry": { "type": "Point", "coordinates": [ 6.1253112, 45.9018055 ] } },
{ "type": "Feature", "properties": { "technicien": "Kalifa DIOMANDE", "secteur": 54 }, "geometry": { "type": "Point", "coordinates": [ 6.1253112, 45.9018055 ] } },
{ "type": "Feature", "properties": { "technicien": "Heithem ABID", "secteur": 12 }, "geometry": { "type": "Point", "coordinates": [ 6.2290127, 46.1927392 ] } },
{ "type": "Feature", "properties": { "technicien": "Heithem ABID", "secteur": 12 }, "geometry": { "type": "Point", "coordinates": [ 6.2290127, 46.1927392 ] } },
{ "type": "Feature", "properties": { "technicien": "Heithem ABID", "secteur": 12 }, "geometry": { "type": "Point", "coordinates": [ 6.2290127, 46.1927392 ] } },
{ "type": "Feature", "properties": { "technicien": "Heithem ABID", "secteur": 12 }, "geometry": { "type": "Point", "coordinates": [ 6.2290127, 46.1927392 ] } },
{ "type": "Feature", "properties": { "technicien": "Heithem ABID", "secteur": 12 }, "geometry": { "type": "Point", "coordinates": [ 6.2290127, 46.1927392 ] } },
{ "type": "Feature", "properties": { "technicien": "Heithem ABID", "secteur": 12 }, "geometry": { "type": "Point", "coordinates": [ 6.2290127, 46.1927392 ] } },
{ "type": "Feature", "properties": { "technicien": "Heithem ABID", "secteur": 12 }, "geometry": { "type": "Point", "coordinates": [ 6.2290127, 46.1927392 ] } },
{ "type": "Feature", "properties": { "technicien": "Heithem ABID", "secteur": 12 }, "geometry": { "type": "Point", "coordinates": [ 6.2290127, 46.1927392 ] } },
{ "type": "Feature", "properties": { "technicien": "Kalifa DIOMANDE", "secteur": 54 }, "geometry": { "type": "Point", "coordinates": [ 6.1580762, 45.968277 ] } },
{ "type": "Feature", "properties": { "technicien": "Kalifa DIOMANDE", "secteur": 54 }, "geometry": { "type": "Point", "coordinates": [ 5.927728, 45.694918 ] } },
{ "type": "Feature", "properties": { "technicien": "Kalifa DIOMANDE", "secteur": 54 }, "geometry": { "type": "Point", "coordinates": [ 5.927728, 45.694918 ] } },
{ "type": "Feature", "properties": { "technicien": "Kalifa DIOMANDE", "secteur": 54 }, "geometry": { "type": "Point", "coordinates": [ 5.927728, 45.694918 ] } },
{ "type": "Feature", "properties": { "technicien": "Kalifa DIOMANDE", "secteur": 54 }, "geometry": { "type": "Point", "coordinates": [ 5.927728, 45.694918 ] } },
{ "type": "Feature", "properties": { "technicien": "Kalifa DIOMANDE", "secteur": 54 }, "geometry": { "type": "Point", "coordinates": [ 5.927728, 45.694918 ] } },
{ "type": "Feature", "properties": { "technicien": "Kalifa DIOMANDE", "secteur": 54 }, "geometry": { "type": "Point", "coordinates": [ 5.927728, 45.694918 ] } },
{ "type": "Feature", "properties": { "technicien": "Kalifa DIOMANDE", "secteur": 54 }, "geometry": { "type": "Point", "coordinates": [ 5.927728, 45.694918 ] } },
{ "type": "Feature", "properties": { "technicien": "Kalifa DIOMANDE", "secteur": 54 }, "geometry": { "type": "Point", "coordinates": [ 5.927728, 45.694918 ] } },
{ "type": "Feature", "properties": { "technicien": "Kalifa DIOMANDE", "secteur": 54 }, "geometry": { "type": "Point", "coordinates": [ 5.927728, 45.694918 ] } },
{ "type": "Feature", "properties": { "technicien": "Kalifa DIOMANDE", "secteur": 54 }, "geometry": { "type": "Point", "coordinates": [ 5.927728, 45.694918 ] } },
{ "type": "Feature", "properties": { "technicien": "Kalifa DIOMANDE", "secteur": 54 }, "geometry": { "type": "Point", "coordinates": [ 5.927728, 45.694918 ] } },
{ "type": "Feature", "properties": { "technicien": "Kalifa DIOMANDE", "secteur": 54 }, "geometry": { "type": "Point", "coordinates": [ 5.927728, 45.694918 ] } },
{ "type": "Feature", "properties": { "technicien": "Kalifa DIOMANDE", "secteur": 54 }, "geometry": { "type": "Point", "coordinates": [ 5.927728, 45.694918 ] } },
{ "type": "Feature", "properties": { "technicien": "Kalifa DIOMANDE", "secteur": 54 }, "geometry": { "type": "Point", "coordinates": [ 5.927728, 45.694918 ] } },
{ "type": "Feature", "properties": { "technicien": "Kalifa DIOMANDE", "secteur": 54 }, "geometry": { "type": "Point", "coordinates": [ 5.927728, 45.694918 ] } },
{ "type": "Feature", "properties": { "technicien": "Kalifa DIOMANDE", "secteur": 54 }, "geometry": { "type": "Point", "coordinates": [ 5.927728, 45.694918 ] } },
{ "type": "Feature", "properties": { "technicien": "Kalifa DIOMANDE", "secteur": 54 }, "geometry": { "type": "Point", "coordinates": [ 5.927728, 45.694918 ] } },
{ "type": "Feature", "properties": { "technicien": "Olivier VUILLAUME ", "secteur": 58 }, "geometry": { "type": "Point", "coordinates": [ 5.7030393, 45.7390239 ] } },
{ "type": "Feature", "properties": { "technicien": "Olivier VUILLAUME ", "secteur": 58 }, "geometry": { "type": "Point", "coordinates": [ 5.7030393, 45.7390239 ] } },
{ "type": "Feature", "properties": { "technicien": "Olivier VUILLAUME ", "secteur": 58 }, "geometry": { "type": "Point", "coordinates": [ 5.7030393, 45.7390239 ] } },
{ "type": "Feature", "properties": { "technicien": "Olivier VUILLAUME ", "secteur": 58 }, "geometry": { "type": "Point", "coordinates": [ 5.7030393, 45.7390239 ] } },
{ "type": "Feature", "properties": { "technicien": "Olivier VUILLAUME ", "secteur": 58 }, "geometry": { "type": "Point", "coordinates": [ 5.7030393, 45.7390239 ] } },
{ "type": "Feature", "properties": { "technicien": "Olivier VUILLAUME ", "secteur": 58 }, "geometry": { "type": "Point", "coordinates": [ 5.7030393, 45.7390239 ] } },
{ "type": "Feature", "properties": { "technicien": "Olivier VUILLAUME ", "secteur": 58 }, "geometry": { "type": "Point", "coordinates": [ 5.7030393, 45.7390239 ] } },
{ "type": "Feature", "properties": { "technicien": "Olivier VUILLAUME ", "secteur": 58 }, "geometry": { "type": "Point", "coordinates": [ 5.7030393, 45.7390239 ] } },
{ "type": "Feature", "properties": { "technicien": "Olivier VUILLAUME ", "secteur": 58 }, "geometry": { "type": "Point", "coordinates": [ 5.7030393, 45.7390239 ] } },
{ "type": "Feature", "properties": { "technicien": "Olivier VUILLAUME ", "secteur": 62 }, "geometry": { "type": "Point", "coordinates": [ 5.5917826, 45.5543195 ] } },
{ "type": "Feature", "properties": { "technicien": "Olivier VUILLAUME ", "secteur": 62 }, "geometry": { "type": "Point", "coordinates": [ 5.5917826, 45.5543195 ] } },
{ "type": "Feature", "properties": { "technicien": "Olivier VUILLAUME ", "secteur": 62 }, "geometry": { "type": "Point", "coordinates": [ 5.5917826, 45.5543195 ] } },
{ "type": "Feature", "properties": { "technicien": "Olivier VUILLAUME ", "secteur": 62 }, "geometry": { "type": "Point", "coordinates": [ 5.5917826, 45.5543195 ] } },
{ "type": "Feature", "properties": { "technicien": "Olivier VUILLAUME ", "secteur": 62 }, "geometry": { "type": "Point", "coordinates": [ 5.5917826, 45.5543195 ] } },
{ "type": "Feature", "properties": { "technicien": "Olivier VUILLAUME ", "secteur": 62 }, "geometry": { "type": "Point", "coordinates": [ 5.5917826, 45.5543195 ] } },
{ "type": "Feature", "properties": { "technicien": "Olivier VUILLAUME ", "secteur": 62 }, "geometry": { "type": "Point", "coordinates": [ 5.5917826, 45.5543195 ] } },
{ "type": "Feature", "properties": { "technicien": "Olivier VUILLAUME ", "secteur": 62 }, "geometry": { "type": "Point", "coordinates": [ 5.5917826, 45.5543195 ] } },
{ "type": "Feature", "properties": { "technicien": "Olivier VUILLAUME ", "secteur": 62 }, "geometry": { "type": "Point", "coordinates": [ 5.5917826, 45.5543195 ] } },
{ "type": "Feature", "properties": { "technicien": "Olivier VUILLAUME ", "secteur": 62 }, "geometry": { "type": "Point", "coordinates": [ 5.5917826, 45.5543195 ] } },
{ "type": "Feature", "properties": { "technicien": "Olivier VUILLAUME ", "secteur": 62 }, "geometry": { "type": "Point", "coordinates": [ 5.5917826, 45.5543195 ] } },
{ "type": "Feature", "properties": { "technicien": "Olivier VUILLAUME ", "secteur": 62 }, "geometry": { "type": "Point", "coordinates": [ 5.5917826, 45.5543195 ] } },
{ "type": "Feature", "properties": { "technicien": "Olivier VUILLAUME ", "secteur": 62 }, "geometry": { "type": "Point", "coordinates": [ 5.5917826, 45.5543195 ] } },
{ "type": "Feature", "properties": { "technicien": "Olivier VUILLAUME ", "secteur": 62 }, "geometry": { "type": "Point", "coordinates": [ 5.5917826, 45.5543195 ] } },
{ "type": "Feature", "properties": { "technicien": "Olivier VUILLAUME ", "secteur": 62 }, "geometry": { "type": "Point", "coordinates": [ 5.5917826, 45.5543195 ] } },
{ "type": "Feature", "properties": { "technicien": "Olivier VUILLAUME ", "secteur": 62 }, "geometry": { "type": "Point", "coordinates": [ 5.5917826, 45.5543195 ] } },
{ "type": "Feature", "properties": { "technicien": "Olivier VUILLAUME ", "secteur": 62 }, "geometry": { "type": "Point", "coordinates": [ 5.5917826, 45.5543195 ] } },
{ "type": "Feature", "properties": { "technicien": "Olivier VUILLAUME ", "secteur": 62 }, "geometry": { "type": "Point", "coordinates": [ 5.5917826, 45.5543195 ] } },
{ "type": "Feature", "properties": { "technicien": "Olivier VUILLAUME ", "secteur": 62 }, "geometry": { "type": "Point", "coordinates": [ 5.5917826, 45.5543195 ] } },
{ "type": "Feature", "properties": { "technicien": "Karim MOKNECHE", "secteur": 30 }, "geometry": { "type": "Point", "coordinates": [ 5.048178, 45.342706 ] } },
{ "type": "Feature", "properties": { "technicien": "Karim MOKNECHE", "secteur": 30 }, "geometry": { "type": "Point", "coordinates": [ 4.8752803, 44.9352339 ] } },
{ "type": "Feature", "properties": { "technicien": "Kalifa DIOMANDE", "secteur": 54 }, "geometry": { "type": "Point", "coordinates": [ 6.632798, 45.936283 ] } },
{ "type": "Feature", "properties": { "technicien": "Kalifa DIOMANDE", "secteur": 54 }, "geometry": { "type": "Point", "coordinates": [ 6.632798, 45.936283 ] } },
{ "type": "Feature", "properties": { "technicien": "Julien TETU", "secteur": 74 }, "geometry": { "type": "Point", "coordinates": [ 5.6895058, 45.5288031 ] } },
{ "type": "Feature", "properties": { "technicien": "Martin DO NASCIMENTO", "secteur": 52 }, "geometry": { "type": "Point", "coordinates": [ 5.7150427, 45.1758753 ] } },
{ "type": "Feature", "properties": { "technicien": "Roman NOIREZ", "secteur": 33 }, "geometry": { "type": "Point", "coordinates": [ 5.741896, 45.1017315 ] } },
{ "type": "Feature", "properties": { "technicien": "Roman NOIREZ", "secteur": 33 }, "geometry": { "type": "Point", "coordinates": [ 5.6914855, 45.1899219 ] } },
{ "type": "Feature", "properties": { "technicien": "Roman NOIREZ", "secteur": 33 }, "geometry": { "type": "Point", "coordinates": [ 5.6914855, 45.1899219 ] } },
{ "type": "Feature", "properties": { "technicien": "Roman NOIREZ", "secteur": 33 }, "geometry": { "type": "Point", "coordinates": [ 5.6914855, 45.1899219 ] } },
{ "type": "Feature", "properties": { "technicien": "Roman NOIREZ", "secteur": 33 }, "geometry": { "type": "Point", "coordinates": [ 5.6914855, 45.1899219 ] } },
{ "type": "Feature", "properties": { "technicien": "Roman NOIREZ", "secteur": 33 }, "geometry": { "type": "Point", "coordinates": [ 5.6914855, 45.1899219 ] } },
{ "type": "Feature", "properties": { "technicien": "Roman NOIREZ", "secteur": 33 }, "geometry": { "type": "Point", "coordinates": [ 5.6914855, 45.1899219 ] } },
{ "type": "Feature", "properties": { "technicien": "Roman NOIREZ", "secteur": 33 }, "geometry": { "type": "Point", "coordinates": [ 5.6914855, 45.1899219 ] } },
{ "type": "Feature", "properties": { "technicien": "Roman NOIREZ", "secteur": 33 }, "geometry": { "type": "Point", "coordinates": [ 5.6914855, 45.1899219 ] } },
{ "type": "Feature", "properties": { "technicien": "Roman NOIREZ", "secteur": 33 }, "geometry": { "type": "Point", "coordinates": [ 5.6914855, 45.1899219 ] } },
{ "type": "Feature", "properties": { "technicien": "Roman NOIREZ", "secteur": 33 }, "geometry": { "type": "Point", "coordinates": [ 5.6914855, 45.1899219 ] } },
{ "type": "Feature", "properties": { "technicien": "Roman NOIREZ", "secteur": 33 }, "geometry": { "type": "Point", "coordinates": [ 5.6914855, 45.1899219 ] } },
{ "type": "Feature", "properties": { "technicien": "Roman NOIREZ", "secteur": 33 }, "geometry": { "type": "Point", "coordinates": [ 5.6914855, 45.1899219 ] } },
{ "type": "Feature", "properties": { "technicien": "Roman NOIREZ", "secteur": 33 }, "geometry": { "type": "Point", "coordinates": [ 5.6914855, 45.1899219 ] } },
{ "type": "Feature", "properties": { "technicien": "Roman NOIREZ", "secteur": 33 }, "geometry": { "type": "Point", "coordinates": [ 5.6914855, 45.1899219 ] } },
{ "type": "Feature", "properties": { "technicien": "Roman NOIREZ", "secteur": 33 }, "geometry": { "type": "Point", "coordinates": [ 5.6914855, 45.1899219 ] } },
{ "type": "Feature", "properties": { "technicien": "Roman NOIREZ", "secteur": 33 }, "geometry": { "type": "Point", "coordinates": [ 5.6914855, 45.1899219 ] } },
{ "type": "Feature", "properties": { "technicien": "Roman NOIREZ", "secteur": 33 }, "geometry": { "type": "Point", "coordinates": [ 5.6914855, 45.1899219 ] } },
{ "type": "Feature", "properties": { "technicien": "Kalifa DIOMANDE", "secteur": 54 }, "geometry": { "type": "Point", "coordinates": [ 6.1184689, 45.8947222 ] } },
{ "type": "Feature", "properties": { "technicien": "Jean-Paul SCARINGELLA", "secteur": 22 }, "geometry": { "type": "Point", "coordinates": [ 5.6450491, 45.3787477 ] } },
{ "type": "Feature", "properties": { "technicien": "Heithem ABID", "secteur": 12 }, "geometry": { "type": "Point", "coordinates": [ 6.115547, 46.314963 ] } },
{ "type": "Feature", "properties": { "technicien": "Houssam BOUAZIZ", "secteur": 29 }, "geometry": { "type": "Point", "coordinates": [ 6.6340809, 45.415187 ] } },
{ "type": "Feature", "properties": { "technicien": "Roman NOIREZ", "secteur": 33 }, "geometry": { "type": "Point", "coordinates": [ 5.908474, 45.2576555 ] } },
{ "type": "Feature", "properties": { "technicien": "Martin DO NASCIMENTO", "secteur": 52 }, "geometry": { "type": "Point", "coordinates": [ 5.8111884, 45.119162 ] } },
{ "type": "Feature", "properties": { "technicien": "Karim MOKNECHE", "secteur": 30 }, "geometry": { "type": "Point", "coordinates": [ 4.888383, 44.922717 ] } },
{ "type": "Feature", "properties": { "technicien": "Roman NOIREZ", "secteur": 33 }, "geometry": { "type": "Point", "coordinates": [ 5.6652996, 45.24055 ] } },
{ "type": "Feature", "properties": { "technicien": "Karim MOKNECHE", "secteur": 30 }, "geometry": { "type": "Point", "coordinates": [ 4.888383, 44.922717 ] } },
{ "type": "Feature", "properties": { "technicien": "Karim MOKNECHE", "secteur": 30 }, "geometry": { "type": "Point", "coordinates": [ 4.888383, 44.922717 ] } },
{ "type": "Feature", "properties": { "technicien": "Karim MOKNECHE", "secteur": 30 }, "geometry": { "type": "Point", "coordinates": [ 4.888383, 44.922717 ] } },
{ "type": "Feature", "properties": { "technicien": "Karim MOKNECHE", "secteur": 30 }, "geometry": { "type": "Point", "coordinates": [ 4.7527094, 44.5648229 ] } },
{ "type": "Feature", "properties": { "technicien": "Heithem ABID", "secteur": 12 }, "geometry": { "type": "Point", "coordinates": [ 6.115547, 46.314963 ] } },
{ "type": "Feature", "properties": { "technicien": "Heithem ABID", "secteur": 12 }, "geometry": { "type": "Point", "coordinates": [ 6.1036822, 46.2494895 ] } },
{ "type": "Feature", "properties": { "technicien": "Karim MOKNECHE", "secteur": 30 }, "geometry": { "type": "Point", "coordinates": [ 4.8386886, 45.0604133 ] } },
{ "type": "Feature", "properties": { "technicien": "Karim MOKNECHE", "secteur": 30 }, "geometry": { "type": "Point", "coordinates": [ 4.8386886, 45.0604133 ] } },
{ "type": "Feature", "properties": { "technicien": "Roman NOIREZ", "secteur": 33 }, "geometry": { "type": "Point", "coordinates": [ 5.6652996, 45.24055 ] } },
{ "type": "Feature", "properties": { "technicien": "Roman NOIREZ", "secteur": 33 }, "geometry": { "type": "Point", "coordinates": [ 5.6652996, 45.24055 ] } },
{ "type": "Feature", "properties": { "technicien": "Roman NOIREZ", "secteur": 33 }, "geometry": { "type": "Point", "coordinates": [ 5.6652996, 45.24055 ] } },
{ "type": "Feature", "properties": { "technicien": "Roman NOIREZ", "secteur": 33 }, "geometry": { "type": "Point", "coordinates": [ 5.6652996, 45.24055 ] } },
{ "type": "Feature", "properties": { "technicien": "Roman NOIREZ", "secteur": 33 }, "geometry": { "type": "Point", "coordinates": [ 5.6652996, 45.24055 ] } },
{ "type": "Feature", "properties": { "technicien": "Roman NOIREZ", "secteur": 33 }, "geometry": { "type": "Point", "coordinates": [ 5.6652996, 45.24055 ] } },
{ "type": "Feature", "properties": { "technicien": "Roman NOIREZ", "secteur": 33 }, "geometry": { "type": "Point", "coordinates": [ 5.6652996, 45.24055 ] } },
{ "type": "Feature", "properties": { "technicien": "Roman NOIREZ", "secteur": 33 }, "geometry": { "type": "Point", "coordinates": [ 5.6652996, 45.24055 ] } },
{ "type": "Feature", "properties": { "technicien": "Roman NOIREZ", "secteur": 33 }, "geometry": { "type": "Point", "coordinates": [ 5.6652996, 45.24055 ] } },
{ "type": "Feature", "properties": { "technicien": "Roman NOIREZ", "secteur": 33 }, "geometry": { "type": "Point", "coordinates": [ 5.6652996, 45.24055 ] } },
{ "type": "Feature", "properties": { "technicien": "Roman NOIREZ", "secteur": 33 }, "geometry": { "type": "Point", "coordinates": [ 5.6652996, 45.24055 ] } },
{ "type": "Feature", "properties": { "technicien": "Roman NOIREZ", "secteur": 33 }, "geometry": { "type": "Point", "coordinates": [ 5.6652996, 45.24055 ] } },
{ "type": "Feature", "properties": { "technicien": "Roman NOIREZ", "secteur": 33 }, "geometry": { "type": "Point", "coordinates": [ 5.6652996, 45.24055 ] } },
{ "type": "Feature", "properties": { "technicien": "Olivier VUILLAUME ", "secteur": 62 }, "geometry": { "type": "Point", "coordinates": [ 5.5917826, 45.5543195 ] } },
{ "type": "Feature", "properties": { "technicien": "Kalifa DIOMANDE", "secteur": 54 }, "geometry": { "type": "Point", "coordinates": [ 5.927728, 45.694918 ] } },
{ "type": "Feature", "properties": { "technicien": "Heithem ABID", "secteur": 12 }, "geometry": { "type": "Point", "coordinates": [ 6.0730723, 46.26643 ] } },
{ "type": "Feature", "properties": { "technicien": "Guillaume LANGLOIS", "secteur": 70 }, "geometry": { "type": "Point", "coordinates": [ 5.2345921, 45.6000264 ] } },
{ "type": "Feature", "properties": { "technicien": "Xavier VICTORION", "secteur": 28 }, "geometry": { "type": "Point", "coordinates": [ 5.7371203, 45.1894796 ] } },
{ "type": "Feature", "properties": { "technicien": "Martin DO NASCIMENTO", "secteur": 52 }, "geometry": { "type": "Point", "coordinates": [ 5.7718942, 45.0773064 ] } },
{ "type": "Feature", "properties": { "technicien": "Jean-Paul SCARINGELLA", "secteur": 22 }, "geometry": { "type": "Point", "coordinates": [ 5.7116991, 45.1908024 ] } },
{ "type": "Feature", "properties": { "technicien": "Jean-Paul SCARINGELLA", "secteur": 22 }, "geometry": { "type": "Point", "coordinates": [ 5.7116991, 45.1908024 ] } },
{ "type": "Feature", "properties": { "technicien": "Jean-Paul SCARINGELLA", "secteur": 22 }, "geometry": { "type": "Point", "coordinates": [ 5.7116991, 45.1908024 ] } },
{ "type": "Feature", "properties": { "technicien": "Jean-Paul SCARINGELLA", "secteur": 22 }, "geometry": { "type": "Point", "coordinates": [ 5.7116991, 45.1908024 ] } },
{ "type": "Feature", "properties": { "technicien": "Jean-Paul SCARINGELLA", "secteur": 22 }, "geometry": { "type": "Point", "coordinates": [ 5.7116991, 45.1908024 ] } },
{ "type": "Feature", "properties": { "technicien": "Jean-Paul SCARINGELLA", "secteur": 22 }, "geometry": { "type": "Point", "coordinates": [ 5.7116991, 45.1908024 ] } },
{ "type": "Feature", "properties": { "technicien": "Jean-Paul SCARINGELLA", "secteur": 22 }, "geometry": { "type": "Point", "coordinates": [ 5.7116991, 45.1908024 ] } },
{ "type": "Feature", "properties": { "technicien": "Jean-Paul SCARINGELLA", "secteur": 22 }, "geometry": { "type": "Point", "coordinates": [ 5.7116991, 45.1908024 ] } },
{ "type": "Feature", "properties": { "technicien": "Jean-Paul SCARINGELLA", "secteur": 22 }, "geometry": { "type": "Point", "coordinates": [ 5.7116991, 45.1908024 ] } },
{ "type": "Feature", "properties": { "technicien": "Jean-Paul SCARINGELLA", "secteur": 22 }, "geometry": { "type": "Point", "coordinates": [ 5.7116991, 45.1908024 ] } },
{ "type": "Feature", "properties": { "technicien": "Kalifa DIOMANDE", "secteur": 54 }, "geometry": { "type": "Point", "coordinates": [ 6.616233, 45.8620379 ] } },
{ "type": "Feature", "properties": { "technicien": "Martin DO NASCIMENTO", "secteur": 52 }, "geometry": { "type": "Point", "coordinates": [ 6.0366279, 45.0846992 ] } },
{ "type": "Feature", "properties": { "technicien": "Heithem ABID", "secteur": 12 }, "geometry": { "type": "Point", "coordinates": [ 6.124416, 46.347851 ] } },
{ "type": "Feature", "properties": { "technicien": "Jean-Paul SCARINGELLA", "secteur": 22 }, "geometry": { "type": "Point", "coordinates": [ 5.5906328, 45.3670423 ] } },
{ "type": "Feature", "properties": { "technicien": "Martin DO NASCIMENTO", "secteur": 52 }, "geometry": { "type": "Point", "coordinates": [ 5.7266158, 45.1659908 ] } },
{ "type": "Feature", "properties": { "technicien": "Martin DO NASCIMENTO", "secteur": 52 }, "geometry": { "type": "Point", "coordinates": [ 5.7266158, 45.1659908 ] } },
{ "type": "Feature", "properties": { "technicien": "Martin DO NASCIMENTO", "secteur": 52 }, "geometry": { "type": "Point", "coordinates": [ 5.7266158, 45.1659908 ] } },
{ "type": "Feature", "properties": { "technicien": "Guillaume LANGLOIS", "secteur": 70 }, "geometry": { "type": "Point", "coordinates": [ 4.8662728, 45.5137123 ] } },
{ "type": "Feature", "properties": { "technicien": "Karim MOKNECHE", "secteur": 30 }, "geometry": { "type": "Point", "coordinates": [ 4.8919117, 44.9314776 ] } },
{ "type": "Feature", "properties": { "technicien": "Karim MOKNECHE", "secteur": 30 }, "geometry": { "type": "Point", "coordinates": [ 4.8919117, 44.9314776 ] } },
{ "type": "Feature", "properties": { "technicien": "Karim MOKNECHE", "secteur": 30 }, "geometry": { "type": "Point", "coordinates": [ 4.8919117, 44.9314776 ] } },
{ "type": "Feature", "properties": { "technicien": "Karim MOKNECHE", "secteur": 30 }, "geometry": { "type": "Point", "coordinates": [ 4.8919117, 44.9314776 ] } },
{ "type": "Feature", "properties": { "technicien": "Karim MOKNECHE", "secteur": 30 }, "geometry": { "type": "Point", "coordinates": [ 4.8919117, 44.9314776 ] } },
{ "type": "Feature", "properties": { "technicien": "Karim MOKNECHE", "secteur": 30 }, "geometry": { "type": "Point", "coordinates": [ 4.8919117, 44.9314776 ] } },
{ "type": "Feature", "properties": { "technicien": "Karim MOKNECHE", "secteur": 30 }, "geometry": { "type": "Point", "coordinates": [ 4.8919117, 44.9314776 ] } },
{ "type": "Feature", "properties": { "technicien": "Julien TETU", "secteur": 74 }, "geometry": { "type": "Point", "coordinates": [ 5.794203, 45.557336 ] } },
{ "type": "Feature", "properties": { "technicien": "Jean-Paul SCARINGELLA", "secteur": 22 }, "geometry": { "type": "Point", "coordinates": [ 5.59362, 45.354016 ] } },
{ "type": "Feature", "properties": { "technicien": "Olivier VUILLAUME ", "secteur": 58 }, "geometry": { "type": "Point", "coordinates": [ 5.0165665, 45.6134446 ] } },
{ "type": "Feature", "properties": { "technicien": "Martin DO NASCIMENTO", "secteur": 52 }, "geometry": { "type": "Point", "coordinates": [ 5.6623474, 45.2454151 ] } },
{ "type": "Feature", "properties": { "technicien": "Karim MOKNECHE", "secteur": 30 }, "geometry": { "type": "Point", "coordinates": [ 5.3208686, 45.1538841 ] } },
{ "type": "Feature", "properties": { "technicien": "Léna GRAND CLEMENT", "secteur": 68 }, "geometry": { "type": "Point", "coordinates": [ 5.7049538, 45.1848102 ] } },
{ "type": "Feature", "properties": { "technicien": "Kalifa DIOMANDE", "secteur": 54 }, "geometry": { "type": "Point", "coordinates": [ 6.145448, 45.914032 ] } },
{ "type": "Feature", "properties": { "technicien": "Kalifa DIOMANDE", "secteur": 54 }, "geometry": { "type": "Point", "coordinates": [ 6.145238, 45.913908 ] } },
{ "type": "Feature", "properties": { "technicien": "Houssam BOUAZIZ", "secteur": 29 }, "geometry": { "type": "Point", "coordinates": [ 6.145448, 45.914032 ] } },
{ "type": "Feature", "properties": { "technicien": "Heithem ABID", "secteur": 12 }, "geometry": { "type": "Point", "coordinates": [ 6.025925, 46.2438138 ] } },
{ "type": "Feature", "properties": { "technicien": "Heithem ABID", "secteur": 12 }, "geometry": { "type": "Point", "coordinates": [ 6.0257622, 46.2437035 ] } },
{ "type": "Feature", "properties": { "technicien": "Heithem ABID", "secteur": 12 }, "geometry": { "type": "Point", "coordinates": [ 6.0261642, 46.243847 ] } },
{ "type": "Feature", "properties": { "technicien": "Olivier VUILLAUME ", "secteur": 62 }, "geometry": { "type": "Point", "coordinates": [ 5.6088095, 45.6015183 ] } },
{ "type": "Feature", "properties": { "technicien": "Léna GRAND CLEMENT", "secteur": 68 }, "geometry": { "type": "Point", "coordinates": [ 5.7145765, 45.1921215 ] } },
{ "type": "Feature", "properties": { "technicien": "Roman NOIREZ", "secteur": 33 }, "geometry": { "type": "Point", "coordinates": [ 5.811416, 45.2184032 ] } },
{ "type": "Feature", "properties": { "technicien": "Heithem ABID", "secteur": 12 }, "geometry": { "type": "Point", "coordinates": [ 6.115547, 46.314963 ] } },
{ "type": "Feature", "properties": { "technicien": "Heithem ABID", "secteur": 12 }, "geometry": { "type": "Point", "coordinates": [ 6.115547, 46.314963 ] } },
{ "type": "Feature", "properties": { "technicien": "Heithem ABID", "secteur": 12 }, "geometry": { "type": "Point", "coordinates": [ 6.115547, 46.314963 ] } },
{ "type": "Feature", "properties": { "technicien": "Roman NOIREZ", "secteur": 33 }, "geometry": { "type": "Point", "coordinates": [ 5.7200397, 45.1490073 ] } },
{ "type": "Feature", "properties": { "technicien": "Kalifa DIOMANDE", "secteur": 54 }, "geometry": { "type": "Point", "coordinates": [ 6.643212, 45.933178 ] } },
{ "type": "Feature", "properties": { "technicien": "Léna GRAND CLEMENT", "secteur": 68 }, "geometry": { "type": "Point", "coordinates": [ 5.690314, 45.1909007 ] } },
{ "type": "Feature", "properties": { "technicien": "Léna GRAND CLEMENT", "secteur": 68 }, "geometry": { "type": "Point", "coordinates": [ 5.6900906, 45.191097 ] } },
{ "type": "Feature", "properties": { "technicien": "Léna GRAND CLEMENT", "secteur": 68 }, "geometry": { "type": "Point", "coordinates": [ 1.232606, 48.7842419 ] } },
{ "type": "Feature", "properties": { "technicien": "Heithem ABID", "secteur": 12 }, "geometry": { "type": "Point", "coordinates": [ 6.1142489, 46.2642092 ] } },
{ "type": "Feature", "properties": { "technicien": "Roman NOIREZ", "secteur": 33 }, "geometry": { "type": "Point", "coordinates": [ 5.790268, 45.2089378 ] } },
{ "type": "Feature", "properties": { "technicien": "Roman NOIREZ", "secteur": 33 }, "geometry": { "type": "Point", "coordinates": [ 5.790268, 45.2089378 ] } },
{ "type": "Feature", "properties": { "technicien": "Roman NOIREZ", "secteur": 33 }, "geometry": { "type": "Point", "coordinates": [ 5.790268, 45.2089378 ] } },
{ "type": "Feature", "properties": { "technicien": "Roman NOIREZ", "secteur": 33 }, "geometry": { "type": "Point", "coordinates": [ 5.790268, 45.2089378 ] } },
{ "type": "Feature", "properties": { "technicien": "Roman NOIREZ", "secteur": 33 }, "geometry": { "type": "Point", "coordinates": [ 5.790268, 45.2089378 ] } },
{ "type": "Feature", "properties": { "technicien": "Roman NOIREZ", "secteur": 33 }, "geometry": { "type": "Point", "coordinates": [ 5.790268, 45.2089378 ] } },
{ "type": "Feature", "properties": { "technicien": "Roman NOIREZ", "secteur": 33 }, "geometry": { "type": "Point", "coordinates": [ 5.790268, 45.2089378 ] } },
{ "type": "Feature", "properties": { "technicien": "Roman NOIREZ", "secteur": 33 }, "geometry": { "type": "Point", "coordinates": [ 5.790268, 45.2089378 ] } },
{ "type": "Feature", "properties": { "technicien": "Roman NOIREZ", "secteur": 33 }, "geometry": { "type": "Point", "coordinates": [ 5.790268, 45.2089378 ] } },
{ "type": "Feature", "properties": { "technicien": "Roman NOIREZ", "secteur": 33 }, "geometry": { "type": "Point", "coordinates": [ 5.790268, 45.2089378 ] } },
{ "type": "Feature", "properties": { "technicien": "Roman NOIREZ", "secteur": 33 }, "geometry": { "type": "Point", "coordinates": [ 5.790268, 45.2089378 ] } },
{ "type": "Feature", "properties": { "technicien": "Roman NOIREZ", "secteur": 33 }, "geometry": { "type": "Point", "coordinates": [ 5.790268, 45.2089378 ] } },
{ "type": "Feature", "properties": { "technicien": "Heithem ABID", "secteur": 12 }, "geometry": { "type": "Point", "coordinates": [ 6.1133527, 46.2631145 ] } },
{ "type": "Feature", "properties": { "technicien": "Heithem ABID", "secteur": 12 }, "geometry": { "type": "Point", "coordinates": [ 6.1133527, 46.2631145 ] } },
{ "type": "Feature", "properties": { "technicien": "Heithem ABID", "secteur": 12 }, "geometry": { "type": "Point", "coordinates": [ 6.1139365, 46.2630035 ] } },
{ "type": "Feature", "properties": { "technicien": "Heithem ABID", "secteur": 12 }, "geometry": { "type": "Point", "coordinates": [ 6.1139365, 46.2630035 ] } },
{ "type": "Feature", "properties": { "technicien": "Heithem ABID", "secteur": 12 }, "geometry": { "type": "Point", "coordinates": [ 6.1139589, 46.2634945 ] } },
{ "type": "Feature", "properties": { "technicien": "Heithem ABID", "secteur": 12 }, "geometry": { "type": "Point", "coordinates": [ 6.1139589, 46.2634945 ] } },
{ "type": "Feature", "properties": { "technicien": "Heithem ABID", "secteur": 12 }, "geometry": { "type": "Point", "coordinates": [ 6.1146539, 46.2634335 ] } },
{ "type": "Feature", "properties": { "technicien": "Heithem ABID", "secteur": 12 }, "geometry": { "type": "Point", "coordinates": [ 6.1146539, 46.2634335 ] } },
{ "type": "Feature", "properties": { "technicien": "Heithem ABID", "secteur": 12 }, "geometry": { "type": "Point", "coordinates": [ 6.1146192, 46.2638535 ] } },
{ "type": "Feature", "properties": { "technicien": "Heithem ABID", "secteur": 12 }, "geometry": { "type": "Point", "coordinates": [ 6.1146192, 46.2638535 ] } },
{ "type": "Feature", "properties": { "technicien": "Heithem ABID", "secteur": 12 }, "geometry": { "type": "Point", "coordinates": [ 6.1142489, 46.2642092 ] } },
{ "type": "Feature", "properties": { "technicien": "Heithem ABID", "secteur": 12 }, "geometry": { "type": "Point", "coordinates": [ 6.1106276, 46.2616058 ] } },
{ "type": "Feature", "properties": { "technicien": "Heithem ABID", "secteur": 12 }, "geometry": { "type": "Point", "coordinates": [ 6.1142489, 46.2642092 ] } },
{ "type": "Feature", "properties": { "technicien": "Roman NOIREZ", "secteur": 33 }, "geometry": { "type": "Point", "coordinates": [ 5.790268, 45.2089378 ] } },
{ "type": "Feature", "properties": { "technicien": "Roman NOIREZ", "secteur": 33 }, "geometry": { "type": "Point", "coordinates": [ 5.790268, 45.2089378 ] } },
{ "type": "Feature", "properties": { "technicien": "Jean-Paul SCARINGELLA", "secteur": 22 }, "geometry": { "type": "Point", "coordinates": [ 5.5896596, 45.3470386 ] } },
{ "type": "Feature", "properties": { "technicien": "Kalifa DIOMANDE", "secteur": 54 }, "geometry": { "type": "Point", "coordinates": [ 6.632798, 45.936283 ] } },
{ "type": "Feature", "properties": { "technicien": "Karim MOKNECHE", "secteur": 30 }, "geometry": { "type": "Point", "coordinates": [ 5.3173546, 45.1561446 ] } },
{ "type": "Feature", "properties": { "technicien": "Karim MOKNECHE", "secteur": 30 }, "geometry": { "type": "Point", "coordinates": [ 4.8593431, 44.9379593 ] } },
{ "type": "Feature", "properties": { "technicien": "Karim MOKNECHE", "secteur": 30 }, "geometry": { "type": "Point", "coordinates": [ 4.8593431, 44.9379593 ] } },
{ "type": "Feature", "properties": { "technicien": "Karim MOKNECHE", "secteur": 30 }, "geometry": { "type": "Point", "coordinates": [ 4.8593431, 44.9379593 ] } },
{ "type": "Feature", "properties": { "technicien": "Karim MOKNECHE", "secteur": 30 }, "geometry": { "type": "Point", "coordinates": [ 4.8593431, 44.9379593 ] } },
{ "type": "Feature", "properties": { "technicien": "Karim MOKNECHE", "secteur": 30 }, "geometry": { "type": "Point", "coordinates": [ 4.8593431, 44.9379593 ] } },
{ "type": "Feature", "properties": { "technicien": "Karim MOKNECHE", "secteur": 30 }, "geometry": { "type": "Point", "coordinates": [ 4.8593431, 44.9379593 ] } },
{ "type": "Feature", "properties": { "technicien": "Karim MOKNECHE", "secteur": 30 }, "geometry": { "type": "Point", "coordinates": [ 4.8593431, 44.9379593 ] } },
{ "type": "Feature", "properties": { "technicien": "Karim MOKNECHE", "secteur": 30 }, "geometry": { "type": "Point", "coordinates": [ 4.8593431, 44.9379593 ] } },
{ "type": "Feature", "properties": { "technicien": "Karim MOKNECHE", "secteur": 30 }, "geometry": { "type": "Point", "coordinates": [ 4.8593431, 44.9379593 ] } },
{ "type": "Feature", "properties": { "technicien": "Karim MOKNECHE", "secteur": 30 }, "geometry": { "type": "Point", "coordinates": [ 4.8593431, 44.9379593 ] } },
{ "type": "Feature", "properties": { "technicien": "Karim MOKNECHE", "secteur": 30 }, "geometry": { "type": "Point", "coordinates": [ 4.8593431, 44.9379593 ] } },
{ "type": "Feature", "properties": { "technicien": "Karim MOKNECHE", "secteur": 30 }, "geometry": { "type": "Point", "coordinates": [ 4.8593431, 44.9379593 ] } },
{ "type": "Feature", "properties": { "technicien": "Karim MOKNECHE", "secteur": 30 }, "geometry": { "type": "Point", "coordinates": [ 4.8593431, 44.9379593 ] } },
{ "type": "Feature", "properties": { "technicien": "Karim MOKNECHE", "secteur": 30 }, "geometry": { "type": "Point", "coordinates": [ 4.8593431, 44.9379593 ] } },
{ "type": "Feature", "properties": { "technicien": "Karim MOKNECHE", "secteur": 30 }, "geometry": { "type": "Point", "coordinates": [ 4.8593431, 44.9379593 ] } },
{ "type": "Feature", "properties": { "technicien": "Karim MOKNECHE", "secteur": 30 }, "geometry": { "type": "Point", "coordinates": [ 4.8593431, 44.9379593 ] } },
{ "type": "Feature", "properties": { "technicien": "Karim MOKNECHE", "secteur": 30 }, "geometry": { "type": "Point", "coordinates": [ 4.8593431, 44.9379593 ] } },
{ "type": "Feature", "properties": { "technicien": "Karim MOKNECHE", "secteur": 30 }, "geometry": { "type": "Point", "coordinates": [ 4.8593431, 44.9379593 ] } },
{ "type": "Feature", "properties": { "technicien": "Karim MOKNECHE", "secteur": 30 }, "geometry": { "type": "Point", "coordinates": [ 4.8593431, 44.9379593 ] } },
{ "type": "Feature", "properties": { "technicien": "Karim MOKNECHE", "secteur": 30 }, "geometry": { "type": "Point", "coordinates": [ 4.8593431, 44.9379593 ] } },
{ "type": "Feature", "properties": { "technicien": "Karim MOKNECHE", "secteur": 30 }, "geometry": { "type": "Point", "coordinates": [ 4.8593431, 44.9379593 ] } },
{ "type": "Feature", "properties": { "technicien": "Karim MOKNECHE", "secteur": 30 }, "geometry": { "type": "Point", "coordinates": [ 4.8593431, 44.9379593 ] } },
{ "type": "Feature", "properties": { "technicien": "Karim MOKNECHE", "secteur": 30 }, "geometry": { "type": "Point", "coordinates": [ 4.8593431, 44.9379593 ] } },
{ "type": "Feature", "properties": { "technicien": "Karim MOKNECHE", "secteur": 30 }, "geometry": { "type": "Point", "coordinates": [ 4.8593431, 44.9379593 ] } },
{ "type": "Feature", "properties": { "technicien": "Karim MOKNECHE", "secteur": 30 }, "geometry": { "type": "Point", "coordinates": [ 4.8593431, 44.9379593 ] } },
{ "type": "Feature", "properties": { "technicien": "Karim MOKNECHE", "secteur": 30 }, "geometry": { "type": "Point", "coordinates": [ 4.8593431, 44.9379593 ] } },
{ "type": "Feature", "properties": { "technicien": "Karim MOKNECHE", "secteur": 30 }, "geometry": { "type": "Point", "coordinates": [ 4.8593431, 44.9379593 ] } },
{ "type": "Feature", "properties": { "technicien": "Karim MOKNECHE", "secteur": 30 }, "geometry": { "type": "Point", "coordinates": [ 4.8593431, 44.9379593 ] } },
{ "type": "Feature", "properties": { "technicien": "Karim MOKNECHE", "secteur": 30 }, "geometry": { "type": "Point", "coordinates": [ 4.8593431, 44.9379593 ] } },
{ "type": "Feature", "properties": { "technicien": "Karim MOKNECHE", "secteur": 30 }, "geometry": { "type": "Point", "coordinates": [ 4.8593431, 44.9379593 ] } },
{ "type": "Feature", "properties": { "technicien": "Heithem ABID", "secteur": 12 }, "geometry": { "type": "Point", "coordinates": [ 6.1394946, 46.3501501 ] } },
{ "type": "Feature", "properties": { "technicien": "Kalifa DIOMANDE", "secteur": 54 }, "geometry": { "type": "Point", "coordinates": [ 6.1241912, 45.9317453 ] } },
{ "type": "Feature", "properties": { "technicien": "Houssam BOUAZIZ", "secteur": 29 }, "geometry": { "type": "Point", "coordinates": [ 6.644658, 45.421508 ] } },
{ "type": "Feature", "properties": { "technicien": "Houssam BOUAZIZ", "secteur": 29 }, "geometry": { "type": "Point", "coordinates": [ 6.640424, 45.932743 ] } },
{ "type": "Feature", "properties": { "technicien": "Martin DO NASCIMENTO", "secteur": 52 }, "geometry": { "type": "Point", "coordinates": [ 5.7287278, 45.1133245 ] } },
{ "type": "Feature", "properties": { "technicien": "Jean-Paul SCARINGELLA", "secteur": 22 }, "geometry": { "type": "Point", "coordinates": [ 5.56961, 45.351195 ] } },
{ "type": "Feature", "properties": { "technicien": "Jean-Paul SCARINGELLA", "secteur": 22 }, "geometry": { "type": "Point", "coordinates": [ 5.56961, 45.351195 ] } },
{ "type": "Feature", "properties": { "technicien": "Julien TETU", "secteur": 74 }, "geometry": { "type": "Point", "coordinates": [ 6.062644, 45.5039961 ] } },
{ "type": "Feature", "properties": { "technicien": "Julien TETU", "secteur": 74 }, "geometry": { "type": "Point", "coordinates": [ 6.062644, 45.5039961 ] } },
{ "type": "Feature", "properties": { "technicien": "Karim MOKNECHE", "secteur": 30 }, "geometry": { "type": "Point", "coordinates": [ 4.8391113, 45.0517985 ] } },
{ "type": "Feature", "properties": { "technicien": "Karim MOKNECHE", "secteur": 30 }, "geometry": { "type": "Point", "coordinates": [ 4.8391113, 45.0517985 ] } },
{ "type": "Feature", "properties": { "technicien": "Kalifa DIOMANDE", "secteur": 54 }, "geometry": { "type": "Point", "coordinates": [ 6.6876339, 45.864073 ] } },
{ "type": "Feature", "properties": { "technicien": "Karim MOKNECHE", "secteur": 30 }, "geometry": { "type": "Point", "coordinates": [ 5.0492122, 45.0369412 ] } },
{ "type": "Feature", "properties": { "technicien": "Karim MOKNECHE", "secteur": 30 }, "geometry": { "type": "Point", "coordinates": [ 5.0492122, 45.0369412 ] } },
{ "type": "Feature", "properties": { "technicien": "Roman NOIREZ", "secteur": 33 }, "geometry": { "type": "Point", "coordinates": [ 5.84151, 45.250802 ] } },
{ "type": "Feature", "properties": { "technicien": "Karim MOKNECHE", "secteur": 30 }, "geometry": { "type": "Point", "coordinates": [ 4.9769716, 44.989862 ] } },
{ "type": "Feature", "properties": { "technicien": "Karim MOKNECHE", "secteur": 30 }, "geometry": { "type": "Point", "coordinates": [ 4.9769716, 44.989862 ] } },
{ "type": "Feature", "properties": { "technicien": "Kalifa DIOMANDE", "secteur": 54 }, "geometry": { "type": "Point", "coordinates": [ 6.4271748, 45.9416111 ] } },
{ "type": "Feature", "properties": { "technicien": "Kalifa DIOMANDE", "secteur": 54 }, "geometry": { "type": "Point", "coordinates": [ 6.4271748, 45.9416111 ] } },
{ "type": "Feature", "properties": { "technicien": "Kalifa DIOMANDE", "secteur": 54 }, "geometry": { "type": "Point", "coordinates": [ 6.0393708, 45.9613363 ] } },
{ "type": "Feature", "properties": { "technicien": "Kalifa DIOMANDE", "secteur": 54 }, "geometry": { "type": "Point", "coordinates": [ 6.0390774, 45.9603604 ] } },
{ "type": "Feature", "properties": { "technicien": "Karim MOKNECHE", "secteur": 30 }, "geometry": { "type": "Point", "coordinates": [ 4.8855282, 44.9177224 ] } },
{ "type": "Feature", "properties": { "technicien": "Roman NOIREZ", "secteur": 33 }, "geometry": { "type": "Point", "coordinates": [ 5.790268, 45.2089378 ] } },
{ "type": "Feature", "properties": { "technicien": "Roman NOIREZ", "secteur": 33 }, "geometry": { "type": "Point", "coordinates": [ 5.790268, 45.2089378 ] } },
{ "type": "Feature", "properties": { "technicien": "Roman NOIREZ", "secteur": 33 }, "geometry": { "type": "Point", "coordinates": [ 5.790268, 45.2089378 ] } },
{ "type": "Feature", "properties": { "technicien": "Roman NOIREZ", "secteur": 33 }, "geometry": { "type": "Point", "coordinates": [ 5.790268, 45.2089378 ] } },
{ "type": "Feature", "properties": { "technicien": "Roman NOIREZ", "secteur": 33 }, "geometry": { "type": "Point", "coordinates": [ 5.790268, 45.2089378 ] } },
{ "type": "Feature", "properties": { "technicien": "Martin DO NASCIMENTO", "secteur": 52 }, "geometry": { "type": "Point", "coordinates": [ 5.6708869, 45.1566382 ] } },
{ "type": "Feature", "properties": { "technicien": "Martin DO NASCIMENTO", "secteur": 52 }, "geometry": { "type": "Point", "coordinates": [ 5.5584497, 45.0704759 ] } },
{ "type": "Feature", "properties": { "technicien": "Martin DO NASCIMENTO", "secteur": 52 }, "geometry": { "type": "Point", "coordinates": [ 5.8512507, 45.101096 ] } },
{ "type": "Feature", "properties": { "technicien": "Karim MOKNECHE", "secteur": 30 }, "geometry": { "type": "Point", "coordinates": [ 4.8931801, 44.930217 ] } },
{ "type": "Feature", "properties": { "technicien": "Kalifa DIOMANDE", "secteur": 54 }, "geometry": { "type": "Point", "coordinates": [ 6.6330083, 45.9476513 ] } },
{ "type": "Feature", "properties": { "technicien": "Roman NOIREZ", "secteur": 33 }, "geometry": { "type": "Point", "coordinates": [ 5.9608685, 45.3089219 ] } },
{ "type": "Feature", "properties": { "technicien": "Roman NOIREZ", "secteur": 33 }, "geometry": { "type": "Point", "coordinates": [ 5.6698742, 45.2280323 ] } },
{ "type": "Feature", "properties": { "technicien": "Julien TETU", "secteur": 74 }, "geometry": { "type": "Point", "coordinates": [ 5.794203, 45.557336 ] } },
{ "type": "Feature", "properties": { "technicien": "Kalifa DIOMANDE", "secteur": 54 }, "geometry": { "type": "Point", "coordinates": [ 6.1661399, 45.9227952 ] } },
{ "type": "Feature", "properties": { "technicien": "Roman NOIREZ", "secteur": 33 }, "geometry": { "type": "Point", "coordinates": [ 5.6933684, 45.1987329 ] } },
{ "type": "Feature", "properties": { "technicien": "Roman NOIREZ", "secteur": 33 }, "geometry": { "type": "Point", "coordinates": [ 5.6933684, 45.1987329 ] } },
{ "type": "Feature", "properties": { "technicien": "Roman NOIREZ", "secteur": 33 }, "geometry": { "type": "Point", "coordinates": [ 5.6928366, 45.2002071 ] } },
{ "type": "Feature", "properties": { "technicien": "Heithem ABID", "secteur": 12 }, "geometry": { "type": "Point", "coordinates": [ 6.6328234, 45.8603443 ] } },
{ "type": "Feature", "properties": { "technicien": "Roman NOIREZ", "secteur": 33 }, "geometry": { "type": "Point", "coordinates": [ 5.7456633, 45.1587614 ] } },
{ "type": "Feature", "properties": { "technicien": "Kalifa DIOMANDE", "secteur": 54 }, "geometry": { "type": "Point", "coordinates": [ 5.889467, 45.719372 ] } },
{ "type": "Feature", "properties": { "technicien": "Kalifa DIOMANDE", "secteur": 54 }, "geometry": { "type": "Point", "coordinates": [ 5.889467, 45.719372 ] } },
{ "type": "Feature", "properties": { "technicien": "Roman NOIREZ", "secteur": 33 }, "geometry": { "type": "Point", "coordinates": [ 5.7253266, 45.1794407 ] } },
{ "type": "Feature", "properties": { "technicien": "Kalifa DIOMANDE", "secteur": 54 }, "geometry": { "type": "Point", "coordinates": [ 6.3702817, 46.264918 ] } },
{ "type": "Feature", "properties": { "technicien": "Kalifa DIOMANDE", "secteur": 54 }, "geometry": { "type": "Point", "coordinates": [ 6.3702817, 46.264918 ] } },
{ "type": "Feature", "properties": { "technicien": "Kalifa DIOMANDE", "secteur": 54 }, "geometry": { "type": "Point", "coordinates": [ 6.3702817, 46.264918 ] } },
{ "type": "Feature", "properties": { "technicien": "Kalifa DIOMANDE", "secteur": 54 }, "geometry": { "type": "Point", "coordinates": [ 6.3702817, 46.264918 ] } },
{ "type": "Feature", "properties": { "technicien": "Kalifa DIOMANDE", "secteur": 54 }, "geometry": { "type": "Point", "coordinates": [ 6.3702817, 46.264918 ] } },
{ "type": "Feature", "properties": { "technicien": "Kalifa DIOMANDE", "secteur": 54 }, "geometry": { "type": "Point", "coordinates": [ 6.3702817, 46.264918 ] } },
{ "type": "Feature", "properties": { "technicien": "Kalifa DIOMANDE", "secteur": 54 }, "geometry": { "type": "Point", "coordinates": [ 6.3702817, 46.264918 ] } },
{ "type": "Feature", "properties": { "technicien": "Kalifa DIOMANDE", "secteur": 54 }, "geometry": { "type": "Point", "coordinates": [ 6.3702817, 46.264918 ] } },
{ "type": "Feature", "properties": { "technicien": "Kalifa DIOMANDE", "secteur": 54 }, "geometry": { "type": "Point", "coordinates": [ 6.3702817, 46.264918 ] } },
{ "type": "Feature", "properties": { "technicien": "Kalifa DIOMANDE", "secteur": 54 }, "geometry": { "type": "Point", "coordinates": [ 6.3702817, 46.264918 ] } },
{ "type": "Feature", "properties": { "technicien": "Kalifa DIOMANDE", "secteur": 54 }, "geometry": { "type": "Point", "coordinates": [ 6.3702817, 46.264918 ] } },
{ "type": "Feature", "properties": { "technicien": "Kalifa DIOMANDE", "secteur": 54 }, "geometry": { "type": "Point", "coordinates": [ 6.3702817, 46.264918 ] } },
{ "type": "Feature", "properties": { "technicien": "Kalifa DIOMANDE", "secteur": 54 }, "geometry": { "type": "Point", "coordinates": [ 6.3702817, 46.264918 ] } },
{ "type": "Feature", "properties": { "technicien": "Kalifa DIOMANDE", "secteur": 54 }, "geometry": { "type": "Point", "coordinates": [ 6.3702817, 46.264918 ] } },
{ "type": "Feature", "properties": { "technicien": "Kalifa DIOMANDE", "secteur": 54 }, "geometry": { "type": "Point", "coordinates": [ 6.3702817, 46.264918 ] } },
{ "type": "Feature", "properties": { "technicien": "Julien TETU", "secteur": 74 }, "geometry": { "type": "Point", "coordinates": [ 5.884366, 45.583566 ] } },
{ "type": "Feature", "properties": { "technicien": "Kalifa DIOMANDE", "secteur": 54 }, "geometry": { "type": "Point", "coordinates": [ 6.3702817, 46.264918 ] } },
{ "type": "Feature", "properties": { "technicien": "Kalifa DIOMANDE", "secteur": 54 }, "geometry": { "type": "Point", "coordinates": [ 6.3702817, 46.264918 ] } },
{ "type": "Feature", "properties": { "technicien": "Karim MOKNECHE", "secteur": 30 }, "geometry": { "type": "Point", "coordinates": [ 4.4110665, 44.6185875 ] } },
{ "type": "Feature", "properties": { "technicien": "Karim MOKNECHE", "secteur": 30 }, "geometry": { "type": "Point", "coordinates": [ 5.0063113, 44.7374452 ] } },
{ "type": "Feature", "properties": { "technicien": "Karim MOKNECHE", "secteur": 30 }, "geometry": { "type": "Point", "coordinates": [ 4.9213827, 44.9256962 ] } },
{ "type": "Feature", "properties": { "technicien": "Karim MOKNECHE", "secteur": 30 }, "geometry": { "type": "Point", "coordinates": [ 5.0817341, 45.0478148 ] } },
{ "type": "Feature", "properties": { "technicien": "Karim MOKNECHE", "secteur": 30 }, "geometry": { "type": "Point", "coordinates": [ 4.7538596, 44.5680524 ] } },
{ "type": "Feature", "properties": { "technicien": "Karim MOKNECHE", "secteur": 30 }, "geometry": { "type": "Point", "coordinates": [ 4.4110665, 44.6185875 ] } },
{ "type": "Feature", "properties": { "technicien": "Karim MOKNECHE", "secteur": 30 }, "geometry": { "type": "Point", "coordinates": [ 4.6738873, 45.243135 ] } },
{ "type": "Feature", "properties": { "technicien": "Karim MOKNECHE", "secteur": 30 }, "geometry": { "type": "Point", "coordinates": [ 4.9213827, 44.9256962 ] } },
{ "type": "Feature", "properties": { "technicien": "Karim MOKNECHE", "secteur": 30 }, "geometry": { "type": "Point", "coordinates": [ 4.7059111, 44.3704142 ] } },
{ "type": "Feature", "properties": { "technicien": "Karim MOKNECHE", "secteur": 30 }, "geometry": { "type": "Point", "coordinates": [ 4.7538596, 44.5680524 ] } },
{ "type": "Feature", "properties": { "technicien": "Karim MOKNECHE", "secteur": 30 }, "geometry": { "type": "Point", "coordinates": [ 5.0063959, 44.7373922 ] } },
{ "type": "Feature", "properties": { "technicien": "Karim MOKNECHE", "secteur": 30 }, "geometry": { "type": "Point", "coordinates": [ 4.6738873, 45.243135 ] } },
{ "type": "Feature", "properties": { "technicien": "Karim MOKNECHE", "secteur": 30 }, "geometry": { "type": "Point", "coordinates": [ 4.6738873, 45.243135 ] } },
{ "type": "Feature", "properties": { "technicien": "Karim MOKNECHE", "secteur": 30 }, "geometry": { "type": "Point", "coordinates": [ 4.4110665, 44.6185875 ] } },
{ "type": "Feature", "properties": { "technicien": "Karim MOKNECHE", "secteur": 30 }, "geometry": { "type": "Point", "coordinates": [ 4.4110665, 44.6185875 ] } },
{ "type": "Feature", "properties": { "technicien": "Karim MOKNECHE", "secteur": 30 }, "geometry": { "type": "Point", "coordinates": [ 4.4110665, 44.6185875 ] } },
{ "type": "Feature", "properties": { "technicien": "Karim MOKNECHE", "secteur": 30 }, "geometry": { "type": "Point", "coordinates": [ 4.4110665, 44.6185875 ] } },
{ "type": "Feature", "properties": { "technicien": "Karim MOKNECHE", "secteur": 30 }, "geometry": { "type": "Point", "coordinates": [ 5.0063959, 44.7373922 ] } },
{ "type": "Feature", "properties": { "technicien": "Karim MOKNECHE", "secteur": 30 }, "geometry": { "type": "Point", "coordinates": [ 4.9213827, 44.9256962 ] } },
{ "type": "Feature", "properties": { "technicien": "Karim MOKNECHE", "secteur": 30 }, "geometry": { "type": "Point", "coordinates": [ 4.9213827, 44.9256962 ] } },
{ "type": "Feature", "properties": { "technicien": "Karim MOKNECHE", "secteur": 30 }, "geometry": { "type": "Point", "coordinates": [ 4.9213827, 44.9256962 ] } },
{ "type": "Feature", "properties": { "technicien": "Karim MOKNECHE", "secteur": 30 }, "geometry": { "type": "Point", "coordinates": [ 4.9213827, 44.9256962 ] } },
{ "type": "Feature", "properties": { "technicien": "Karim MOKNECHE", "secteur": 30 }, "geometry": { "type": "Point", "coordinates": [ 4.9213827, 44.9256962 ] } },
{ "type": "Feature", "properties": { "technicien": "Karim MOKNECHE", "secteur": 30 }, "geometry": { "type": "Point", "coordinates": [ 4.9213827, 44.9256962 ] } },
{ "type": "Feature", "properties": { "technicien": "Karim MOKNECHE", "secteur": 30 }, "geometry": { "type": "Point", "coordinates": [ 4.9213827, 44.9256962 ] } },
{ "type": "Feature", "properties": { "technicien": "Karim MOKNECHE", "secteur": 30 }, "geometry": { "type": "Point", "coordinates": [ 4.9213827, 44.9256962 ] } },
{ "type": "Feature", "properties": { "technicien": "Karim MOKNECHE", "secteur": 30 }, "geometry": { "type": "Point", "coordinates": [ 5.0817341, 45.0478148 ] } },
{ "type": "Feature", "properties": { "technicien": "Karim MOKNECHE", "secteur": 30 }, "geometry": { "type": "Point", "coordinates": [ 5.0817341, 45.0478148 ] } },
{ "type": "Feature", "properties": { "technicien": "Karim MOKNECHE", "secteur": 30 }, "geometry": { "type": "Point", "coordinates": [ 5.0817341, 45.0478148 ] } },
{ "type": "Feature", "properties": { "technicien": "Karim MOKNECHE", "secteur": 30 }, "geometry": { "type": "Point", "coordinates": [ 4.7538596, 44.5680524 ] } },
{ "type": "Feature", "properties": { "technicien": "Karim MOKNECHE", "secteur": 30 }, "geometry": { "type": "Point", "coordinates": [ 4.7538596, 44.5680524 ] } },
{ "type": "Feature", "properties": { "technicien": "Karim MOKNECHE", "secteur": 30 }, "geometry": { "type": "Point", "coordinates": [ 4.7538596, 44.5680524 ] } },
{ "type": "Feature", "properties": { "technicien": "Karim MOKNECHE", "secteur": 30 }, "geometry": { "type": "Point", "coordinates": [ 4.7538596, 44.5680524 ] } },
{ "type": "Feature", "properties": { "technicien": "Karim MOKNECHE", "secteur": 30 }, "geometry": { "type": "Point", "coordinates": [ 5.0063959, 44.7373922 ] } },
{ "type": "Feature", "properties": { "technicien": "Karim MOKNECHE", "secteur": 30 }, "geometry": { "type": "Point", "coordinates": [ 5.0063959, 44.7373922 ] } },
{ "type": "Feature", "properties": { "technicien": "Karim MOKNECHE", "secteur": 30 }, "geometry": { "type": "Point", "coordinates": [ 5.0063959, 44.7373922 ] } },
{ "type": "Feature", "properties": { "technicien": "Karim MOKNECHE", "secteur": 30 }, "geometry": { "type": "Point", "coordinates": [ 4.9213827, 44.9256962 ] } },
{ "type": "Feature", "properties": { "technicien": "Karim MOKNECHE", "secteur": 30 }, "geometry": { "type": "Point", "coordinates": [ 5.0817341, 45.0478148 ] } },
{ "type": "Feature", "properties": { "technicien": "Heithem ABID", "secteur": 12 }, "geometry": { "type": "Point", "coordinates": [ 6.0111339, 46.2374487 ] } },
{ "type": "Feature", "properties": { "technicien": "Roman NOIREZ", "secteur": 33 }, "geometry": { "type": "Point", "coordinates": [ 5.7200397, 45.1490073 ] } },
{ "type": "Feature", "properties": { "technicien": "Jean-Paul SCARINGELLA", "secteur": 22 }, "geometry": { "type": "Point", "coordinates": [ 5.5945772, 45.3626805 ] } },
{ "type": "Feature", "properties": { "technicien": "Houssam BOUAZIZ", "secteur": 29 }, "geometry": { "type": "Point", "coordinates": [ 6.355729, 45.273138 ] } },
{ "type": "Feature", "properties": { "technicien": "Houssam BOUAZIZ", "secteur": 29 }, "geometry": { "type": "Point", "coordinates": [ 6.533863, 45.486112 ] } },
{ "type": "Feature", "properties": { "technicien": "Julien TETU", "secteur": 74 }, "geometry": { "type": "Point", "coordinates": [ 6.0471494, 45.5016845 ] } },
{ "type": "Feature", "properties": { "technicien": "Julien TETU", "secteur": 74 }, "geometry": { "type": "Point", "coordinates": [ 5.9093925, 45.5784205 ] } },
{ "type": "Feature", "properties": { "technicien": "Kalifa DIOMANDE", "secteur": 54 }, "geometry": { "type": "Point", "coordinates": [ 6.390235, 45.667102 ] } },
{ "type": "Feature", "properties": { "technicien": "Kalifa DIOMANDE", "secteur": 54 }, "geometry": { "type": "Point", "coordinates": [ 5.909281, 45.6908097 ] } },
{ "type": "Feature", "properties": { "technicien": "Kalifa DIOMANDE", "secteur": 54 }, "geometry": { "type": "Point", "coordinates": [ 6.2429065, 46.1891167 ] } },
{ "type": "Feature", "properties": { "technicien": "Kalifa DIOMANDE", "secteur": 54 }, "geometry": { "type": "Point", "coordinates": [ 6.482171, 46.3696344 ] } },
{ "type": "Feature", "properties": { "technicien": "Kalifa DIOMANDE", "secteur": 54 }, "geometry": { "type": "Point", "coordinates": [ 6.1020614, 45.8870196 ] } },
{ "type": "Feature", "properties": { "technicien": "Kalifa DIOMANDE", "secteur": 54 }, "geometry": { "type": "Point", "coordinates": [ 6.8680384, 45.918712 ] } },
{ "type": "Feature", "properties": { "technicien": "Roman NOIREZ", "secteur": 33 }, "geometry": { "type": "Point", "coordinates": [ 5.7543064, 45.1851 ] } },
{ "type": "Feature", "properties": { "technicien": "Roman NOIREZ", "secteur": 33 }, "geometry": { "type": "Point", "coordinates": [ 6.0156664, 45.4326718 ] } },
{ "type": "Feature", "properties": { "technicien": "Roman NOIREZ", "secteur": 33 }, "geometry": { "type": "Point", "coordinates": [ 5.7119986, 45.191683 ] } },
{ "type": "Feature", "properties": { "technicien": "Roman NOIREZ", "secteur": 33 }, "geometry": { "type": "Point", "coordinates": [ 5.6972415, 45.122253 ] } },
{ "type": "Feature", "properties": { "technicien": "Heithem ABID", "secteur": 12 }, "geometry": { "type": "Point", "coordinates": [ 6.0111339, 46.2374487 ] } },
{ "type": "Feature", "properties": { "technicien": "Heithem ABID", "secteur": 12 }, "geometry": { "type": "Point", "coordinates": [ 6.0111339, 46.2374487 ] } },
{ "type": "Feature", "properties": { "technicien": "Jean-Paul SCARINGELLA", "secteur": 22 }, "geometry": { "type": "Point", "coordinates": [ 5.5945772, 45.3626805 ] } },
{ "type": "Feature", "properties": { "technicien": "Jean-Paul SCARINGELLA", "secteur": 22 }, "geometry": { "type": "Point", "coordinates": [ 5.5945772, 45.3626805 ] } },
{ "type": "Feature", "properties": { "technicien": "Jean-Paul SCARINGELLA", "secteur": 22 }, "geometry": { "type": "Point", "coordinates": [ 5.5945772, 45.3626805 ] } },
{ "type": "Feature", "properties": { "technicien": "Jean-Paul SCARINGELLA", "secteur": 22 }, "geometry": { "type": "Point", "coordinates": [ 5.5945772, 45.3626805 ] } },
{ "type": "Feature", "properties": { "technicien": "Léna GRAND CLEMENT", "secteur": 68 }, "geometry": { "type": "Point", "coordinates": [ 5.6959067, 45.1912281 ] } },
{ "type": "Feature", "properties": { "technicien": "Martin DO NASCIMENTO", "secteur": 52 }, "geometry": { "type": "Point", "coordinates": [ 5.6972415, 45.122253 ] } },
{ "type": "Feature", "properties": { "technicien": "Houssam BOUAZIZ", "secteur": 29 }, "geometry": { "type": "Point", "coordinates": [ 6.533863, 45.486112 ] } },
{ "type": "Feature", "properties": { "technicien": "Houssam BOUAZIZ", "secteur": 29 }, "geometry": { "type": "Point", "coordinates": [ 6.355729, 45.273138 ] } },
{ "type": "Feature", "properties": { "technicien": "Julien TETU", "secteur": 74 }, "geometry": { "type": "Point", "coordinates": [ 6.0471494, 45.5016845 ] } },
{ "type": "Feature", "properties": { "technicien": "Kalifa DIOMANDE", "secteur": 54 }, "geometry": { "type": "Point", "coordinates": [ 6.482171, 46.3696344 ] } },
{ "type": "Feature", "properties": { "technicien": "Kalifa DIOMANDE", "secteur": 54 }, "geometry": { "type": "Point", "coordinates": [ 6.1020614, 45.8870196 ] } },
{ "type": "Feature", "properties": { "technicien": "Kalifa DIOMANDE", "secteur": 54 }, "geometry": { "type": "Point", "coordinates": [ 6.0911136, 45.9218445 ] } },
{ "type": "Feature", "properties": { "technicien": "Kalifa DIOMANDE", "secteur": 54 }, "geometry": { "type": "Point", "coordinates": [ 6.2429065, 46.1891167 ] } },
{ "type": "Feature", "properties": { "technicien": "Kalifa DIOMANDE", "secteur": 54 }, "geometry": { "type": "Point", "coordinates": [ 6.2429065, 46.1891167 ] } },
{ "type": "Feature", "properties": { "technicien": "Karim MOKNECHE", "secteur": 30 }, "geometry": { "type": "Point", "coordinates": [ 4.9213827, 44.9256962 ] } },
{ "type": "Feature", "properties": { "technicien": "Kalifa DIOMANDE", "secteur": 54 }, "geometry": { "type": "Point", "coordinates": [ 6.0911136, 45.9218445 ] } },
{ "type": "Feature", "properties": { "technicien": "Kalifa DIOMANDE", "secteur": 54 }, "geometry": { "type": "Point", "coordinates": [ 6.1231508, 45.9236623 ] } },
{ "type": "Feature", "properties": { "technicien": "Kalifa DIOMANDE", "secteur": 54 }, "geometry": { "type": "Point", "coordinates": [ 6.1231508, 45.9236623 ] } },
{ "type": "Feature", "properties": { "technicien": "Kalifa DIOMANDE", "secteur": 54 }, "geometry": { "type": "Point", "coordinates": [ 6.1231508, 45.9236623 ] } },
{ "type": "Feature", "properties": { "technicien": "Kalifa DIOMANDE", "secteur": 54 }, "geometry": { "type": "Point", "coordinates": [ 6.1184689, 45.8947222 ] } },
{ "type": "Feature", "properties": { "technicien": "Xavier VICTORION", "secteur": 28 }, "geometry": { "type": "Point", "coordinates": [ 5.7302085, 45.1824167 ] } },
{ "type": "Feature", "properties": { "technicien": "Jean-Paul SCARINGELLA", "secteur": 22 }, "geometry": { "type": "Point", "coordinates": [ 5.7133503, 45.1877072 ] } },
{ "type": "Feature", "properties": { "technicien": "Kalifa DIOMANDE", "secteur": 54 }, "geometry": { "type": "Point", "coordinates": [ 6.1496188, 45.8277143 ] } },
{ "type": "Feature", "properties": { "technicien": "Kalifa DIOMANDE", "secteur": 54 }, "geometry": { "type": "Point", "coordinates": [ 6.1496188, 45.8277143 ] } },
{ "type": "Feature", "properties": { "technicien": "Heithem ABID", "secteur": 12 }, "geometry": { "type": "Point", "coordinates": [ 6.132063, 46.1408598 ] } },
{ "type": "Feature", "properties": { "technicien": "Heithem ABID", "secteur": 12 }, "geometry": { "type": "Point", "coordinates": [ 6.132063, 46.1408598 ] } },
{ "type": "Feature", "properties": { "technicien": "Kalifa DIOMANDE", "secteur": 54 }, "geometry": { "type": "Point", "coordinates": [ 5.909281, 45.6908097 ] } },
{ "type": "Feature", "properties": { "technicien": "Kalifa DIOMANDE", "secteur": 54 }, "geometry": { "type": "Point", "coordinates": [ 5.909281, 45.6908097 ] } },
{ "type": "Feature", "properties": { "technicien": "Kalifa DIOMANDE", "secteur": 54 }, "geometry": { "type": "Point", "coordinates": [ 6.390235, 45.667102 ] } },
{ "type": "Feature", "properties": { "technicien": "Kalifa DIOMANDE", "secteur": 54 }, "geometry": { "type": "Point", "coordinates": [ 6.2429065, 46.1891167 ] } },
{ "type": "Feature", "properties": { "technicien": "Kalifa DIOMANDE", "secteur": 54 }, "geometry": { "type": "Point", "coordinates": [ 6.2429065, 46.1891167 ] } },
{ "type": "Feature", "properties": { "technicien": "Julien TETU", "secteur": 74 }, "geometry": { "type": "Point", "coordinates": [ 5.9093925, 45.5784205 ] } },
{ "type": "Feature", "properties": { "technicien": "Julien TETU", "secteur": 74 }, "geometry": { "type": "Point", "coordinates": [ 5.9093925, 45.5784205 ] } },
{ "type": "Feature", "properties": { "technicien": "Kalifa DIOMANDE", "secteur": 54 }, "geometry": { "type": "Point", "coordinates": [ 6.8680384, 45.918712 ] } },
{ "type": "Feature", "properties": { "technicien": "Roman NOIREZ", "secteur": 33 }, "geometry": { "type": "Point", "coordinates": [ 5.6959067, 45.1912281 ] } },
{ "type": "Feature", "properties": { "technicien": "Roman NOIREZ", "secteur": 33 }, "geometry": { "type": "Point", "coordinates": [ 5.7119986, 45.191683 ] } },
{ "type": "Feature", "properties": { "technicien": "Roman NOIREZ", "secteur": 33 }, "geometry": { "type": "Point", "coordinates": [ 5.7119986, 45.191683 ] } },
{ "type": "Feature", "properties": { "technicien": "Roman NOIREZ", "secteur": 33 }, "geometry": { "type": "Point", "coordinates": [ 5.7119986, 45.191683 ] } },
{ "type": "Feature", "properties": { "technicien": "Roman NOIREZ", "secteur": 33 }, "geometry": { "type": "Point", "coordinates": [ 5.7119986, 45.191683 ] } },
{ "type": "Feature", "properties": { "technicien": "Roman NOIREZ", "secteur": 33 }, "geometry": { "type": "Point", "coordinates": [ 5.7119986, 45.191683 ] } },
{ "type": "Feature", "properties": { "technicien": "Roman NOIREZ", "secteur": 33 }, "geometry": { "type": "Point", "coordinates": [ 5.7119986, 45.191683 ] } },
{ "type": "Feature", "properties": { "technicien": "Kalifa DIOMANDE", "secteur": 54 }, "geometry": { "type": "Point", "coordinates": [ 5.8679185, 45.6426117 ] } },
{ "type": "Feature", "properties": { "technicien": "Kalifa DIOMANDE", "secteur": 54 }, "geometry": { "type": "Point", "coordinates": [ 6.0911136, 45.9218445 ] } },
{ "type": "Feature", "properties": { "technicien": "Jean-Paul SCARINGELLA", "secteur": 22 }, "geometry": { "type": "Point", "coordinates": [ 5.4904786, 45.3780964 ] } },
{ "type": "Feature", "properties": { "technicien": "Houssam BOUAZIZ", "secteur": 29 }, "geometry": { "type": "Point", "coordinates": [ 6.533863, 45.486112 ] } },
{ "type": "Feature", "properties": { "technicien": "Roman NOIREZ", "secteur": 33 }, "geometry": { "type": "Point", "coordinates": [ 5.6972415, 45.122253 ] } },
{ "type": "Feature", "properties": { "technicien": "Roman NOIREZ", "secteur": 33 }, "geometry": { "type": "Point", "coordinates": [ 6.0156664, 45.4326718 ] } },
{ "type": "Feature", "properties": { "technicien": "Roman NOIREZ", "secteur": 33 }, "geometry": { "type": "Point", "coordinates": [ 6.0156664, 45.4326718 ] } },
{ "type": "Feature", "properties": { "technicien": "Kalifa DIOMANDE", "secteur": 54 }, "geometry": { "type": "Point", "coordinates": [ 6.1020614, 45.8870196 ] } },
{ "type": "Feature", "properties": { "technicien": "Kalifa DIOMANDE", "secteur": 54 }, "geometry": { "type": "Point", "coordinates": [ 6.1020614, 45.8870196 ] } },
{ "type": "Feature", "properties": { "technicien": "Houssam BOUAZIZ", "secteur": 29 }, "geometry": { "type": "Point", "coordinates": [ 6.355729, 45.273138 ] } },
{ "type": "Feature", "properties": { "technicien": "Houssam BOUAZIZ", "secteur": 29 }, "geometry": { "type": "Point", "coordinates": [ 6.355729, 45.273138 ] } },
{ "type": "Feature", "properties": { "technicien": "Karim MOKNECHE", "secteur": 30 }, "geometry": { "type": "Point", "coordinates": [ 5.3142486, 45.1463903 ] } },
{ "type": "Feature", "properties": { "technicien": "Roman NOIREZ", "secteur": 33 }, "geometry": { "type": "Point", "coordinates": [ 5.7543064, 45.1851 ] } },
{ "type": "Feature", "properties": { "technicien": "Kalifa DIOMANDE", "secteur": 54 }, "geometry": { "type": "Point", "coordinates": [ 6.482171, 46.3696344 ] } },
{ "type": "Feature", "properties": { "technicien": "Kalifa DIOMANDE", "secteur": 54 }, "geometry": { "type": "Point", "coordinates": [ 6.482171, 46.3696344 ] } },
{ "type": "Feature", "properties": { "technicien": "Karim MOKNECHE", "secteur": 30 }, "geometry": { "type": "Point", "coordinates": [ 5.3142486, 45.1463903 ] } },
{ "type": "Feature", "properties": { "technicien": "Karim MOKNECHE", "secteur": 30 }, "geometry": { "type": "Point", "coordinates": [ 5.7935951, 47.9382687 ] } },
{ "type": "Feature", "properties": { "technicien": "Karim MOKNECHE", "secteur": 30 }, "geometry": { "type": "Point", "coordinates": [ 5.0063959, 44.7373922 ] } },
{ "type": "Feature", "properties": { "technicien": "Roman NOIREZ", "secteur": 33 }, "geometry": { "type": "Point", "coordinates": [ 5.6959067, 45.1912281 ] } },
{ "type": "Feature", "properties": { "technicien": "Roman NOIREZ", "secteur": 33 }, "geometry": { "type": "Point", "coordinates": [ 5.8786629, 45.1148596 ] } },
{ "type": "Feature", "properties": { "technicien": "Karim MOKNECHE", "secteur": 30 }, "geometry": { "type": "Point", "coordinates": [ 4.8593431, 44.9379593 ] } },
{ "type": "Feature", "properties": { "technicien": "Karim MOKNECHE", "secteur": 30 }, "geometry": { "type": "Point", "coordinates": [ 4.9239699, 44.9263238 ] } },
{ "type": "Feature", "properties": { "technicien": "Jean-Paul SCARINGELLA", "secteur": 22 }, "geometry": { "type": "Point", "coordinates": [ 5.58305, 45.373081 ] } },
{ "type": "Feature", "properties": { "technicien": "Jean-Paul SCARINGELLA", "secteur": 22 }, "geometry": { "type": "Point", "coordinates": [ 5.58305, 45.373081 ] } },
{ "type": "Feature", "properties": { "technicien": "Kalifa DIOMANDE", "secteur": 54 }, "geometry": { "type": "Point", "coordinates": [ 6.5731934, 46.0670785 ] } },
{ "type": "Feature", "properties": { "technicien": "Kalifa DIOMANDE", "secteur": 54 }, "geometry": { "type": "Point", "coordinates": [ 6.5731934, 46.0670785 ] } },
{ "type": "Feature", "properties": { "technicien": "Kalifa DIOMANDE", "secteur": 54 }, "geometry": { "type": "Point", "coordinates": [ 6.5731934, 46.0670785 ] } },
{ "type": "Feature", "properties": { "technicien": "Kalifa DIOMANDE", "secteur": 54 }, "geometry": { "type": "Point", "coordinates": [ 6.5731934, 46.0670785 ] } },
{ "type": "Feature", "properties": { "technicien": "Kalifa DIOMANDE", "secteur": 54 }, "geometry": { "type": "Point", "coordinates": [ 6.390235, 45.667102 ] } },
{ "type": "Feature", "properties": { "technicien": "Kalifa DIOMANDE", "secteur": 54 }, "geometry": { "type": "Point", "coordinates": [ 6.390235, 45.667102 ] } },
{ "type": "Feature", "properties": { "technicien": "Kalifa DIOMANDE", "secteur": 54 }, "geometry": { "type": "Point", "coordinates": [ 6.390235, 45.667102 ] } },
{ "type": "Feature", "properties": { "technicien": "Kalifa DIOMANDE", "secteur": 54 }, "geometry": { "type": "Point", "coordinates": [ 6.390235, 45.667102 ] } },
{ "type": "Feature", "properties": { "technicien": "Kalifa DIOMANDE", "secteur": 54 }, "geometry": { "type": "Point", "coordinates": [ 6.0911136, 45.9218445 ] } },
{ "type": "Feature", "properties": { "technicien": "Houssam BOUAZIZ", "secteur": 29 }, "geometry": { "type": "Point", "coordinates": [ 6.533863, 45.486112 ] } },
{ "type": "Feature", "properties": { "technicien": "Kalifa DIOMANDE", "secteur": 54 }, "geometry": { "type": "Point", "coordinates": [ 6.1020614, 45.8870196 ] } },
{ "type": "Feature", "properties": { "technicien": "Houssam BOUAZIZ", "secteur": 29 }, "geometry": { "type": "Point", "coordinates": [ 6.355729, 45.273138 ] } },
{ "type": "Feature", "properties": { "technicien": "Martin DO NASCIMENTO", "secteur": 52 }, "geometry": { "type": "Point", "coordinates": [ 5.5463908, 45.072432 ] } },
{ "type": "Feature", "properties": { "technicien": "Kalifa DIOMANDE", "secteur": 54 }, "geometry": { "type": "Point", "coordinates": [ 5.927728, 45.694918 ] } },
{ "type": "Feature", "properties": { "technicien": "Kalifa DIOMANDE", "secteur": 54 }, "geometry": { "type": "Point", "coordinates": [ 5.927728, 45.694918 ] } },
{ "type": "Feature", "properties": { "technicien": "Roman NOIREZ", "secteur": 33 }, "geometry": { "type": "Point", "coordinates": [ 5.6959067, 45.1912281 ] } },
{ "type": "Feature", "properties": { "technicien": "Roman NOIREZ", "secteur": 33 }, "geometry": { "type": "Point", "coordinates": [ 5.6972415, 45.122253 ] } },
{ "type": "Feature", "properties": { "technicien": "Roman NOIREZ", "secteur": 33 }, "geometry": { "type": "Point", "coordinates": [ 5.7966739, 45.2153965 ] } },
{ "type": "Feature", "properties": { "technicien": "Kalifa DIOMANDE", "secteur": 54 }, "geometry": { "type": "Point", "coordinates": [ 6.6328234, 45.8603443 ] } },
{ "type": "Feature", "properties": { "technicien": "Kalifa DIOMANDE", "secteur": 54 }, "geometry": { "type": "Point", "coordinates": [ 6.1241912, 45.9317453 ] } },
{ "type": "Feature", "properties": { "technicien": "Kalifa DIOMANDE", "secteur": 54 }, "geometry": { "type": "Point", "coordinates": [ 6.1241912, 45.9317453 ] } },
{ "type": "Feature", "properties": { "technicien": "Kalifa DIOMANDE", "secteur": 54 }, "geometry": { "type": "Point", "coordinates": [ 6.1241912, 45.9317453 ] } },
{ "type": "Feature", "properties": { "technicien": "Kalifa DIOMANDE", "secteur": 54 }, "geometry": { "type": "Point", "coordinates": [ 6.1241912, 45.9317453 ] } },
{ "type": "Feature", "properties": { "technicien": "Xavier VICTORION", "secteur": 28 }, "geometry": { "type": "Point", "coordinates": [ 5.7419262, 45.1852046 ] } },
{ "type": "Feature", "properties": { "technicien": "Roman NOIREZ", "secteur": 33 }, "geometry": { "type": "Point", "coordinates": [ 5.7141691, 45.1583027 ] } },
{ "type": "Feature", "properties": { "technicien": "Roman NOIREZ", "secteur": 33 }, "geometry": { "type": "Point", "coordinates": [ 5.7141691, 45.1583027 ] } },
{ "type": "Feature", "properties": { "technicien": "Roman NOIREZ", "secteur": 33 }, "geometry": { "type": "Point", "coordinates": [ 5.7141691, 45.1583027 ] } },
{ "type": "Feature", "properties": { "technicien": "Roman NOIREZ", "secteur": 33 }, "geometry": { "type": "Point", "coordinates": [ 5.7141691, 45.1583027 ] } },
{ "type": "Feature", "properties": { "technicien": "SOREA", "secteur": 67 }, "geometry": { "type": "Point", "coordinates": [ 4.7432658, 44.4688101 ] } },
{ "type": "Feature", "properties": { "technicien": "Martin DO NASCIMENTO", "secteur": 52 }, "geometry": { "type": "Point", "coordinates": [ 5.7026619, 45.1622628 ] } },
{ "type": "Feature", "properties": { "technicien": "Roman NOIREZ", "secteur": 33 }, "geometry": { "type": "Point", "coordinates": [ 5.7701615, 45.205632 ] } },
{ "type": "Feature", "properties": { "technicien": "Roman NOIREZ", "secteur": 33 }, "geometry": { "type": "Point", "coordinates": [ 5.7701615, 45.205632 ] } },
{ "type": "Feature", "properties": { "technicien": "Roman NOIREZ", "secteur": 33 }, "geometry": { "type": "Point", "coordinates": [ 5.7701615, 45.205632 ] } },
{ "type": "Feature", "properties": { "technicien": "Roman NOIREZ", "secteur": 33 }, "geometry": { "type": "Point", "coordinates": [ 5.7701615, 45.205632 ] } },
{ "type": "Feature", "properties": { "technicien": "Roman NOIREZ", "secteur": 33 }, "geometry": { "type": "Point", "coordinates": [ 5.7719991, 45.2059842 ] } },
{ "type": "Feature", "properties": { "technicien": "Roman NOIREZ", "secteur": 33 }, "geometry": { "type": "Point", "coordinates": [ 5.7701615, 45.205632 ] } },
{ "type": "Feature", "properties": { "technicien": "Roman NOIREZ", "secteur": 33 }, "geometry": { "type": "Point", "coordinates": [ 5.7701615, 45.205632 ] } },
{ "type": "Feature", "properties": { "technicien": "Roman NOIREZ", "secteur": 33 }, "geometry": { "type": "Point", "coordinates": [ 5.7719991, 45.2059842 ] } },
{ "type": "Feature", "properties": { "technicien": "Roman NOIREZ", "secteur": 33 }, "geometry": { "type": "Point", "coordinates": [ 5.7701615, 45.205632 ] } },
{ "type": "Feature", "properties": { "technicien": "Roman NOIREZ", "secteur": 33 }, "geometry": { "type": "Point", "coordinates": [ 5.7701615, 45.205632 ] } },
{ "type": "Feature", "properties": { "technicien": "Roman NOIREZ", "secteur": 33 }, "geometry": { "type": "Point", "coordinates": [ 5.7701615, 45.205632 ] } },
{ "type": "Feature", "properties": { "technicien": "Roman NOIREZ", "secteur": 33 }, "geometry": { "type": "Point", "coordinates": [ 5.7701615, 45.205632 ] } },
{ "type": "Feature", "properties": { "technicien": "Roman NOIREZ", "secteur": 33 }, "geometry": { "type": "Point", "coordinates": [ 5.7701615, 45.205632 ] } },
{ "type": "Feature", "properties": { "technicien": "Roman NOIREZ", "secteur": 33 }, "geometry": { "type": "Point", "coordinates": [ 5.7701615, 45.205632 ] } },
{ "type": "Feature", "properties": { "technicien": "Roman NOIREZ", "secteur": 33 }, "geometry": { "type": "Point", "coordinates": [ 5.7701615, 45.205632 ] } },
{ "type": "Feature", "properties": { "technicien": "Roman NOIREZ", "secteur": 33 }, "geometry": { "type": "Point", "coordinates": [ 5.7719991, 45.2059842 ] } },
{ "type": "Feature", "properties": { "technicien": "Heithem ABID", "secteur": 12 }, "geometry": { "type": "Point", "coordinates": [ 6.1172224, 46.2601988 ] } },
{ "type": "Feature", "properties": { "technicien": "Heithem ABID", "secteur": 12 }, "geometry": { "type": "Point", "coordinates": [ 6.1172224, 46.2601988 ] } },
{ "type": "Feature", "properties": { "technicien": "Julien TETU", "secteur": 74 }, "geometry": { "type": "Point", "coordinates": [ 5.9122784, 45.564201 ] } },
{ "type": "Feature", "properties": { "technicien": "Julien TETU", "secteur": 74 }, "geometry": { "type": "Point", "coordinates": [ 5.9122784, 45.564201 ] } },
{ "type": "Feature", "properties": { "technicien": "Julien TETU", "secteur": 74 }, "geometry": { "type": "Point", "coordinates": [ 5.9122784, 45.564201 ] } },
{ "type": "Feature", "properties": { "technicien": "Julien TETU", "secteur": 74 }, "geometry": { "type": "Point", "coordinates": [ 5.9122784, 45.564201 ] } },
{ "type": "Feature", "properties": { "technicien": "Julien TETU", "secteur": 74 }, "geometry": { "type": "Point", "coordinates": [ 5.9122784, 45.564201 ] } },
{ "type": "Feature", "properties": { "technicien": "Julien TETU", "secteur": 74 }, "geometry": { "type": "Point", "coordinates": [ 5.9122784, 45.564201 ] } },
{ "type": "Feature", "properties": { "technicien": "Julien TETU", "secteur": 74 }, "geometry": { "type": "Point", "coordinates": [ 5.9122784, 45.564201 ] } },
{ "type": "Feature", "properties": { "technicien": "Julien TETU", "secteur": 74 }, "geometry": { "type": "Point", "coordinates": [ 5.9122784, 45.564201 ] } },
{ "type": "Feature", "properties": { "technicien": "Julien TETU", "secteur": 74 }, "geometry": { "type": "Point", "coordinates": [ 5.9122784, 45.564201 ] } },
{ "type": "Feature", "properties": { "technicien": "Julien TETU", "secteur": 74 }, "geometry": { "type": "Point", "coordinates": [ 5.9122784, 45.564201 ] } },
{ "type": "Feature", "properties": { "technicien": "Julien TETU", "secteur": 74 }, "geometry": { "type": "Point", "coordinates": [ 5.908051, 45.56529 ] } },
{ "type": "Feature", "properties": { "technicien": "Julien TETU", "secteur": 74 }, "geometry": { "type": "Point", "coordinates": [ 5.908051, 45.56529 ] } },
{ "type": "Feature", "properties": { "technicien": "Julien TETU", "secteur": 74 }, "geometry": { "type": "Point", "coordinates": [ 5.908051, 45.56529 ] } },
{ "type": "Feature", "properties": { "technicien": "Julien TETU", "secteur": 74 }, "geometry": { "type": "Point", "coordinates": [ 5.908051, 45.56529 ] } },
{ "type": "Feature", "properties": { "technicien": "Julien TETU", "secteur": 74 }, "geometry": { "type": "Point", "coordinates": [ 5.908051, 45.56529 ] } },
{ "type": "Feature", "properties": { "technicien": "Julien TETU", "secteur": 74 }, "geometry": { "type": "Point", "coordinates": [ 5.908051, 45.56529 ] } },
{ "type": "Feature", "properties": { "technicien": "Julien TETU", "secteur": 74 }, "geometry": { "type": "Point", "coordinates": [ 5.908051, 45.56529 ] } },
{ "type": "Feature", "properties": { "technicien": "Julien TETU", "secteur": 74 }, "geometry": { "type": "Point", "coordinates": [ 5.908131, 45.56402 ] } },
{ "type": "Feature", "properties": { "technicien": "Julien TETU", "secteur": 74 }, "geometry": { "type": "Point", "coordinates": [ 5.911718, 45.556709 ] } },
{ "type": "Feature", "properties": { "technicien": "Julien TETU", "secteur": 74 }, "geometry": { "type": "Point", "coordinates": [ 5.911718, 45.556709 ] } },
{ "type": "Feature", "properties": { "technicien": "Julien TETU", "secteur": 74 }, "geometry": { "type": "Point", "coordinates": [ 5.911718, 45.556709 ] } },
{ "type": "Feature", "properties": { "technicien": "Julien TETU", "secteur": 74 }, "geometry": { "type": "Point", "coordinates": [ 5.911718, 45.556709 ] } },
{ "type": "Feature", "properties": { "technicien": "Julien TETU", "secteur": 74 }, "geometry": { "type": "Point", "coordinates": [ 5.911718, 45.556709 ] } },
{ "type": "Feature", "properties": { "technicien": "Léna GRAND CLEMENT", "secteur": 68 }, "geometry": { "type": "Point", "coordinates": [ 5.6854012, 45.1865057 ] } },
{ "type": "Feature", "properties": { "technicien": "Jean-Paul SCARINGELLA", "secteur": 22 }, "geometry": { "type": "Point", "coordinates": [ 5.58264, 45.36277 ] } },
{ "type": "Feature", "properties": { "technicien": "Jean-Paul SCARINGELLA", "secteur": 22 }, "geometry": { "type": "Point", "coordinates": [ 5.58264, 45.36277 ] } },
{ "type": "Feature", "properties": { "technicien": "Kalifa DIOMANDE", "secteur": 54 }, "geometry": { "type": "Point", "coordinates": [ 6.6114279, 45.8500827 ] } },
{ "type": "Feature", "properties": { "technicien": "Roman NOIREZ", "secteur": 33 }, "geometry": { "type": "Point", "coordinates": [ 5.7701615, 45.205632 ] } },
{ "type": "Feature", "properties": { "technicien": "Roman NOIREZ", "secteur": 33 }, "geometry": { "type": "Point", "coordinates": [ 5.7701615, 45.205632 ] } },
{ "type": "Feature", "properties": { "technicien": "Roman NOIREZ", "secteur": 33 }, "geometry": { "type": "Point", "coordinates": [ 5.7701615, 45.205632 ] } },
{ "type": "Feature", "properties": { "technicien": "Jean-Paul SCARINGELLA", "secteur": 22 }, "geometry": { "type": "Point", "coordinates": [ 5.4820422, 45.2906505 ] } },
{ "type": "Feature", "properties": { "technicien": "Roman NOIREZ", "secteur": 33 }, "geometry": { "type": "Point", "coordinates": [ 5.7294565, 45.1906079 ] } },
{ "type": "Feature", "properties": { "technicien": "Roman NOIREZ", "secteur": 33 }, "geometry": { "type": "Point", "coordinates": [ 5.7294565, 45.1906079 ] } },
{ "type": "Feature", "properties": { "technicien": "Roman NOIREZ", "secteur": 33 }, "geometry": { "type": "Point", "coordinates": [ 5.720783, 45.1892079 ] } },
{ "type": "Feature", "properties": { "technicien": "Roman NOIREZ", "secteur": 33 }, "geometry": { "type": "Point", "coordinates": [ 5.720783, 45.1892079 ] } },
{ "type": "Feature", "properties": { "technicien": "Roman NOIREZ", "secteur": 33 }, "geometry": { "type": "Point", "coordinates": [ 5.7198917, 45.1894571 ] } },
{ "type": "Feature", "properties": { "technicien": "Roman NOIREZ", "secteur": 33 }, "geometry": { "type": "Point", "coordinates": [ 5.7198917, 45.1894571 ] } },
{ "type": "Feature", "properties": { "technicien": "Léna GRAND CLEMENT", "secteur": 68 }, "geometry": { "type": "Point", "coordinates": [ 5.7126902, 45.2019423 ] } },
{ "type": "Feature", "properties": { "technicien": "Léna GRAND CLEMENT", "secteur": 68 }, "geometry": { "type": "Point", "coordinates": [ 5.7126902, 45.2019423 ] } },
{ "type": "Feature", "properties": { "technicien": "Roman NOIREZ", "secteur": 33 }, "geometry": { "type": "Point", "coordinates": [ 5.7294565, 45.1906079 ] } },
{ "type": "Feature", "properties": { "technicien": "Roman NOIREZ", "secteur": 33 }, "geometry": { "type": "Point", "coordinates": [ 5.7294565, 45.1906079 ] } },
{ "type": "Feature", "properties": { "technicien": "Roman NOIREZ", "secteur": 33 }, "geometry": { "type": "Point", "coordinates": [ 5.720783, 45.1892079 ] } },
{ "type": "Feature", "properties": { "technicien": "Roman NOIREZ", "secteur": 33 }, "geometry": { "type": "Point", "coordinates": [ 5.720783, 45.1892079 ] } },
{ "type": "Feature", "properties": { "technicien": "Heithem ABID", "secteur": 12 }, "geometry": { "type": "Point", "coordinates": [ 6.068775, 46.316086 ] } },
{ "type": "Feature", "properties": { "technicien": "Karim MOKNECHE", "secteur": 30 }, "geometry": { "type": "Point", "coordinates": [ 5.2573516, 45.394807 ] } },
{ "type": "Feature", "properties": { "technicien": "Karim MOKNECHE", "secteur": 30 }, "geometry": { "type": "Point", "coordinates": [ 5.2573516, 45.394807 ] } },
{ "type": "Feature", "properties": { "technicien": "Léna GRAND CLEMENT", "secteur": 68 }, "geometry": { "type": "Point", "coordinates": [ 5.7122446, 45.1902494 ] } },
{ "type": "Feature", "properties": { "technicien": "Julien TETU", "secteur": 74 }, "geometry": { "type": "Point", "coordinates": [ 5.9237487, 45.5653807 ] } },
{ "type": "Feature", "properties": { "technicien": "Léna GRAND CLEMENT", "secteur": 68 }, "geometry": { "type": "Point", "coordinates": [ 5.6500482, 45.2114904 ] } },
{ "type": "Feature", "properties": { "technicien": "Kalifa DIOMANDE", "secteur": 54 }, "geometry": { "type": "Point", "coordinates": [ 6.716843, 46.3905902 ] } },
{ "type": "Feature", "properties": { "technicien": "Martin DO NASCIMENTO", "secteur": 52 }, "geometry": { "type": "Point", "coordinates": [ 5.7263664, 45.1646476 ] } },
{ "type": "Feature", "properties": { "technicien": "Heithem ABID", "secteur": 12 }, "geometry": { "type": "Point", "coordinates": [ 6.068775, 46.316086 ] } },
{ "type": "Feature", "properties": { "technicien": "Heithem ABID", "secteur": 12 }, "geometry": { "type": "Point", "coordinates": [ 6.068775, 46.316086 ] } },
{ "type": "Feature", "properties": { "technicien": "Heithem ABID", "secteur": 12 }, "geometry": { "type": "Point", "coordinates": [ 6.068775, 46.316086 ] } },
{ "type": "Feature", "properties": { "technicien": "Heithem ABID", "secteur": 12 }, "geometry": { "type": "Point", "coordinates": [ 6.0304802, 46.2405802 ] } },
{ "type": "Feature", "properties": { "technicien": "Houssam BOUAZIZ", "secteur": 29 }, "geometry": { "type": "Point", "coordinates": [ 6.6643665, 45.1986882 ] } },
{ "type": "Feature", "properties": { "technicien": "Martin DO NASCIMENTO", "secteur": 52 }, "geometry": { "type": "Point", "coordinates": [ 5.750542, 45.1856074 ] } },
{ "type": "Feature", "properties": { "technicien": "Martin DO NASCIMENTO", "secteur": 52 }, "geometry": { "type": "Point", "coordinates": [ 5.7509709, 45.1856034 ] } },
{ "type": "Feature", "properties": { "technicien": "Martin DO NASCIMENTO", "secteur": 52 }, "geometry": { "type": "Point", "coordinates": [ 5.7509709, 45.1856034 ] } },
{ "type": "Feature", "properties": { "technicien": "Kalifa DIOMANDE", "secteur": 54 }, "geometry": { "type": "Point", "coordinates": [ 6.1324888, 45.9065241 ] } },
{ "type": "Feature", "properties": { "technicien": "Heithem ABID", "secteur": 12 }, "geometry": { "type": "Point", "coordinates": [ 6.0592055, 46.3329432 ] } },
{ "type": "Feature", "properties": { "technicien": "Roman NOIREZ", "secteur": 33 }, "geometry": { "type": "Point", "coordinates": [ 5.6295267, 45.3011953 ] } },
{ "type": "Feature", "properties": { "technicien": "Heithem ABID", "secteur": 12 }, "geometry": { "type": "Point", "coordinates": [ 6.0560546, 46.3250331 ] } },
{ "type": "Feature", "properties": { "technicien": "Olivier VUILLAUME ", "secteur": 58 }, "geometry": { "type": "Point", "coordinates": [ 5.7030393, 45.7390239 ] } },
{ "type": "Feature", "properties": { "technicien": "Olivier VUILLAUME ", "secteur": 58 }, "geometry": { "type": "Point", "coordinates": [ 5.7030393, 45.7390239 ] } },
{ "type": "Feature", "properties": { "technicien": "Olivier VUILLAUME ", "secteur": 58 }, "geometry": { "type": "Point", "coordinates": [ 5.7030393, 45.7390239 ] } },
{ "type": "Feature", "properties": { "technicien": "Olivier VUILLAUME ", "secteur": 58 }, "geometry": { "type": "Point", "coordinates": [ 5.7030393, 45.7390239 ] } },
{ "type": "Feature", "properties": { "technicien": "Olivier VUILLAUME ", "secteur": 58 }, "geometry": { "type": "Point", "coordinates": [ 5.7030393, 45.7390239 ] } },
{ "type": "Feature", "properties": { "technicien": "Olivier VUILLAUME ", "secteur": 58 }, "geometry": { "type": "Point", "coordinates": [ 5.7030393, 45.7390239 ] } },
{ "type": "Feature", "properties": { "technicien": "Olivier VUILLAUME ", "secteur": 58 }, "geometry": { "type": "Point", "coordinates": [ 5.7030393, 45.7390239 ] } },
{ "type": "Feature", "properties": { "technicien": "Olivier VUILLAUME ", "secteur": 58 }, "geometry": { "type": "Point", "coordinates": [ 5.7030393, 45.7390239 ] } },
{ "type": "Feature", "properties": { "technicien": "Olivier VUILLAUME ", "secteur": 58 }, "geometry": { "type": "Point", "coordinates": [ 5.7030393, 45.7390239 ] } },
{ "type": "Feature", "properties": { "technicien": "Olivier VUILLAUME ", "secteur": 58 }, "geometry": { "type": "Point", "coordinates": [ 5.7030393, 45.7390239 ] } },
{ "type": "Feature", "properties": { "technicien": "Olivier VUILLAUME ", "secteur": 58 }, "geometry": { "type": "Point", "coordinates": [ 5.7030393, 45.7390239 ] } },
{ "type": "Feature", "properties": { "technicien": "Olivier VUILLAUME ", "secteur": 58 }, "geometry": { "type": "Point", "coordinates": [ 5.7030393, 45.7390239 ] } },
{ "type": "Feature", "properties": { "technicien": "Olivier VUILLAUME ", "secteur": 58 }, "geometry": { "type": "Point", "coordinates": [ 5.7030393, 45.7390239 ] } },
{ "type": "Feature", "properties": { "technicien": "Kalifa DIOMANDE", "secteur": 54 }, "geometry": { "type": "Point", "coordinates": [ 6.1496188, 45.8277143 ] } },
{ "type": "Feature", "properties": { "technicien": "Xavier VICTORION", "secteur": 28 }, "geometry": { "type": "Point", "coordinates": [ 5.7433674, 45.1859565 ] } },
{ "type": "Feature", "properties": { "technicien": "Xavier VICTORION", "secteur": 28 }, "geometry": { "type": "Point", "coordinates": [ 5.7430958, 45.1855972 ] } },
{ "type": "Feature", "properties": { "technicien": "Xavier VICTORION", "secteur": 28 }, "geometry": { "type": "Point", "coordinates": [ 5.7431892, 45.1856686 ] } },
{ "type": "Feature", "properties": { "technicien": "Roman NOIREZ", "secteur": 33 }, "geometry": { "type": "Point", "coordinates": [ 5.6579229, 45.2150099 ] } },
{ "type": "Feature", "properties": { "technicien": "Roman NOIREZ", "secteur": 33 }, "geometry": { "type": "Point", "coordinates": [ 5.6600789, 45.222144 ] } },
{ "type": "Feature", "properties": { "technicien": "Roman NOIREZ", "secteur": 33 }, "geometry": { "type": "Point", "coordinates": [ 5.6600789, 45.222144 ] } },
{ "type": "Feature", "properties": { "technicien": "Roman NOIREZ", "secteur": 33 }, "geometry": { "type": "Point", "coordinates": [ 5.6600789, 45.222144 ] } },
{ "type": "Feature", "properties": { "technicien": "Roman NOIREZ", "secteur": 33 }, "geometry": { "type": "Point", "coordinates": [ 5.6645114, 45.206694 ] } },
{ "type": "Feature", "properties": { "technicien": "Roman NOIREZ", "secteur": 33 }, "geometry": { "type": "Point", "coordinates": [ 5.6645114, 45.206694 ] } },
{ "type": "Feature", "properties": { "technicien": "Roman NOIREZ", "secteur": 33 }, "geometry": { "type": "Point", "coordinates": [ 5.6645114, 45.206694 ] } },
{ "type": "Feature", "properties": { "technicien": "Roman NOIREZ", "secteur": 33 }, "geometry": { "type": "Point", "coordinates": [ 5.6645114, 45.206694 ] } },
{ "type": "Feature", "properties": { "technicien": "Roman NOIREZ", "secteur": 33 }, "geometry": { "type": "Point", "coordinates": [ 5.6645114, 45.206694 ] } },
{ "type": "Feature", "properties": { "technicien": "Roman NOIREZ", "secteur": 33 }, "geometry": { "type": "Point", "coordinates": [ 5.664053, 45.2036864 ] } },
{ "type": "Feature", "properties": { "technicien": "Roman NOIREZ", "secteur": 33 }, "geometry": { "type": "Point", "coordinates": [ 5.664053, 45.2036864 ] } },
{ "type": "Feature", "properties": { "technicien": "Roman NOIREZ", "secteur": 33 }, "geometry": { "type": "Point", "coordinates": [ 5.664053, 45.2036864 ] } },
{ "type": "Feature", "properties": { "technicien": "Roman NOIREZ", "secteur": 33 }, "geometry": { "type": "Point", "coordinates": [ 5.664053, 45.2036864 ] } },
{ "type": "Feature", "properties": { "technicien": "Roman NOIREZ", "secteur": 33 }, "geometry": { "type": "Point", "coordinates": [ 5.664053, 45.2036864 ] } },
{ "type": "Feature", "properties": { "technicien": "Roman NOIREZ", "secteur": 33 }, "geometry": { "type": "Point", "coordinates": [ 5.664053, 45.2036864 ] } },
{ "type": "Feature", "properties": { "technicien": "Roman NOIREZ", "secteur": 33 }, "geometry": { "type": "Point", "coordinates": [ 5.664053, 45.2036864 ] } },
{ "type": "Feature", "properties": { "technicien": "Roman NOIREZ", "secteur": 33 }, "geometry": { "type": "Point", "coordinates": [ 5.6661865, 45.1992213 ] } },
{ "type": "Feature", "properties": { "technicien": "Roman NOIREZ", "secteur": 33 }, "geometry": { "type": "Point", "coordinates": [ 5.6661865, 45.1992213 ] } },
{ "type": "Feature", "properties": { "technicien": "Roman NOIREZ", "secteur": 33 }, "geometry": { "type": "Point", "coordinates": [ 5.6575319, 45.2080467 ] } },
{ "type": "Feature", "properties": { "technicien": "Roman NOIREZ", "secteur": 33 }, "geometry": { "type": "Point", "coordinates": [ 5.6629248, 45.2067672 ] } },
{ "type": "Feature", "properties": { "technicien": "Roman NOIREZ", "secteur": 33 }, "geometry": { "type": "Point", "coordinates": [ 5.6629248, 45.2067672 ] } },
{ "type": "Feature", "properties": { "technicien": "Roman NOIREZ", "secteur": 33 }, "geometry": { "type": "Point", "coordinates": [ 5.6629248, 45.2067672 ] } },
{ "type": "Feature", "properties": { "technicien": "Roman NOIREZ", "secteur": 33 }, "geometry": { "type": "Point", "coordinates": [ 5.6629248, 45.2067672 ] } },
{ "type": "Feature", "properties": { "technicien": "Roman NOIREZ", "secteur": 33 }, "geometry": { "type": "Point", "coordinates": [ 5.6610685, 45.2070533 ] } },
{ "type": "Feature", "properties": { "technicien": "Roman NOIREZ", "secteur": 33 }, "geometry": { "type": "Point", "coordinates": [ 5.6610685, 45.2070533 ] } },
{ "type": "Feature", "properties": { "technicien": "Roman NOIREZ", "secteur": 33 }, "geometry": { "type": "Point", "coordinates": [ 5.6634607, 45.2105812 ] } },
{ "type": "Feature", "properties": { "technicien": "Roman NOIREZ", "secteur": 33 }, "geometry": { "type": "Point", "coordinates": [ 5.6634607, 45.2105812 ] } },
{ "type": "Feature", "properties": { "technicien": "Roman NOIREZ", "secteur": 33 }, "geometry": { "type": "Point", "coordinates": [ 5.6634607, 45.2105812 ] } },
{ "type": "Feature", "properties": { "technicien": "Roman NOIREZ", "secteur": 33 }, "geometry": { "type": "Point", "coordinates": [ 5.6634607, 45.2105812 ] } },
{ "type": "Feature", "properties": { "technicien": "Roman NOIREZ", "secteur": 33 }, "geometry": { "type": "Point", "coordinates": [ 5.6634607, 45.2105812 ] } },
{ "type": "Feature", "properties": { "technicien": "Roman NOIREZ", "secteur": 33 }, "geometry": { "type": "Point", "coordinates": [ 5.6713079, 45.2134767 ] } },
{ "type": "Feature", "properties": { "technicien": "Roman NOIREZ", "secteur": 33 }, "geometry": { "type": "Point", "coordinates": [ 5.6713079, 45.2134767 ] } },
{ "type": "Feature", "properties": { "technicien": "Roman NOIREZ", "secteur": 33 }, "geometry": { "type": "Point", "coordinates": [ 5.6713079, 45.2134767 ] } },
{ "type": "Feature", "properties": { "technicien": "Roman NOIREZ", "secteur": 33 }, "geometry": { "type": "Point", "coordinates": [ 5.6713079, 45.2134767 ] } },
{ "type": "Feature", "properties": { "technicien": "Roman NOIREZ", "secteur": 33 }, "geometry": { "type": "Point", "coordinates": [ 5.6713079, 45.2134767 ] } },
{ "type": "Feature", "properties": { "technicien": "Roman NOIREZ", "secteur": 33 }, "geometry": { "type": "Point", "coordinates": [ 5.6713079, 45.2134767 ] } },
{ "type": "Feature", "properties": { "technicien": "Roman NOIREZ", "secteur": 33 }, "geometry": { "type": "Point", "coordinates": [ 5.6713079, 45.2134767 ] } },
{ "type": "Feature", "properties": { "technicien": "Roman NOIREZ", "secteur": 33 }, "geometry": { "type": "Point", "coordinates": [ 5.6713079, 45.2134767 ] } },
{ "type": "Feature", "properties": { "technicien": "Roman NOIREZ", "secteur": 33 }, "geometry": { "type": "Point", "coordinates": [ 5.6713079, 45.2134767 ] } },
{ "type": "Feature", "properties": { "technicien": "Roman NOIREZ", "secteur": 33 }, "geometry": { "type": "Point", "coordinates": [ 5.6713079, 45.2134767 ] } },
{ "type": "Feature", "properties": { "technicien": "Roman NOIREZ", "secteur": 33 }, "geometry": { "type": "Point", "coordinates": [ 5.6713079, 45.2134767 ] } },
{ "type": "Feature", "properties": { "technicien": "Roman NOIREZ", "secteur": 33 }, "geometry": { "type": "Point", "coordinates": [ 5.6713079, 45.2134767 ] } },
{ "type": "Feature", "properties": { "technicien": "Roman NOIREZ", "secteur": 33 }, "geometry": { "type": "Point", "coordinates": [ 5.6713079, 45.2134767 ] } },
{ "type": "Feature", "properties": { "technicien": "Roman NOIREZ", "secteur": 33 }, "geometry": { "type": "Point", "coordinates": [ 5.6713079, 45.2134767 ] } },
{ "type": "Feature", "properties": { "technicien": "Roman NOIREZ", "secteur": 33 }, "geometry": { "type": "Point", "coordinates": [ 5.6713079, 45.2134767 ] } },
{ "type": "Feature", "properties": { "technicien": "Roman NOIREZ", "secteur": 33 }, "geometry": { "type": "Point", "coordinates": [ 5.6713079, 45.2134767 ] } },
{ "type": "Feature", "properties": { "technicien": "Roman NOIREZ", "secteur": 33 }, "geometry": { "type": "Point", "coordinates": [ 5.6713079, 45.2134767 ] } },
{ "type": "Feature", "properties": { "technicien": "Roman NOIREZ", "secteur": 33 }, "geometry": { "type": "Point", "coordinates": [ 5.6713079, 45.2134767 ] } },
{ "type": "Feature", "properties": { "technicien": "Roman NOIREZ", "secteur": 33 }, "geometry": { "type": "Point", "coordinates": [ 5.6713079, 45.2134767 ] } },
{ "type": "Feature", "properties": { "technicien": "Roman NOIREZ", "secteur": 33 }, "geometry": { "type": "Point", "coordinates": [ 5.6713079, 45.2134767 ] } },
{ "type": "Feature", "properties": { "technicien": "Roman NOIREZ", "secteur": 33 }, "geometry": { "type": "Point", "coordinates": [ 5.6713079, 45.2134767 ] } },
{ "type": "Feature", "properties": { "technicien": "Roman NOIREZ", "secteur": 33 }, "geometry": { "type": "Point", "coordinates": [ 5.6713079, 45.2134767 ] } },
{ "type": "Feature", "properties": { "technicien": "Roman NOIREZ", "secteur": 33 }, "geometry": { "type": "Point", "coordinates": [ 5.6713079, 45.2134767 ] } },
{ "type": "Feature", "properties": { "technicien": "Roman NOIREZ", "secteur": 33 }, "geometry": { "type": "Point", "coordinates": [ 5.6713079, 45.2134767 ] } },
{ "type": "Feature", "properties": { "technicien": "Roman NOIREZ", "secteur": 33 }, "geometry": { "type": "Point", "coordinates": [ 5.6713079, 45.2134767 ] } },
{ "type": "Feature", "properties": { "technicien": "Roman NOIREZ", "secteur": 33 }, "geometry": { "type": "Point", "coordinates": [ 5.6713079, 45.2134767 ] } },
{ "type": "Feature", "properties": { "technicien": "Roman NOIREZ", "secteur": 33 }, "geometry": { "type": "Point", "coordinates": [ 5.6713079, 45.2134767 ] } },
{ "type": "Feature", "properties": { "technicien": "Roman NOIREZ", "secteur": 33 }, "geometry": { "type": "Point", "coordinates": [ 5.6713079, 45.2134767 ] } },
{ "type": "Feature", "properties": { "technicien": "Roman NOIREZ", "secteur": 33 }, "geometry": { "type": "Point", "coordinates": [ 5.6713079, 45.2134767 ] } },
{ "type": "Feature", "properties": { "technicien": "Roman NOIREZ", "secteur": 33 }, "geometry": { "type": "Point", "coordinates": [ 5.6713079, 45.2134767 ] } },
{ "type": "Feature", "properties": { "technicien": "Roman NOIREZ", "secteur": 33 }, "geometry": { "type": "Point", "coordinates": [ 5.6713079, 45.2134767 ] } },
{ "type": "Feature", "properties": { "technicien": "Roman NOIREZ", "secteur": 33 }, "geometry": { "type": "Point", "coordinates": [ 5.6713079, 45.2134767 ] } },
{ "type": "Feature", "properties": { "technicien": "Roman NOIREZ", "secteur": 33 }, "geometry": { "type": "Point", "coordinates": [ 5.6713079, 45.2134767 ] } },
{ "type": "Feature", "properties": { "technicien": "Roman NOIREZ", "secteur": 33 }, "geometry": { "type": "Point", "coordinates": [ 5.6713079, 45.2134767 ] } },
{ "type": "Feature", "properties": { "technicien": "Roman NOIREZ", "secteur": 33 }, "geometry": { "type": "Point", "coordinates": [ 5.6713079, 45.2134767 ] } },
{ "type": "Feature", "properties": { "technicien": "Roman NOIREZ", "secteur": 33 }, "geometry": { "type": "Point", "coordinates": [ 5.6713079, 45.2134767 ] } },
{ "type": "Feature", "properties": { "technicien": "Kalifa DIOMANDE", "secteur": 54 }, "geometry": { "type": "Point", "coordinates": [ 6.4779448, 46.3731303 ] } },
{ "type": "Feature", "properties": { "technicien": "Léna GRAND CLEMENT", "secteur": 68 }, "geometry": { "type": "Point", "coordinates": [ 5.7122446, 45.1902494 ] } },
{ "type": "Feature", "properties": { "technicien": "Kalifa DIOMANDE", "secteur": 54 }, "geometry": { "type": "Point", "coordinates": [ 6.6179503, 45.8567436 ] } },
{ "type": "Feature", "properties": { "technicien": "Kalifa DIOMANDE", "secteur": 54 }, "geometry": { "type": "Point", "coordinates": [ 6.6179503, 45.8567436 ] } },
{ "type": "Feature", "properties": { "technicien": "Kalifa DIOMANDE", "secteur": 54 }, "geometry": { "type": "Point", "coordinates": [ 6.6179503, 45.8567436 ] } },
{ "type": "Feature", "properties": { "technicien": "Kalifa DIOMANDE", "secteur": 54 }, "geometry": { "type": "Point", "coordinates": [ 6.6179503, 45.8567436 ] } },
{ "type": "Feature", "properties": { "technicien": "Julien TETU", "secteur": 74 }, "geometry": { "type": "Point", "coordinates": [ 5.923924, 45.56665 ] } },
{ "type": "Feature", "properties": { "technicien": "Heithem ABID", "secteur": 12 }, "geometry": { "type": "Point", "coordinates": [ 5.8076058, 46.1222557 ] } },
{ "type": "Feature", "properties": { "technicien": "Heithem ABID", "secteur": 12 }, "geometry": { "type": "Point", "coordinates": [ 5.8126755, 46.11638 ] } },
{ "type": "Feature", "properties": { "technicien": "Julien TETU", "secteur": 74 }, "geometry": { "type": "Point", "coordinates": [ 5.911787, 45.567003 ] } },
{ "type": "Feature", "properties": { "technicien": "Houssam BOUAZIZ", "secteur": 29 }, "geometry": { "type": "Point", "coordinates": [ 6.636036, 45.405953 ] } },
{ "type": "Feature", "properties": { "technicien": "Houssam BOUAZIZ", "secteur": 29 }, "geometry": { "type": "Point", "coordinates": [ 6.636036, 45.405953 ] } },
{ "type": "Feature", "properties": { "technicien": "Houssam BOUAZIZ", "secteur": 29 }, "geometry": { "type": "Point", "coordinates": [ 6.636036, 45.405953 ] } },
{ "type": "Feature", "properties": { "technicien": "Houssam BOUAZIZ", "secteur": 29 }, "geometry": { "type": "Point", "coordinates": [ 6.636036, 45.405953 ] } },
{ "type": "Feature", "properties": { "technicien": "Xavier VICTORION", "secteur": 28 }, "geometry": { "type": "Point", "coordinates": [ 5.7509895, 44.8185021 ] } },
{ "type": "Feature", "properties": { "technicien": "Martin DO NASCIMENTO", "secteur": 52 }, "geometry": { "type": "Point", "coordinates": [ 5.7031124, 45.1389962 ] } },
{ "type": "Feature", "properties": { "technicien": "Houssam BOUAZIZ", "secteur": 29 }, "geometry": { "type": "Point", "coordinates": [ 6.5810207, 45.2962994 ] } },
{ "type": "Feature", "properties": { "technicien": "Houssam BOUAZIZ", "secteur": 29 }, "geometry": { "type": "Point", "coordinates": [ 6.541306, 45.3160816 ] } },
{ "type": "Feature", "properties": { "technicien": "Houssam BOUAZIZ", "secteur": 29 }, "geometry": { "type": "Point", "coordinates": [ 6.5429463, 45.3148986 ] } },
{ "type": "Feature", "properties": { "technicien": "Houssam BOUAZIZ", "secteur": 29 }, "geometry": { "type": "Point", "coordinates": [ 6.5063361, 45.3886109 ] } },
{ "type": "Feature", "properties": { "technicien": "Kalifa DIOMANDE", "secteur": 54 }, "geometry": { "type": "Point", "coordinates": [ 6.6400131, 45.8450561 ] } },
{ "type": "Feature", "properties": { "technicien": "Kalifa DIOMANDE", "secteur": 54 }, "geometry": { "type": "Point", "coordinates": [ 6.1259984, 45.9324989 ] } },
{ "type": "Feature", "properties": { "technicien": "Kalifa DIOMANDE", "secteur": 54 }, "geometry": { "type": "Point", "coordinates": [ 6.125703, 45.9323569 ] } },
{ "type": "Feature", "properties": { "technicien": "Kalifa DIOMANDE", "secteur": 54 }, "geometry": { "type": "Point", "coordinates": [ 6.1255374, 45.9314451 ] } },
{ "type": "Feature", "properties": { "technicien": "Kalifa DIOMANDE", "secteur": 54 }, "geometry": { "type": "Point", "coordinates": [ 6.1253402, 45.9321693 ] } },
{ "type": "Feature", "properties": { "technicien": "Kalifa DIOMANDE", "secteur": 54 }, "geometry": { "type": "Point", "coordinates": [ 6.1249601, 45.9319579 ] } },
{ "type": "Feature", "properties": { "technicien": "Kalifa DIOMANDE", "secteur": 54 }, "geometry": { "type": "Point", "coordinates": [ 6.1241912, 45.9317453 ] } },
{ "type": "Feature", "properties": { "technicien": "Kalifa DIOMANDE", "secteur": 54 }, "geometry": { "type": "Point", "coordinates": [ 6.1244321, 45.931745 ] } },
{ "type": "Feature", "properties": { "technicien": "Kalifa DIOMANDE", "secteur": 54 }, "geometry": { "type": "Point", "coordinates": [ 6.1241449, 45.931392 ] } },
{ "type": "Feature", "properties": { "technicien": "Kalifa DIOMANDE", "secteur": 54 }, "geometry": { "type": "Point", "coordinates": [ 6.1237978, 45.9311985 ] } },
{ "type": "Feature", "properties": { "technicien": "Roman NOIREZ", "secteur": 33 }, "geometry": { "type": "Point", "coordinates": [ 5.7620497, 45.2096562 ] } },
{ "type": "Feature", "properties": { "technicien": "Roman NOIREZ", "secteur": 33 }, "geometry": { "type": "Point", "coordinates": [ 5.7666383, 45.2209473 ] } },
{ "type": "Feature", "properties": { "technicien": "Heithem ABID", "secteur": 12 }, "geometry": { "type": "Point", "coordinates": [ 6.0730723, 46.26643 ] } },
{ "type": "Feature", "properties": { "technicien": "Jean-Paul SCARINGELLA", "secteur": 22 }, "geometry": { "type": "Point", "coordinates": [ 5.5930523, 45.3655062 ] } },
{ "type": "Feature", "properties": { "technicien": "Roman NOIREZ", "secteur": 33 }, "geometry": { "type": "Point", "coordinates": [ 5.7620497, 45.2096562 ] } },
{ "type": "Feature", "properties": { "technicien": "Martin DO NASCIMENTO", "secteur": 52 }, "geometry": { "type": "Point", "coordinates": [ 5.7087624, 45.136637 ] } },
{ "type": "Feature", "properties": { "technicien": "Martin DO NASCIMENTO", "secteur": 52 }, "geometry": { "type": "Point", "coordinates": [ 5.7087624, 45.136637 ] } },
{ "type": "Feature", "properties": { "technicien": "Martin DO NASCIMENTO", "secteur": 52 }, "geometry": { "type": "Point", "coordinates": [ 5.7087624, 45.136637 ] } },
{ "type": "Feature", "properties": { "technicien": "Martin DO NASCIMENTO", "secteur": 52 }, "geometry": { "type": "Point", "coordinates": [ 5.7087624, 45.136637 ] } },
{ "type": "Feature", "properties": { "technicien": "Léna GRAND CLEMENT", "secteur": 68 }, "geometry": { "type": "Point", "coordinates": [ 5.6713079, 45.2134767 ] } },
{ "type": "Feature", "properties": { "technicien": "Léna GRAND CLEMENT", "secteur": 68 }, "geometry": { "type": "Point", "coordinates": [ 5.6661865, 45.1992213 ] } },
{ "type": "Feature", "properties": { "technicien": "Léna GRAND CLEMENT", "secteur": 68 }, "geometry": { "type": "Point", "coordinates": [ 5.6641641, 45.2095011 ] } },
{ "type": "Feature", "properties": { "technicien": "Léna GRAND CLEMENT", "secteur": 68 }, "geometry": { "type": "Point", "coordinates": [ 5.6629248, 45.2067672 ] } },
{ "type": "Feature", "properties": { "technicien": "Léna GRAND CLEMENT", "secteur": 68 }, "geometry": { "type": "Point", "coordinates": [ 5.6610685, 45.2070533 ] } },
{ "type": "Feature", "properties": { "technicien": "Léna GRAND CLEMENT", "secteur": 68 }, "geometry": { "type": "Point", "coordinates": [ 5.6669063, 45.1999137 ] } },
{ "type": "Feature", "properties": { "technicien": "Xavier VICTORION", "secteur": 28 }, "geometry": { "type": "Point", "coordinates": [ 5.7253259, 45.1889468 ] } },
{ "type": "Feature", "properties": { "technicien": "Xavier VICTORION", "secteur": 28 }, "geometry": { "type": "Point", "coordinates": [ 5.7253259, 45.1889468 ] } },
{ "type": "Feature", "properties": { "technicien": "Karim MOKNECHE", "secteur": 30 }, "geometry": { "type": "Point", "coordinates": [ 4.8937466, 44.9306375 ] } },
{ "type": "Feature", "properties": { "technicien": "Heithem ABID", "secteur": 12 }, "geometry": { "type": "Point", "coordinates": [ 6.2353033, 46.191446 ] } },
{ "type": "Feature", "properties": { "technicien": "Karim MOKNECHE", "secteur": 30 }, "geometry": { "type": "Point", "coordinates": [ 4.8937466, 44.9306375 ] } },
{ "type": "Feature", "properties": { "technicien": "Heithem ABID", "secteur": 12 }, "geometry": { "type": "Point", "coordinates": [ 6.2353033, 46.191446 ] } }
]
}
