Agence,NomAgence,Référence,Type,Arrêt,Adresse,Ville,Secteur Inter.,Nom Client,Nom Technicien
0001,Agence Genas,AF16004,Ascenseur,Non,46/48 rue Pierre Sémard – CS27100,Lyon,0045,DIMA PROTECHNIC,Mohamed BESSAFI
0001,Agence Genas,AF16007,Porte de garage,Non,"2, ALLEE DES BOUVREUILS ",TASSIN LA DEMI LUNE,0073,SDC LE SYCOMORE,Yann GENIEIS
0001,Agence Genas,AF16008,Portail,Non,"21,CHEMIN DE CHIRADIE",BRIGNAIS,0073,SDC LA CHIRADIE,Yann GENIEIS
0001,Agence Genas,AF16009,Ascenseur,Non,"43,QUAI PIERRE SCIZE ",LYON,0072,"SDC - 43, QUAI PIERRE SCIZE ",Nouredine BOUNAAS
0001,Agence Genas,AF16015,Ascenseur,Non,"23, RUE LORTET ",LYON,0045,"SDC 23, RUE LORTET ",Mohamed BESSAFI
0001,Agence Genas,AF16013,Ascenseur,Non,6 rue des Teinturiers,LYON,0053,SDC- L'HELIODORE,Christopher WILTORD
0001,Agence Genas,AF16014,Ascenseur,Non,80 cours de la République,Villeurbanne,0027,SDC - 80 COURS DE LA RÉPUBLIQUE ,Luc CHAROLLAIS
0001,Agence Genas,AF16019,Ascenseur,Non,"1, QUAI FULCHIRON ",lyon,0072,"SDC - 1,QUAI FULCHIRON",Nouredine BOUNAAS
0001,Agence Genas,CN086A1,Ascenseur,Non,"4, RUE ANDRE PALISSON ",OYONNAX,0048,RESIDENCE CROIX ROUSSE,Paul SAULNIER
0001,Agence Genas,CN086A2,Ascenseur,Non,"2, RUE ANDRE PALISSON ",OYONNAX,0048,RESIDENCE CROIX ROUSSE,Paul SAULNIER
0001,Agence Genas,CN086H,Ascenseur,Oui,"1, PLACE LIEUTENANT BRUN",OYONNAX,0048,RESIDENCE CROIX ROUSSE,Paul SAULNIER
0001,Agence Genas,CN088,Ascenseur,Non,"12, CLOS DES MURIERS",SAINT MAURICE SUR DARGOIRE ,0006,SDC Les Balcons de Saint Maurice,Aurélien GUERIN
0001,Agence Genas,AF16053,Porte de garage,Non,"ROUTE DE FONDRIEU, Bat A",RONTALON,0073,LES TERRASSES DU BOURG,Yann GENIEIS
0001,Agence Genas,AF16054,Porte de garage,Non,"ROUTE DE FONDRIEU, Bat B",RONTALON,0073,LES TERRASSES DU BOURG,Yann GENIEIS
0001,Agence Genas,AF16055,Porte de garage,Non,"ROUTE DE FONDRIEU, Bat C",RONTALON,0073,LES TERRASSES DU BOURG,Yann GENIEIS
0001,Agence Genas,AF16056,Ascenseur,Non,"2, AVENUE DAMICHON",CRAPONNE,0006,SDC VILLA ADRIANA,Aurélien GUERIN
0001,Agence Genas,AF16059,Ascenseur,Non,"17, BOULEVARD DE LA DUCHERE référence 1058/3459",LYON,0072,SDC - LA CANOPEE,Nouredine BOUNAAS
0001,Agence Genas,AF16060,Porte automatique,Non,15/17 BOULEVARD DE LA DUCHERE référence 1058/3451,LYON,0021,SDC - LA CANOPEE,Romain RICORDEAU 
0001,Agence Genas,AF16061,Ascenseur,Non,39 Cours Franklin Roosevelt,LYON,0056,SDC 39 FRANKLIN ROOSEVELT,Yaya DOUCOURE 
0001,Agence Genas,AF16092,Ascenseur,Non,2 quai Jean Moulin,LYON,0056,SDC 2 QUAI JEAN MOULIN,Yaya DOUCOURE 
0001,Agence Genas,AF18099,Ascenseur,Non,"1, RUE TRONCHET",LYON,0056,"SDC 1, RUE TRONCHET",Yaya DOUCOURE 
0001,Agence Genas,AF16102,Ascenseur,Non,20 rue Juiverie,LYON,0072,SDC 20 rue Juiverie,Nouredine BOUNAAS
0001,Agence Genas,AF16103,Ascenseur,Non,15.17.19 rue Charles de Gaulle,GRIGNY,0070,SDC LES HAUTS DE GRIGNY I,Guillaume LANGLOIS
0001,Agence Genas,AF16104,Ascenseur,Non,"338,Avenue Berthelot",LYON,0045,SDC 338 Avenue Berthelot,Mohamed BESSAFI
0001,Agence Genas,AF16105,Ascenseur,Non,30 rue du Docteur Bonhomme,LYON,0045,PATIO LUMIÈRE ,Mohamed BESSAFI
0001,Agence Genas,AF16106,Ascenseur,Non,5 impasse des platanes,LYON,0045,PATIO LUMIÈRE ,Mohamed BESSAFI
0001,Agence Genas,AF16109,Portail,Non,15.17.19 rue Charles de Gaulle,GRIGNY,0073,SDC LES HAUTS DE GRIGNY I,Yann GENIEIS
0001,Agence Genas,AF16110,Porte de garage,Non,15.17.19 rue Charles de Gaulle,GRIGNY,0073,SDC LES HAUTS DE GRIGNY I,Yann GENIEIS
0001,Agence Genas,AF16111,Porte de garage,Non,15.17.19 rue Charles de Gaulle,GRIGNY,0073,SDC LES HAUTS DE GRIGNY I,Yann GENIEIS
0001,Agence Genas,AF16112,Ascenseur,Oui,21 rue Vauban,LYON,0056,SDC 21 rue Vauban,Yaya DOUCOURE 
0001,Agence Genas,AF16116,Monte-Charge,Non,11 rue de la Barre,LYON,0056,SUSHI SHOP,Yaya DOUCOURE 
0001,Agence Genas,AF16122,Ascenseur,Non,34 avenue Debourg,LYON,0045,SDC LE LIBERTY SQUARE,Mohamed BESSAFI
0001,Agence Genas,AF16130,Ascenseur,Non,22 rue Joseph Serlin,LYON,0047,SDC 22 RUE JOSEPH SERLIN,Nefis ALIOUCHE
0001,Agence Genas,AF16142,Ascenseur,Non,44 rue de la Favorite Allée A,LYON,0072,SDC LES CEDRES,Nouredine BOUNAAS
0001,Agence Genas,AF16143,Ascenseur,Non,44 rue de la Favorite Allée B,LYON,0072,SDC LES CEDRES,Nouredine BOUNAAS
0001,Agence Genas,AF16144,Ascenseur,Non,44 rue de la Favorite Allée C,LYON,0072,SDC LES CEDRES,Nouredine BOUNAAS
0001,Agence Genas,AF16149,Monte-Charge,Non,"34 bis, boulevard des Brotteaux",LYON,0056,L'HORLOGE DES BROTTEAUX,Yaya DOUCOURE 
0001,Agence Genas,AF16150,Ascenseur,Non,1 rue du collège,BOUGOIN JALIEU,0070,SCI MANAPISA,Guillaume LANGLOIS
0001,Agence Genas,AF16174,Ascenseur,Non,128 rue Antoine Charial (Bâtiment A),LYON,0053,SDC GREEN CASCADE,Christopher WILTORD
0001,Agence Genas,AF16175,Ascenseur,Non,130 rue Antoine Charial (Bâtiment B),LYON,0053,SDC GREEN CASCADE,Christopher WILTORD
0001,Agence Genas,AF16177,Ascenseur,Non,134 rue Antoine Charial (Bâtiment C),LYON,0053,SDC GREEN CASCADE,Christopher WILTORD
0001,Agence Genas,AF16178,Ascenseur,Non,136 rue Antoine Charial (Bâtiment D),LYON,0053,SDC GREEN CASCADE,Christopher WILTORD
0001,Agence Genas,AF16179,Porte de garage,Non,20 rue de l'espérance,LYON,0021,SDC GREEN CASCADE,Romain RICORDEAU 
0001,Agence Genas,AF16226,Ascenseur,Non,24 Rue de La Part Dieu ,LYON,0053,SCI MARCEL,Christopher WILTORD
0001,Agence Genas,525776,Portail,Non,68-72 rue Bataille,LYON,0021,SNEF - Marché Orange Bron Fermeture,Romain RICORDEAU 
0001,Agence Genas,AF16233,Ascenseur,Oui,11 Cours Lafayette,LYON,0056,SDC 11 cours Lafayette ,Yaya DOUCOURE 
0001,Agence Genas,AF17237,Ascenseur,Oui,"5 rue Alsace Lorraine, 6 rue royale",LYON,0047,SDC 5 RUE ALSACE LORRAINE - 6 RUE ROYALE,Nefis ALIOUCHE
0001,Agence Genas,AF16238,Ascenseur,Non,23 Rue Docteur Bonhomme,LYON,0053,SDC LE VERSEAU,Christopher WILTORD
0001,Agence Genas,AF16239,Ascenseur,Non,25 Rue Docteur Bonhomme,LYON,0053,SDC LE VERSEAU,Christopher WILTORD
0001,Agence Genas,AF16240,Ascenseur,Non,119 Cours Albert Thomas ,LYON,0053,SDC LE VERSEAU,Christopher WILTORD
0001,Agence Genas,AF16241,Ascenseur,Non,121 Cours Albert Thomas ,LYON,0053,SDC LE VERSEAU,Christopher WILTORD
0001,Agence Genas,AF16242,Portail,Non,17 rue Marcel Mérieux,Corbas,0073,GRAND FRAIS,Yann GENIEIS
0001,Agence Genas,AF16243,Portail,Non,17 rue Marcel Mérieux,Corbas,0073,GRAND FRAIS,Yann GENIEIS
0001,Agence Genas,AF16244,Ascenseur,Non,51 Grande rue de la Guillotière,LYON,0045,SDC Le Porche de La Guille,Mohamed BESSAFI
0001,Agence Genas,AF16254,Ascenseur,Non,24 Rue Mazenod,LYON,0053,SDC 24 rue Mazenod,Christopher WILTORD
0001,Agence Genas,AF17259,Ascenseur,Non,16 rue du Plat,LYON,0056,SDC 16 rue du Plat,Yaya DOUCOURE 
0001,Agence Genas,AF17306,Porte de garage,Non,23 rue Sergent Michel Berthet,LYON,0021,MMA Cheney,Romain RICORDEAU 
0001,Agence Genas,AF16307,Ascenseur,Non,8 - 10 - 12 Rue de Lattre de Tassigny     ,La Mulatière ,0071,SDC LA MULATINE,Kenzy CHABBI
0001,Agence Genas,AF16308,Ascenseur,Non,8 - 10 - 12 Rue de Lattre de Tassigny     ,La Mulatière ,0071,SDC LA MULATINE,Kenzy CHABBI
0001,Agence Genas,AF16309,Ascenseur,Non,8 - 10 - 12 Rue de Lattre de Tassigny     ,La Mulatière ,0071,SDC LA MULATINE,Kenzy CHABBI
0001,Agence Genas,AF16310,Ascenseur,Non,57 - 59 - 61 Avenue Valioud     ,SAINTE FOY LES LYON,0071,SDC LE VAL ROSE ,Kenzy CHABBI
0001,Agence Genas,AF16311,Ascenseur,Non,57 - 59 - 61 Avenue Valioud     ,SAINTE FOY LES LYON,0071,SDC LE VAL ROSE ,Kenzy CHABBI
0001,Agence Genas,AF16312,Ascenseur,Non,57 - 59 - 61 Avenue Valioud     ,SAINTE FOY LES LYON,0071,SDC LE VAL ROSE ,Kenzy CHABBI
0001,Agence Genas,AF16313,Ascenseur,Non,306 Rue Duguesclin     ,LYON,0053,SDC LE SERENO,Christopher WILTORD
0001,Agence Genas,571703,Portail,Non,172 Rue Picardie,LA VERPILLIERE,0058,SNEF - Marché Orange Nord Isère Fermeture,Olivier VUILLAUME 
0001,Agence Genas,AF237569,Porte automatique,Non,12 RUE DU CREUZAT,L'ISLE-D'ABEAU,0058,SNEF - Marché Orange Nord Isère Fermeture,Olivier VUILLAUME 
0001,Agence Genas,578877,Porte automatique,Non,12 RUE DU CREUZAT,L'ISLE-D'ABEAU,0058,SNEF - Marché Orange Nord Isère Fermeture,Olivier VUILLAUME 
0001,Agence Genas,AF16389,Portail,Non,"54, Saint theobald ",L'ISLE-D'ABEAU,0058,SNEF - Marché Orange Nord Isère Fermeture,Olivier VUILLAUME 
0001,Agence Genas,578873,Portail,Non,8 A 10 AVENUE BEAUSEJOUR,VIENNE,0073,SNEF - Marché Orange Nord Isère Fermeture,Yann GENIEIS
0001,Agence Genas,525644,Portail,Non,1 AVENUE DES ALPES,BOURGOIN-JALLIEU,0058,SNEF - Marché Orange Nord Isère Fermeture,Olivier VUILLAUME 
0001,Agence Genas,AF16395,Ascenseur,Non,11 rue Dom Rémy - 17 passage Feuillat Allée AB,LYON,0053,SDC Les Allées Part-Dieu Montplaisir,Christopher WILTORD
0001,Agence Genas,AF16396,Ascenseur,Non,11 rue Dom Rémy - 17 passage Feuillat Allée C,LYON,0053,SDC Les Allées Part-Dieu Montplaisir,Christopher WILTORD
0001,Agence Genas,AF16397,Ascenseur,Non,11 rue Dom Rémy - 17 passage Feuillat Allée D,LYON,0053,SDC Les Allées Part-Dieu Montplaisir,Christopher WILTORD
0001,Agence Genas,AF16399,Ascenseur,Non,13 AVENUE DEBROUSSE,LYON,0071,SDC LES JARDINS DE FONTANIERE,Kenzy CHABBI
0001,Agence Genas,AF17411,Portail,Non,"9, Avenue Albert Thomas ",Saint Fons ,0073,SNEF - Marché Orange Bron Fermeture,Yann GENIEIS
0001,Agence Genas,AF17412,Ascenseur,Non,204 cours Emile Zola,Villeurbanne,0027,SDC 204 cours Emile Zola,Luc CHAROLLAIS
0001,Agence Genas,AF250413,Portail,Non,1-11 RUE JEAN PAUL CHARRA,Vaulx en Velin,0021,SDC LE VERT HORIZON,Romain RICORDEAU 
0001,Agence Genas,AF17419,Ascenseur,Non,"17, rue de la Part Dieu",LYON,0053,SDC LE GRIGNAN,Christopher WILTORD
0001,Agence Genas,AF17426,Ascenseur,Non,78 cours Docteur long,Lyon,0053,SDC 78 COURS DOCTEUR LONG,Christopher WILTORD
0001,Agence Genas,AF17427,Ascenseur,Non,2 rue Jean-François Ligonnet,Saint Bonnet de Mure,0070,SDC LE LEVANT,Guillaume LANGLOIS
0001,Agence Genas,AF17428,Ascenseur,Non,4 rue Jean-François Ligonnet,Saint Bonnet de Mure,0070,SDC LE LEVANT,Guillaume LANGLOIS
0001,Agence Genas,AF17429,Ascenseur,Non,6 rue Charles Plagnard,Saint Bonnet de Mure,0070,SDC Le Ponant,Guillaume LANGLOIS
0001,Agence Genas,AF17430,Ascenseur,Non,8 rue Charles Plagniard,Saint Bonnet de Mure,0070,SDC Le Ponant,Guillaume LANGLOIS
0001,Agence Genas,hors contrat,Monte-Charge,Non,129 Avenue Philippe Auguste,PARIS,0004,PRESTASERVICE,ILEX-Paris
0001,Agence Genas,AF200441,Ascenseur,Non,40-45 Louis Braille  Ascenseur Tour 1,Saint Priest,0065,SDC LE MENIVAL GRAVIERE,Khalil BELLAL
0001,Agence Genas,AF17442,Portail,Non,28 rue du Champ Dolin,Saint PRIEST ,0058,EBM - SOGEA,Olivier VUILLAUME 
0001,Agence Genas,AF17443,Portail,Non,28 rue du Champ Dolin,Saint PRIEST ,0058,EBM - SOGEA,Olivier VUILLAUME 
0001,Agence Genas,AF17444,Portail,Non,28 rue du Champ Dolin,Saint PRIEST CEDEX ,0058,EBM - SOGEA,Olivier VUILLAUME 
0001,Agence Genas,AF17451,Porte automatique,Non,18 au 28 chemin JB Gilliard,Caluire et Cuire,0021,SDC LE PETIT VERSAILLES ,Romain RICORDEAU 
0001,Agence Genas,AF17452,Porte automatique,Non,18 au 28 chemin JB Gilliard,Caluire et Cuire,0021,SDC LE PETIT VERSAILLES ,Romain RICORDEAU 
0001,Agence Genas,AF17453,Portail,Non,18 au 28 chemin JB Gilliard,Caluire et Cuire,0021,SDC LE PETIT VERSAILLES ,Romain RICORDEAU 
0001,Agence Genas,AF17454,Portail,Non,18 au 28 chemin JB Gilliard,Caluire et Cuire,0021,SDC LE PETIT VERSAILLES ,Romain RICORDEAU 
0001,Agence Genas,AF17455,Porte de garage,Non,18 au 28 chemin JB Gilliard,Caluire et Cuire,0021,SDC LE PETIT VERSAILLES ,Romain RICORDEAU 
0001,Agence Genas,AF18460,Ascenseur,Non,271 rue Paul Bert,LYON,0053,SDC 271 RUE PAUL BERT,Christopher WILTORD
0001,Agence Genas,AF17462,Ascenseur,Non,295 route de vienne,Vénissieux,0065,LE GAI LOGIS,Khalil BELLAL
0001,Agence Genas,AF17463,Ascenseur,Non,295 route de vienne,Vénissieux,0065,LE GAI LOGIS,Khalil BELLAL
0001,Agence Genas,AF17464,Ascenseur,Non,295 route de vienne,Vénissieux,0065,LE GAI LOGIS,Khalil BELLAL
0001,Agence Genas,AF17489,Portail,Non,19 Bis rue Boiron,MORNANT,0073,SDC Les Papillons,Yann GENIEIS
0001,Agence Genas,AF17490,Porte de garage,Non,19 Bis rue Boiron,MORNANT,0073,SDC Les Papillons,Yann GENIEIS
0001,Agence Genas,AF17494,Ascenseur,Non,27 bis rue de l'Egalité,Vaulx en Velin,0047,SDC Les Bosquets,Nefis ALIOUCHE
0001,Agence Genas,AF17495,Ascenseur,Non,27 bis rue de l'Egalité,Vaulx en Velin,0047,SDC Les Bosquets,Nefis ALIOUCHE
0001,Agence Genas,AF17496,Ascenseur,Non,27 bis rue de l'Egalité,Vaulx en Velin,0047,SDC Les Bosquets,Nefis ALIOUCHE
0001,Agence Genas,AF17497,Ascenseur,Non,27 bis rue de l'Egalité,Vaulx en Velin,0047,SDC Les Bosquets,Nefis ALIOUCHE
0001,Agence Genas,AF17521,Portail,Non,31 rue Boiron ,MORNANT,0073,SDC Pole Santé ,Yann GENIEIS
0001,Agence Genas,AF17608,Ascenseur,Non,3 rue Vaillant Couturier,Vénissieux,0065,Les Deux Moulins,Khalil BELLAL
0001,Agence Genas,AF17609,Ascenseur,Non,5 rue Vaillant Couturier,Vénissieux,0065,Les Deux Moulins,Khalil BELLAL
0001,Agence Genas,AF17646,Ascenseur,Non,20 cours Charlemagne,LYON,0056,SDC 20 cours Charlemagne,Yaya DOUCOURE 
0001,Agence Genas,AF17689,Ascenseur,Non,2/4 rue Hector Berlioz,La Tour du Pin,0070,ENVISOL,Guillaume LANGLOIS
0001,Agence Genas,AF17691,Ascenseur,Non,115 RUE VENDOME,LYON,0056,SDC 115 rue Vendôme,Yaya DOUCOURE 
0001,Agence Genas,AF17692,Ascenseur,Non,113 RUE VENDOME,LYON,0056,SDC 113 rue Vendôme ,Yaya DOUCOURE 
0001,Agence Genas,AF17693,Ascenseur,Non,26 rue de la Part Dieu,LYON,0053,SDC Le Platinium ,Christopher WILTORD
0001,Agence Genas,AF200695,Ascenseur,Non,57 Avenue Viviani,LYON,0045,SDC LES AMANDIERS,Mohamed BESSAFI
0001,Agence Genas,AF200696,Ascenseur,Non,59 Avenue Viviani,LYON,0045,SDC LES AMANDIERS,Mohamed BESSAFI
0001,Agence Genas,AF17699,Ascenseur,Non,19 bis rue Boiron ,MORNANT,0006,SDC Les Papillons,Aurélien GUERIN
0001,Agence Genas,AF17700,Ascenseur,Non,270 cours Lafayette,LYON,0053,SDC Les Jardins de Lafayette,Christopher WILTORD
0001,Agence Genas,AF17701,Ascenseur,Non,21 rue Saint Antoine,LYON,0053,SDC Les Jardins de Lafayette,Christopher WILTORD
0001,Agence Genas,AF17702,Porte basculante,Non,21 rue Saint Antoine,LYON,0021,SDC Les Jardins de Lafayette,Romain RICORDEAU 
0001,Agence Genas,AF18703,Ascenseur,Non,3 rue André Janier,Rillieux la Pape,0047,SDC Avant Scene,Nefis ALIOUCHE
0001,Agence Genas,AF18704,Ascenseur,Non,1 rue André Janier,Rillieux la Pape,0047,SDC Avant Scene,Nefis ALIOUCHE
0001,Agence Genas,AF18705,Ascenseur,Non,2518 Route de Strasbourg,Rillieux la Pape,0047,SDC Avant Scene,Nefis ALIOUCHE
0001,Agence Genas,AF18706,Ascenseur,Non,4 rue Alain Mimoun,Rillieux la Pape,0047,SDC Avant Scene,Nefis ALIOUCHE
0001,Agence Genas,AF18707,Ascenseur,Non,2 rue Alain Mimoun,Rillieux la Pape,0047,SDC Avant Scene,Nefis ALIOUCHE
0001,Agence Genas,AF17708,Ascenseur,Non,386 Avenue Charles de Gaulle,Villieu Loyes Mollon,0070,SDC LE CLOS POLLET,Guillaume LANGLOIS
0001,Agence Genas,AF17709,Porte de garage,Non,386 Avenue Charles de Gaulle,Villieu Loyes Mollon,0027,SDC LE CLOS POLLET,Luc CHAROLLAIS
0001,Agence Genas,AF17710,Ascenseur,Non,70 avenue point du jour,LYON,0072,SDC LA FENICE,Nouredine BOUNAAS
0001,Agence Genas,AF17711,Ascenseur,Non,229 rue Duguesclin,LYON,0053,SDC 229 DUGUESCLIN,Christopher WILTORD
0001,Agence Genas,AF17713,Ascenseur,Non,3 rue FENELON,LYON,0056,SDC 3 RUE FENELON,Yaya DOUCOURE 
0001,Agence Genas,AF17714,Ascenseur,Non,11 rue Emile Zola,LYON,0056,SDC 11 rue Emile Zola,Yaya DOUCOURE 
0001,Agence Genas,AF17723,Portail,Non,"17, rue de la Part Dieu",LYON,0021,SDC LE GRIGNAN,Romain RICORDEAU 
0001,Agence Genas,AF170732,Porte de garage,Non,Rue de la forge / Montée du pensionnat,TALUYERS,0073,SDC Le Clos du centre,Yann GENIEIS
0001,Agence Genas,525780,Rideau,Non,68-72 rue Bataille,LYON,0021,SNEF - Marché Orange Bron Fermeture,Romain RICORDEAU 
0001,Agence Genas,AF17809,Ascenseur,Non,26 rue Masaryk,LYON,0072,SDC 26 rue Masaryk,Nouredine BOUNAAS
0001,Agence Genas,AF17810,Ascenseur,Non,26 Bis rue Masaryk,LYON,0072,SDC 26 Bis rue Masaryk,Nouredine BOUNAAS
0001,Agence Genas,AF17811,Monte-Charge,Non,6 rue du Petit David,LYON,0056,SOHO Café,Yaya DOUCOURE 
0001,Agence Genas,AF17812,Porte de garage,Non,26 rue de la Part Dieu,LYON,0021,SDC Le Platinium ,Romain RICORDEAU 
0001,Agence Genas,AF17818,Ascenseur,Non,119 Avenue des Frères Lumières,LYON,0045,SDC 119 AVENUE DES FRERES LUMIERES,Mohamed BESSAFI
0001,Agence Genas,AF17819,Ascenseur,Non,24 rue Paul Bert ,Saint Fons,0065,SDC Le Diapason,Khalil BELLAL
0001,Agence Genas,AF17820,Ascenseur,Non,9/11/13 rue de Gerland - BAT A,LYON,0071,SDC LE LAOLA,Kenzy CHABBI
0001,Agence Genas,AF17821,Ascenseur,Non,9/11/13 rue de Gerland - BAT B,LYON,0071,SDC LE LAOLA,Kenzy CHABBI
0001,Agence Genas,AF17822,Ascenseur,Non,9/11/13 rue de Gerland - BAT C,LYON,0071,SDC LE LAOLA,Kenzy CHABBI
0001,Agence Genas,AF17823,Ascenseur,Oui,9/11/13 rue de Gerland - BAT D,LYON,0071,SDC LE LAOLA,Kenzy CHABBI
0001,Agence Genas,AF17824,Ascenseur,Non,9/11/13 rue de Gerland - BAT E,LYON,0071,SDC LE LAOLA,Kenzy CHABBI
0001,Agence Genas,AF17829,Ascenseur,Non,111 RUE VENDOME,LYON,0056,SDC 111 rue Vendôme,Yaya DOUCOURE 
0001,Agence Genas,AF17830,Porte de garage,Non,6 bis allée des Charmilles,SEREZIN DU RHONE,0073,SDC Les Jardins de Forcheron ,Yann GENIEIS
0001,Agence Genas,AF17831,Portail,Non,6 bis allée des Charmilles,SEREZIN DU RHONE,0073,SDC Les Jardins de Forcheron ,Yann GENIEIS
0001,Agence Genas,AF17833,Ascenseur,Non,109 RUE VENDOME,LYON,0056,SDC 109 rue Vendôme,Yaya DOUCOURE 
0001,Agence Genas,AF17837,Porte de garage,Non,12 rue Dunoir,LYON,0021,SDC VENDOME DUNOIR,Romain RICORDEAU 
0001,Agence Genas,AF17838,Porte de garage,Non,12 rue Dunoir,LYON,0021,SDC VENDOME DUNOIR,Romain RICORDEAU 
0001,Agence Genas,AF17840,Ascenseur,Non,20 rue des Frères Montgolfier ,CHASSIEU,0070,Immeuble Mi-Plaine,Guillaume LANGLOIS
0001,Agence Genas,AF17849,Porte de garage,Non,9/11/13 rue de Gerland,LYON,0021,SDC LE LAOLA,Romain RICORDEAU 
0001,Agence Genas,AF17851,Porte de garage,Non,9/11/13 rue de Gerland,LYON,0021,SDC LE LAOLA,Romain RICORDEAU 
0001,Agence Genas,AF17852,Porte de garage,Non,9/11/13 rue de Gerland,LYON,0021,SDC LE LAOLA,Romain RICORDEAU 
0001,Agence Genas,AF17853,Porte de garage,Non,9/11/13 rue de Gerland,LYON,0021,SDC LE LAOLA,Romain RICORDEAU 
0001,Agence Genas,AF18856,Portail,Non,8 - 10 - 12 Rue de Lattre de Tassigny     ,La Mulatière ,0073,SDC LA MULATINE,Yann GENIEIS
0001,Agence Genas,AF17864,Portail,Non,46/48 rue Pierre Sémard – CS27100,Lyon Cedex 07,0021,DIMA PROTECHNIC,Romain RICORDEAU 
0001,Agence Genas,AF17865,Rideau,Non,46/48 rue Pierre Sémard – CS27100,Lyon,0021,DIMA PROTECHNIC,Romain RICORDEAU 
0001,Agence Genas,AF17866,Porte sectionnelle,Non,46/48 rue Pierre Sémard – CS27100,Lyon Cedex 07,0021,DIMA PROTECHNIC,Romain RICORDEAU 
0001,Agence Genas,AF17867,Porte automatique,Non,46/48 rue Pierre Sémard – CS27100,Lyon Cedex 07,0021,DIMA PROTECHNIC,Romain RICORDEAU 
0001,Agence Genas,AF17876,Ascenseur,Non,36 rue Richelieu,Villeurbanne,0027,CENTRE D'HEBERGEMENT LE RICHELIEU,Luc CHAROLLAIS
0001,Agence Genas,AF17877,Porte automatique,Non,71 Avenue Berthelot,LYON,0021,SAS LAME,Romain RICORDEAU 
0001,Agence Genas,AF17878,Porte automatique,Non,71 Avenue Berthelot,LYON,0021,SAS LAME,Romain RICORDEAU 
0001,Agence Genas,AF17879,Rideau,Non,71 Avenue Berthelot,LYON,0021,SAS LAME,Romain RICORDEAU 
0001,Agence Genas,AF17880,Rideau,Non,71 Avenue Berthelot,LYON,0021,SAS LAME,Romain RICORDEAU 
0001,Agence Genas,AF17894,Rideau,Non,"30, Avenue du Général de Gaulle ",CHAMPAGNE AU MONT D'OR ,0073,TROC SPORT ,Yann GENIEIS
0001,Agence Genas,AF17895,Rideau,Non,"30, Avenue du Général de Gaulle ",CHAMPAGNE AU MONT D'OR ,0073,TROC SPORT ,Yann GENIEIS
0001,Agence Genas,AF17897,Ascenseur,Non,25 Rue Léo et Maurice Trouilhet,LYON,0045,Ecole Privée Saint Maurice,Mohamed BESSAFI
0001,Agence Genas,AM27747X,EPMR elevtr pr pers a mobilité reduite,Non,PLACE BRILLAT SAVARIN,CHAMPAGNE VALROMEY,0070,Marché Crédit Agricole ,Guillaume LANGLOIS
0001,Agence Genas,AM37990X,EPMR elevtr pr pers a mobilité reduite,Non,Rue Du Commerce, Villars-les-Dombes,0070,Marché Crédit Agricole ,Guillaume LANGLOIS
0001,Agence Genas,CN092B,EPMR elevtr pr pers a mobilité reduite,Non,"3, rue de Bellevue",OYONNAX,0048,RESIDENCE ETUDIANTE,Paul SAULNIER
0001,Agence Genas,AF171349,Portail,Non,"64, Rue des Grands Chênes ",MONTBRISON,0025,MTO - POLE EMPLOI,Bruno THOLY 
0001,Agence Genas,AF171350,Porte automatique,Non,"64, Rue des Grands Chênes ",MONTBRISON,0025,MTO - POLE EMPLOI,Bruno THOLY 
0001,Agence Genas,AF181354,Ascenseur,Oui,26 RUE DOYENNE - 11 SAINT GEORGES,LYON,0072,SDC 26 RUE DOYENNE - 11 ST GEORGES,Nouredine BOUNAAS
0001,Agence Genas,AF171386,Ascenseur,Non,8 rue Pierre Robin ,LYON,0045,SDC Le Tradition,Mohamed BESSAFI
0001,Agence Genas,AF171387,Ascenseur,Non,10 rue Pierre Robin ,LYON,0045,SDC Le Tradition,Mohamed BESSAFI
0001,Agence Genas,AF171388,Ascenseur,Non,12 rue Pierre Robin ,LYON,0045,SDC Le Tradition,Mohamed BESSAFI
0001,Agence Genas,AF171389,Ascenseur,Non,14 rue Pierre Robin ,LYON,0045,SDC Le Tradition,Mohamed BESSAFI
0001,Agence Genas,AF171390,Ascenseur,Non,29 rue Jules Brunard,LYON,0045,SDC Le Tradition,Mohamed BESSAFI
0001,Agence Genas,AF171392,Ascenseur,Non,139 Guillotière,LYON,0045,SDC LE RENOIR,Mohamed BESSAFI
0001,Agence Genas,AF211395,Ascenseur,Non,41 QUAI SAINT VINCENT,LYON,0056,SDC 41 QUAI SAINT VINCENT,Yaya DOUCOURE 
0001,Agence Genas,AF171398,Ascenseur,Non,60 rue de Marseille ,LYON,0045,SDC 60 rue de Marseille,Mohamed BESSAFI
0001,Agence Genas,AF171399,Ascenseur,Non,45 rue Rachais,LYON,0045,SDC LE RENOIR,Mohamed BESSAFI
0001,Agence Genas,AF171400,Ascenseur,Non,23 rue du bat d'Argent,LYON,0056,SDC 23 rue Bat d'Argent,Yaya DOUCOURE 
0001,Agence Genas,AF171401,Ascenseur,Non,5 rue des bons Enfants,LYON,0045,SDC VIA COSY,Mohamed BESSAFI
0001,Agence Genas,AF171402,Ascenseur,Non,5 rue Victor Fort,LYON,0047,SDC 5 RUE VICTOR FORT,Nefis ALIOUCHE
0001,Agence Genas,AF171403,Ascenseur,Non,14 rue Pierre Bourgeois ,Caluire et Cuire,0047,LARGILLIERE,Nefis ALIOUCHE
0001,Agence Genas,AF171404,Ascenseur,Non,14 bis rue Pierre Bourgeois ,Caluire et Cuire,0047,LARGILLIERE,Nefis ALIOUCHE
0001,Agence Genas,AF171405,Ascenseur,Non,16 rue Pierre Bourgeois ,Caluire et Cuire,0047,LARGILLIERE,Nefis ALIOUCHE
0001,Agence Genas,AF171406,Ascenseur,Non,16 bis rue Pierre Bourgeois ,Caluire et Cuire,0047,LARGILLIERE,Nefis ALIOUCHE
0001,Agence Genas,AF171407,Ascenseur,Non,18 rue Pierre Bourgeois ,Caluire et Cuire,0047,LARGILLIERE,Nefis ALIOUCHE
0001,Agence Genas,AF171408,Ascenseur,Non,18 bis rue Pierre Bourgeois ,Caluire et Cuire,0047,LARGILLIERE,Nefis ALIOUCHE
0001,Agence Genas,525732,Portail,Non,"12, RUE DU CREUSAT ",L'ISLE-D'ABEAU,0058,SNEF - Marché Orange Nord Isère Fermeture,Olivier VUILLAUME 
0001,Agence Genas,AF171412,Porte de garage,Non,2 avenue Damichon,CRAPONNE,0006,SDC VILLA ADRIANA,Aurélien GUERIN
0001,Agence Genas,AF181480,Porte de garage,Non,3 Boulevard de la Croix-rousse,LYON,0021,SDC BEAU SITE,Romain RICORDEAU 
0001,Agence Genas,AM14120X,Ascenseur,Non,12 RUE DU CREUZAT,ISLE D'ABEAU,0070,SNEF ORANGE ASCENSEURS BRON,Guillaume LANGLOIS
0001,Agence Genas,CT474604,Ascenseur,Non,13 A 18 QUAI GAILLETON,LYON 2E ARRONDISSEMENT,0056,SNEF ORANGE ASCENSEURS BRON,Yaya DOUCOURE 
0001,Agence Genas,AM45128D,Ascenseur,Non,13 A 18 QUAI GAILLETON,LYON 2E ARRONDISSEMENT,0056,SNEF ORANGE ASCENSEURS BRON,Yaya DOUCOURE 
0001,Agence Genas,AM17018R,Ascenseur,Non,654 COURS DU 3E MILLENAIRE ,SAINT PRIEST,0065,SNEF ORANGE ASCENSEURS BRON,Khalil BELLAL
0001,Agence Genas,AM17019R,Ascenseur,Non,654 COURS DU 3E MILLENAIRE ,SAINT PRIEST,0065,SNEF ORANGE ASCENSEURS BRON,Khalil BELLAL
0001,Agence Genas,CT413906,Ascenseur,Oui,12 RUE BRIGADIER VOITURET,LYON 7E ARRONDISSEMENT,0045,SNEF ORANGE ASCENSEURS BRON,Mohamed BESSAFI
0001,Agence Genas,AF181593,Ascenseur,Non,11 RUE CHRISTIAN LACOUTURE,BRON,0071,SDC LA ROSERAIE,Kenzy CHABBI
0001,Agence Genas,AF171603,Portail,Non,380 RUE GUSTAVE EIFFEL,MEYZIEU,0058,ATALIAN MAINTENANCE & ENERGIE,Olivier VUILLAUME 
0001,Agence Genas,AF171604,Porte sectionnelle,Non,380 RUE GUSTAVE EIFFEL,MEYZIEU,0058,ATALIAN MAINTENANCE & ENERGIE,Olivier VUILLAUME 
0001,Agence Genas,AF171616,Portail,Non,9 RUE CARNOT,SAINT CYR AU MONT D'OR,0073,Ecole Nationale de Police,Yann GENIEIS
0001,Agence Genas,AF171617,Barrière Levante,Non,9 RUE CARNOT,SAINT CYR AU MONT D'OR,0073,Ecole Nationale de Police,Yann GENIEIS
0001,Agence Genas,AF171618,Barrière Levante,Non,9 RUE CARNOT,SAINT CYR AU MONT D'OR,0073,Ecole Nationale de Police,Yann GENIEIS
0001,Agence Genas,AF171619,Porte automatique,Non,9 RUE CARNOT,SAINT CYR AU MONT D'OR,0073,Ecole Nationale de Police,Yann GENIEIS
0001,Agence Genas,AF181624,Ascenseur,Non,4 COURS BAYARD,LYON,0056,SDC AU FIL DE L'EAU,Yaya DOUCOURE 
0001,Agence Genas,AF181626,Ascenseur,Non,10 TER AVENUE DE VERDUN,MORNANT,0006,SDC BEL AIR,Aurélien GUERIN
0001,Agence Genas,AF181627,Porte de garage,Non,10 TER AVENUE DE VERDUN,MORNANT,0073,SDC BEL AIR,Yann GENIEIS
0001,Agence Genas,AF181628,Ascenseur,Non,3 Boulevard de la Croix-rousse,LYON,0047,SDC BEAU SITE,Nefis ALIOUCHE
0001,Agence Genas,AF181629,Ascenseur,Non,3 Boulevard de la Croix-rousse,LYON,0047,SDC BEAU SITE,Nefis ALIOUCHE
0001,Agence Genas,AF181630,Ascenseur,Non,3 Boulevard de la Croix-rousse,LYON,0047,SDC BEAU SITE,Nefis ALIOUCHE
0001,Agence Genas,AF181631,Ascenseur,Non,3 Boulevard de la Croix-Rousse,LYON,0047,SDC BEAU SITE,Nefis ALIOUCHE
0001,Agence Genas,AF181632,Porte de garage,Non,3 Boulevard de la Croix-rousse,LYON,0021,SDC BEAU SITE,Romain RICORDEAU 
0001,Agence Genas,AF181633,Porte de garage,Non,3 Boulevard de la Croix-rousse,LYON,0021,SDC BEAU SITE,Romain RICORDEAU 
0001,Agence Genas,AF181635,Ascenseur,Non,21 QUAI SAINT ANTOINE,LYON,0056,SDC SAINT ANTOINE-46 MERCIERE,Yaya DOUCOURE 
0001,Agence Genas,AF18645,EPMR elevtr pr pers a mobilité reduite,Non,174 route de Massonas ,FRONTONAS,0070,SCI Château Frontonas,Guillaume LANGLOIS
0001,Agence Genas,AF181830,Ascenseur,Non,23 rue Guilloud,LYON,0053,SDC LE TITANIA,Christopher WILTORD
0001,Agence Genas,AF181831,Ascenseur,Non,23 rue Guilloud,LYON,0053,SDC LE TITANIA,Christopher WILTORD
0001,Agence Genas,AF181832,Ascenseur,Non,23 rue Guilloud,LYON,0053,SDC LE TITANIA,Christopher WILTORD
0001,Agence Genas,AF18836,Ascenseur,Non,32 rue des Aqueducs ,LYON,0072,SDC 32 RUE DES AQUEDUCS,Nouredine BOUNAAS
0001,Agence Genas,AF18837,Ascenseur,Non,32 rue des Aqueducs ,LYON,0072,SDC 32 RUE DES AQUEDUCS,Nouredine BOUNAAS
0001,Agence Genas,AF18838,Ascenseur,Non,32 rue des Aqueducs ,LYON,0072,SDC 32 RUE DES AQUEDUCS,Nouredine BOUNAAS
0001,Agence Genas,AF181839,Ascenseur,Non,14 rue du Grisard  - Bat A : 0079/61412670,Saint Priest,0065,L'Orée du Château  ,Khalil BELLAL
0001,Agence Genas,AF181840,Ascenseur,Non,14 rue du Grisard Bat B : 0079/61412671,Saint Priest,0065,L'Orée du Château  ,Khalil BELLAL
0001,Agence Genas,AF181841,Ascenseur,Non,14 rue du Grisard Bat C : 0079/61412672,Saint Priest,0065,L'Orée du Château  ,Khalil BELLAL
0001,Agence Genas,AF181842,Ascenseur,Non,2 AVENUE DES FRERES LUMIERE,LYON,0045,SDC 2 AVENUE DES FRERES LUMIERE,Mohamed BESSAFI
0001,Agence Genas,AF181843,Ascenseur,Non,56 A Chemin des Sétives,La Verpillière,0070,SDC La Villa Vulpillienne,Guillaume LANGLOIS
0001,Agence Genas,AF181844,Porte de garage,Non,56 A Chemin des Sétives,La Verpillière,0070,SDC La Villa Vulpillienne,Guillaume LANGLOIS
0001,Agence Genas,AF191845,Ascenseur,Non,10 rue Sainte Anne du Baraban,LYON,0053,Les Terrasses du Sacré coeur,Christopher WILTORD
0001,Agence Genas,AF181846,Ascenseur,Non,1 Rue des Mariniers ,condrieu,0070,L'UNION - MECS Le Port,Guillaume LANGLOIS
0001,Agence Genas,AF181848,park lift,Non,13 AVENUE CHARLES DE GAULLES,CHARBONNIERES LES BAINS,0006,SDC LE RICHELIEU,Aurélien GUERIN
0001,Agence Genas,AF181849,park lift,Non,13 AVENUE CHARLES DE GAULLES,CHARBONNIERES LES BAINS,0006,SDC LE RICHELIEU,Aurélien GUERIN
0001,Agence Genas,AF181850,park lift,Non,13 AVENUE CHARLES DE GAULLES,CHARBONNIERES LES BAINS,0006,SDC LE RICHELIEU,Aurélien GUERIN
0001,Agence Genas,AF181851,park lift,Non,13 AVENUE CHARLES DE GAULLES,CHARBONNIERES LES BAINS,0006,SDC LE RICHELIEU,Aurélien GUERIN
0001,Agence Genas,AF181852,park lift,Non,13 AVENUE CHARLES DE GAULLES,CHARBONNIERES LES BAINS,0006,SDC LE RICHELIEU,Aurélien GUERIN
0001,Agence Genas,AF191853,Ascenseur,Non,16 Rue de l'Abbaye d'Ainay,LYON,0056,ESME,Yaya DOUCOURE 
0001,Agence Genas,AF181855,Ascenseur,Non,11 rue constantine,LYON,0047,SDC 11 rue Constantine,Nefis ALIOUCHE
0001,Agence Genas,AF201856,Ascenseur,Non,40-45 Louis Braille  Ascenseur Tour 2,Saint Priest,0065,SDC LE MENIVAL GRAVIERE,Khalil BELLAL
0001,Agence Genas,AF181862,Porte automatique,Non,90 BD BOULEVARD DE VILLEFONTAINE,VILLEFONTAINE,0021,LES COMPAGNONS DU DEVOIR,Romain RICORDEAU 
0001,Agence Genas,AF181867,Portail,Non,90 BD BOULEVARD DE VILLEFONTAINE,VILLEFONTAINE,0021,LES COMPAGNONS DU DEVOIR,Romain RICORDEAU 
0001,Agence Genas,AF181868,Portail,Non,1 BOULEVARD DE VILLEFONTAINE,VILLEFONTAINE,0021,LES COMPAGNONS DU DEVOIR,Romain RICORDEAU 
0001,Agence Genas,AF181961,Portail,Non,14 rue Pierre Bourgeois ,Caluire et Cuire,0021,LARGILLIERE,Romain RICORDEAU 
0001,Agence Genas,AF181962,Ascenseur,Non,3 PLACE LOUIS MONTAGNAT,ST JEAN DE BOURNAY,0070,RESIDENCE MONTAGNAT,Guillaume LANGLOIS
0001,Agence Genas,AF181978,Ascenseur,Non,127  rue d'Anvers,LYON,0045,SDC PUR7 AB,Mohamed BESSAFI
0001,Agence Genas,AF181979,Ascenseur,Non,133 rue d'Anvers,LYON,0045,SDC PUR7 AB,Mohamed BESSAFI
0001,Agence Genas,AF191993,Ascenseur,Non,2B RUE DE LA LOGE 6,VAUGNERAY,0006,SDC LE PANORAMA,Aurélien GUERIN
0001,Agence Genas,AF181999,Ascenseur,Non,82 RUE LA GARENNE,LYON,0072,SDC DOMAINE DES PINS,Nouredine BOUNAAS
0001,Agence Genas,AF182000,Ascenseur,Non,84 RUE LA GARENNE,LYON,0072,SDC DOMAINE DES PINS,Nouredine BOUNAAS
0001,Agence Genas,AF182005,Portail,Non,10 rue Simon Jallade,STE FOY LES LYON,0073,Centre Witkowska,Yann GENIEIS
0001,Agence Genas,AF182006,Porte de garage,Non,10 rue Simon Jallade,STE FOY LES LYON,0073,Centre Witkowska,Yann GENIEIS
0001,Agence Genas,AF182007,Porte automatique,Non,10 rue Simon Jallade,STE FOY LES LYON,0073,Centre Witkowska,Yann GENIEIS
0001,Agence Genas,AF182008,Porte sectionnelle,Non,10 rue Simon Jallade,STE FOY LES LYON,0073,Centre Witkowska,Yann GENIEIS
0001,Agence Genas,AF182009,Porte sectionnelle,Non,10 rue Simon Jallade,STE FOY LES LYON,0073,Centre Witkowska,Yann GENIEIS
0001,Agence Genas,AF182010,Porte sectionnelle,Non,10 rue Simon Jallade,STE FOY LES LYON,0073,Centre Witkowska,Yann GENIEIS
0001,Agence Genas,AF182011,Porte sectionnelle,Non,10 rue Simon Jallade,STE FOY LES LYON,0073,Centre Witkowska,Yann GENIEIS
0001,Agence Genas,AF182012,Porte sectionnelle,Non,10 rue Simon Jallade,STE FOY LES LYON,0073,Centre Witkowska,Yann GENIEIS
0001,Agence Genas,AF182013,Porte sectionnelle,Non,10 rue Simon Jallade,STE FOY LES LYON,0073,Centre Witkowska,Yann GENIEIS
0001,Agence Genas,AF182014,Porte automatique,Non,10 rue Simon Jallade,STE FOY LES LYON,0073,Centre Witkowska,Yann GENIEIS
0001,Agence Genas,AF182015,Porte automatique,Non,10 rue Simon Jallade,STE FOY LES LYON,0073,Centre Witkowska,Yann GENIEIS
0001,Agence Genas,AF182016,Porte automatique,Non,10 rue Simon Jallade,STE FOY LES LYON,0073,Centre Witkowska,Yann GENIEIS
0001,Agence Genas,AF182017,Porte automatique,Non,10 rue Simon Jallade,STE FOY LES LYON,0073,Centre Witkowska,Yann GENIEIS
0001,Agence Genas,AF182018,Porte automatique,Non,10 rue Simon Jallade,STE FOY LES LYON,0073,Centre Witkowska,Yann GENIEIS
0001,Agence Genas,AF182019,Porte automatique,Non,10 rue Simon Jallade,STE FOY LES LYON,0073,Centre Witkowska,Yann GENIEIS
0001,Agence Genas,AF182020,Porte automatique,Non,10 rue Simon Jallade,STE FOY LES LYON,0073,Centre Witkowska,Yann GENIEIS
0001,Agence Genas,AF182021,Rideau,Non,10 rue Simon Jallade,STE FOY LES LYON,0073,Centre Witkowska,Yann GENIEIS
0001,Agence Genas,AF182022,Rideau,Non,10 rue Simon Jallade,STE FOY LES LYON,0073,Centre Witkowska,Yann GENIEIS
0001,Agence Genas,AF182028,Porte sectionnelle,Non,73-189 Route de Lentilly,CHESSY LES MINES,0073,GI HEKIPIA - SCI DE CHESSY,Yann GENIEIS
0001,Agence Genas,AF182030,Ascenseur,Non,"8, Allée Julien Duvivier ",VILLEURBANNE,0027,SDC LE CESAR FRANCK,Luc CHAROLLAIS
0001,Agence Genas,AF182033,Porte Souple ,"Oui, Devis en attente de validation",73-189 Route de Lentilly,CHESSY LES MINES,0073,GI HEKIPIA - SCI DE CHESSY,Yann GENIEIS
0001,Agence Genas,AF182034,Porte sectionnelle,Non,73-189 Route de Lentilly,CHESSY LES MINES,0073,GI HEKIPIA - SCI DE CHESSY,Yann GENIEIS
0001,Agence Genas,AF182035,Porte sectionnelle,Non,73-189 Route de Lentilly,CHESSY LES MINES,0073,GI HEKIPIA - SCI DE CHESSY,Yann GENIEIS
0001,Agence Genas,AF182036,Porte sectionnelle,Non,73-189 Route de Lentilly,CHESSY LES MINES,0073,GI HEKIPIA - SCI DE CHESSY,Yann GENIEIS
0001,Agence Genas,AF182039,Barrière,Non,73-189 Route de Lentilly,CHESSY LES MINES,0073,GI HEKIPIA - SCI DE CHESSY,Yann GENIEIS
0001,Agence Genas,AF182042,Porte automatique,Non,5 rue des Bons Enfants,LYON,0021,SDC VIA COSY,Romain RICORDEAU 
0001,Agence Genas,AF182044,Ascenseur,Non,44 rue Turbil,LYON,0053,PATIO DE L'ISLE-44 Turbil-153 Baraban,Christopher WILTORD
0001,Agence Genas,AF182045,Ascenseur,Non,153 rue Baraban,LYON,0053,PATIO DE L'ISLE-44 Turbil-153 Baraban,Christopher WILTORD
0001,Agence Genas,CM 000 013,Elévateur,Non,151 CHEMIN DU MONT,SAINT CYR SUR RHONE,0070,MADAME TOUVIGNON,Guillaume LANGLOIS
0001,Agence Genas,AF182056,Ascenseur,Non,1 QUAI DU COMMERCE,LYON,0072,OUEST IMMOBILIER,Nouredine BOUNAAS
0001,Agence Genas,AF182058,Ascenseur,Non,155 AVENUE ROGER SALENGRO,VILLEURBANNE,0027,SDC RESIDENCE P. JEAN DE BERANGER,Luc CHAROLLAIS
0001,Agence Genas,AF182059,Ascenseur,Non,5 PLACE CROIX LUIZET,VILLEURBANNE,0027,SDC RESIDENCE P. JEAN DE BERANGER,Luc CHAROLLAIS
0001,Agence Genas,AF182060,Ascenseur,Non,4 PLACE CROIX LUIZET,VILLEURBANNE,0027,SDC RESIDENCE P. JEAN DE BERANGER,Luc CHAROLLAIS
0001,Agence Genas,HORS CONTRAT,Portail,Non,16/18 RUE PAUL VERLAINE,PORTES LES VALENCE,0030,LES AMANDIERS - LES MARRONIERS,Karim MOKNECHE
0001,Agence Genas,AF182068,Porte de garage,Non,44 RUE DE LA CHAPELLERIE,SAINT ANDEOL LE CHATEAU,0073,SDC LES TERRASSES DE SAINT ANDEOL,Yann GENIEIS
0001,Agence Genas,AF182069,Portail,Non,27 RUE ALEXANDRE BOUTIN,VILLEURBANNE,0021,SDC ALEXANDRE BOUTIN,Romain RICORDEAU 
0001,Agence Genas,AF202070,Ascenseur,Non,40-45 Louis Braille Ascenseur Tour 3,Saint Priest,0065,SDC LE MENIVAL GRAVIERE,Khalil BELLAL
0001,Agence Genas,AF182071,Ascenseur,Non,7 RUE AUGUSTE PINTON,LYON,0045,SDC L'ARCADIE,Mohamed BESSAFI
0001,Agence Genas,AF182072,Ascenseur,Non,40-45 Louis Braille Ascenseur Tour 4,Saint Priest,0065,SDC LE MENIVAL GRAVIERE,Khalil BELLAL
0001,Agence Genas,AF182074,Ascenseur,Non,290 rue Jean Paul Sartre,VILLEFONTAINE,0070,SDC LES PORTES BLANCHES,Guillaume LANGLOIS
0001,Agence Genas,AF182075,Ascenseur,Oui,290 rue Jean Paul Sartre,VILLEFONTAINE,0070,SDC LES PORTES BLANCHES,Guillaume LANGLOIS
0001,Agence Genas,AF182076,Ascenseur,Non,26 rue François Garcin,LYON,0053,SDC 26 rue François Garcin,Christopher WILTORD
0001,Agence Genas,AF182079,Ascenseur,Non,6 rue Guillote,VILLEURBANNE,0027,SDC 6 RUE GUILLOTE,Luc CHAROLLAIS
0001,Agence Genas,AF192084,Ascenseur,Non,3 avenue de Lauterbourg,TASSIN LA DEMI LUNE,0006,SDC LES AMANDIERS,Aurélien GUERIN
0001,Agence Genas,AF182086,Ascenseur,Non,49 PROFESSEUR GRIGNARD,LYON,0045,SDC PUR7 CD,Mohamed BESSAFI
0001,Agence Genas,AF182087,Ascenseur,Non,47 PROFESSEUR GRIGNARD,LYON,0045,SDC PUR7 CD,Mohamed BESSAFI
0001,Agence Genas,AF182089,Ascenseur,Non,271 rue Paul Bert,LYON,0053,SDC 271 RUE PAUL BERT,Christopher WILTORD
0001,Agence Genas,AF182093,Portail,Non,"2, ALLEE DES BOUVREUILS ",TASSIN LA DEMI LUNE,0073,SDC LE SYCOMORE,Yann GENIEIS
0001,Agence Genas,AF182094,Ascenseur,Non,218 RUE GARIBALDI,LYON,0053,RESIDENCE GARIBALDI,Christopher WILTORD
0001,Agence Genas,AF182095,Porte de garage,Non,20 Avenue des Frères Montgolfier,CHASSIEU,0058,SDC ESPACE MI-PLAINE,Olivier VUILLAUME 
0001,Agence Genas,AF182096,Portail,Non,204 AVENUE BERTHELOT,LYON,0021,SDC LE PILAT,Romain RICORDEAU 
0001,Agence Genas,AF192098,Ascenseur,Non,1 rue François Truffaut ,ST PRIEST,0065,SDC LE NOUVEAU MONDE II,Khalil BELLAL
0001,Agence Genas,AF182100,Ascenseur,Non,40 rue Rabelais,LYON,0053,SDC 40 rue Rabelais,Christopher WILTORD
0001,Agence Genas,AF192101,Ascenseur,Non,3 rue François Truffaut ,ST PRIEST,0065,SDC LE NOUVEAU MONDE II,Khalil BELLAL
0001,Agence Genas,AF192102,Ascenseur,Non,5 rue François Truffaut ,ST PRIEST,0065,SDC LE NOUVEAU MONDE II,Khalil BELLAL
0001,Agence Genas,AF192103,Ascenseur,Non,7 rue François Truffaut ,ST PRIEST,0065,SDC LE NOUVEAU MONDE II,Khalil BELLAL
0001,Agence Genas,AF182104,Portail,Non,01-614791 - 5 Route du Fief,TOUSSIEU,0058,SDC 5 ROUTE DU FIEF,Olivier VUILLAUME 
0001,Agence Genas,AF182108,Portail,Non,10 Rue Roger Planchon,VENISSIEUX,0073,SDC PARC ODYSSEE I,Yann GENIEIS
0001,Agence Genas,AF182109,Porte automatique,Non,22 Avenue Lionel Terray,JONAGE,0058,SDC LE SUNSTONE,Olivier VUILLAUME 
0001,Agence Genas,AF182110,Porte automatique,Non,22 Avenue Lionel Terray,JONAGE,0058,SDC LE SUNSTONE,Olivier VUILLAUME 
0001,Agence Genas,AF182111,Porte automatique,Non,22 Avenue Lionel Terray,JONAGE,0058,SDC LE SUNSTONE,Olivier VUILLAUME 
0001,Agence Genas,AF182112,Porte automatique,Non,22 Avenue Lionel Terray,JONAGE,0058,SDC LE SUNSTONE,Olivier VUILLAUME 
0001,Agence Genas,AF182114,Portail,Non,12 Rue Roger Planchon,VENISSIEUX,0073,SDC PARC ODYSSEE II,Yann GENIEIS
0001,Agence Genas,AF182115,Portail,Non,47 Avenue Urbain Le Verrier,ST PRIEST,0058,SDC BO PRIEST,Olivier VUILLAUME 
0001,Agence Genas,AF182123,Porte basculante,Non,13/15 rue Jules Valles,VILLEURBANNE,0021,BUROVIL,Romain RICORDEAU 
0001,Agence Genas,RZ639,Ascenseur,Non,31 rue Pierre Delore,LYON,0053,SDC Villa Nova,Christopher WILTORD
0001,Agence Genas,RZ840,Ascenseur,Non,31 rue Pierre Delore ,LYON,0053,SDC Villa Nova,Christopher WILTORD
0001,Agence Genas,RZ641,Ascenseur,Non,31 rue Pierre Delore ,LYON,0053,SDC Villa Nova,Christopher WILTORD
0001,Agence Genas,AF182131,Ascenseur,Non,11 rue Guillote,VILLEURBANNE,0027,VILLA JOSEPHINE,Luc CHAROLLAIS
0001,Agence Genas,CM 000 012,Ascenseur,Non,4 Rue Paul Sage,LA TOUR DU PIN,0070,OSEZ,Guillaume LANGLOIS
0001,Agence Genas,AF182133,Ascenseur,Non,7 Jardin des Plantes,LYON,0047,SDC 7 Jardin des Plantes,Nefis ALIOUCHE
0001,Agence Genas,AF182134,Ascenseur,Non,2 rue Professeur Calmette,LYON,0045,SDC Villa Florentine,Mohamed BESSAFI
0001,Agence Genas,AF182135,Ascenseur,Non,14 Promenade Léa et Napoléon Bullukian,LYON,0045,SDC Villa Florentine,Mohamed BESSAFI
0001,Agence Genas,AF192136,Portail,Non,"93, Route de Genas ",VAULX EN VELIN,0021,SNEF - Marché Orange Bron Fermeture,Romain RICORDEAU 
0001,Agence Genas,AF212147,Ascenseur,Non,68 cours Emile Zola,VILLEURBANNE,0027,SDC LE ZOLA,Luc CHAROLLAIS
0001,Agence Genas,AF182149,Ascenseur,Non,250G Rue des Erables,LYON,0072,SDC LES ERABLES NORD,Nouredine BOUNAAS
0001,Agence Genas,AF202151,Ascenseur,Non,40-45 Louis Braille Ascenseur Tour 5,Saint Priest,0065,SDC LE MENIVAL GRAVIERE,Khalil BELLAL
0001,Agence Genas,AF182152,Ascenseur,Non,51 Route du Batard,MONTAGNY,0006,51 Route du Bâtard,Aurélien GUERIN
0001,Agence Genas,AF182153,Monte-Charge,Non,31 Rue Maurice Flandin,LYON,0053,HOTEL INVEST LYON PART DIEU,Christopher WILTORD
0001,Agence Genas,AF202154,Portail,Non,1 RUE DE LA MAIRIE,ST GENIS LES OLLIERES,0073,1 RUE DE LA MAIRIE,Yann GENIEIS
0001,Agence Genas,AF202155,Ascenseur,Non,40 Bis Louis Braille Ascenseur Tour 6,Saint Priest,0065,SDC LE MENIVAL GRAVIERE,Khalil BELLAL
0001,Agence Genas,AF182156,Ascenseur,Non,251G Rue des Erables,LYON,0072,SDC LES ERABLES NORD,Nouredine BOUNAAS
0001,Agence Genas,AF182157,Ascenseur,Non,252G Rue des Erables,LYON,0072,SDC LES ERABLES NORD,Nouredine BOUNAAS
0001,Agence Genas,AF182158,Ascenseur,Non,253G Rue des Erables,LYON,0072,SDC LES ERABLES NORD,Nouredine BOUNAAS
0001,Agence Genas,AF182159,Ascenseur,Non,254G Rue des Erables,LYON,0072,SDC LES ERABLES NORD,Nouredine BOUNAAS
0001,Agence Genas,AF182160,Ascenseur,Non,255G Rue des Erables,LYON,0072,SDC LES ERABLES NORD,Nouredine BOUNAAS
0001,Agence Genas,AF182162,Ascenseur,Non,4 Place de la Croix Rousse ,OYONNAX,0048,RESIDENCE CROIX ROUSSE,Paul SAULNIER
0001,Agence Genas,AF182164,Ascenseur,Non,1 rue du Chardonnet,VAUGNERAY,0006,SDC LE BEAUMONT,Aurélien GUERIN
0001,Agence Genas,AF182163,Porte de garage,Non,1 rue du Chardonnet,VAUGNERAY,0006,SDC LE BEAUMONT,Aurélien GUERIN
0001,Agence Genas,AF182167,Barrière Levante,Non,Chemin de la Lone,PIERRE BENITE,0073,ARKEMA,Yann GENIEIS
0001,Agence Genas,AF182169,EPMR elevtr pr pers a mobilité reduite,Non,31 Rue Maurice Flandin ,LYON,0053,HOTEL INVEST LYON PART DIEU,Christopher WILTORD
0001,Agence Genas,AF182176,Ascenseur,Non,3348 route de Strasbourg - 617 rue Ampère,RILLIEUX LA PAPE,0047,SDC SIGNATURE VILLAGE,Nefis ALIOUCHE
0001,Agence Genas,AF182177,Ascenseur,Non,3348 route de Strasbourg - 617 rue Ampère,RILLIEUX LA PAPE,0047,SDC SIGNATURE VILLAGE,Nefis ALIOUCHE
0001,Agence Genas,AF182178,Ascenseur,Non,3388 route de Strasbourg - 617 rue Ampère,RILLIEUX LA PAPE,0047,SDC SIGNATURE VILLAGE,Nefis ALIOUCHE
0001,Agence Genas,AF182179,Ascenseur,Non,617 rue Ampère,RILLIEUX LA PAPE,0047,SDC SIGNATURE VILLAGE,Nefis ALIOUCHE
0001,Agence Genas,AF182185,Porte sectionnelle,Non,28 Rue du Champ Dolin,SAINT PRIEST,0058,EBM - SOGEA,Olivier VUILLAUME 
0001,Agence Genas,AF182186,Porte sectionnelle,Non,28 Rue du Champ Dolin,SAINT PRIEST,0058,EBM - SOGEA,Olivier VUILLAUME 
0001,Agence Genas,AF182187,Porte sectionnelle,Non,28 Rue du Champ Dolin,SAINT PRIEST,0058,EBM - SOGEA,Olivier VUILLAUME 
0001,Agence Genas,AF182188,Porte sectionnelle,Non,28 Rue du Champ Dolin,SAINT PRIEST,0058,EBM - SOGEA,Olivier VUILLAUME 
0001,Agence Genas,AF182189,Rideau,Non,28 Rue du Champ Dolin,SAINT PRIEST,0058,EBM - SOGEA,Olivier VUILLAUME 
0001,Agence Genas,AF202220,Ascenseur,Non,40-45 Louis Braille Ascenseur Tour 7,Saint Priest,0065,SDC LE MENIVAL GRAVIERE,Khalil BELLAL
0001,Agence Genas,AF182222,Barrière Levante,Non,Chemin de la Lone,PIERRE BENITE,0073,ARKEMA,Yann GENIEIS
0001,Agence Genas,AF182223,Porte automatique,Non,Chemin de la Lone,PIERRE BENITE,0073,ARKEMA,Yann GENIEIS
0001,Agence Genas,AF182224,Porte automatique,Non,Chemin de la Lone,PIERRE BENITE,0073,ARKEMA,Yann GENIEIS
0001,Agence Genas,AF182225,Porte automatique,Non,Chemin de la Lone,PIERRE BENITE,0073,ARKEMA,Yann GENIEIS
0001,Agence Genas,AF182226,Porte automatique,Non,Chemin de la Lone,PIERRE BENITE,0073,ARKEMA,Yann GENIEIS
0001,Agence Genas,AF182227,Porte automatique,Non,Chemin de la Lone,PIERRE BENITE,0073,ARKEMA,Yann GENIEIS
0001,Agence Genas,AF182228,Ascenseur,Oui,16 RUE FENELON,LYON,0056,SDC 16 RUE FENELON,Yaya DOUCOURE 
0001,Agence Genas,AF182229,Portail,Non,"668,chemin de la Rosette",TALUYERS,0073,ZI Chemin de la Rosette,Yann GENIEIS
0001,Agence Genas,AF182241,Porte de garage,Non,98 RUE BECHEVELIN,LYON,0021,SDC 79 RUE MARSEILLE/98 BECHEVELIN,Romain RICORDEAU 
0001,Agence Genas,AF182242,Ascenseur,Non,79 RUE DE MARSEILLE,LYON,0045,SDC 79 RUE MARSEILLE/98 BECHEVELIN,Mohamed BESSAFI
0001,Agence Genas,AF182243,Ascenseur,Non,98 RUE BECHEVELIN,LYON,0045,SDC 79 RUE MARSEILLE/98 BECHEVELIN,Mohamed BESSAFI
0001,Agence Genas,AF182260,Ascenseur,Non,132 Cours Tolstoi,VILLEURBANNE,0027,SDC LE VERONESE,Luc CHAROLLAIS
0001,Agence Genas,AF182261,Porte de garage,Non,132 Cours Tolstoi,VILLEURBANNE,0021,SDC LE VERONESE,Romain RICORDEAU 
0001,Agence Genas,AF192262,Monte-Charge,Non,RUE DE LA BARRE ,LYON,0056,MOS PUB,Yaya DOUCOURE 
0001,Agence Genas,AF182264,Portail,Non,"668,chemin de la Rosette",TALUYERS,0073,ZI Chemin de la Rosette,Yann GENIEIS
0001,Agence Genas,AF182265,Ascenseur,Non,1 Bis Route d'Heyrieux,ST PRIEST,0065,SDC LE CARRE DES CEDRES,Khalil BELLAL
0001,Agence Genas,AF182299,Portail,Non,22 Avenue Lionel Terray,JONAGE,0058,SDC LE SUNSTONE,Olivier VUILLAUME 
0001,Agence Genas,AF182300,Ascenseur,Non,96 Rue Philippe Lasalle,LYON,0047,SDC LE GRECO,Nefis ALIOUCHE
0001,Agence Genas,AF182301,Ascenseur,Non,96 Rue Philippe Lasalle,LYON,0047,SDC LE GRECO,Nefis ALIOUCHE
0001,Agence Genas,AF182302,Ascenseur,Non,96 Rue Philippe Lasalle,LYON,0047,SDC LE GRECO,Nefis ALIOUCHE
0001,Agence Genas,AF182303,Ascenseur,Non,96 Rue Philippe Lasalle,LYON,0047,SDC LE GRECO,Nefis ALIOUCHE
0001,Agence Genas,AF182304,Ascenseur,Non,96 Rue Philippe Lasalle,LYON,0047,SDC LE GRECO,Nefis ALIOUCHE
0001,Agence Genas,AF182305,Portail,Non,22 Avenue Lionel Terray,JONAGE,0058,SDC LE SUNSTONE,Olivier VUILLAUME 
0001,Agence Genas,AF182307,Porte automatique,Non,"1 Rue du Président Carnot, 69002 Lyon",LYON,0021,NINKASI,Romain RICORDEAU 
0001,Agence Genas,AF192308,Ascenseur,Non,310 cours Emile Zola,VILLEURBANNE,0027,SDC 310 - 312 cours Emile Zola,Luc CHAROLLAIS
0001,Agence Genas,AF192309,Ascenseur,Non,312 cours Emile Zola,VILLEURBANNE,0027,SDC 310 - 312 cours Emile Zola,Luc CHAROLLAIS
0001,Agence Genas,AF182310,EPMR elevtr pr pers a mobilité reduite,Non,"1 Rue du Président Carnot, 69002 Lyon",LYON,0056,NINKASI,Yaya DOUCOURE 
0001,Agence Genas,AF192311,Portail,Non,1/7 Rue François Truffaut,ST PRIEST,0058,SDC LE NOUVEAU MONDE II,Olivier VUILLAUME 
0001,Agence Genas,AF192312,Portail,Non,1/7 Rue François Truffaut,ST PRIEST,0058,SDC LE NOUVEAU MONDE II,Olivier VUILLAUME 
0001,Agence Genas,AF192313,Portail,Non,1/7 Rue François Truffaut,ST PRIEST,0058,SDC LE NOUVEAU MONDE II,Olivier VUILLAUME 
0001,Agence Genas,AF192314,Portail,Non,1/7 Rue François Truffaut,ST PRIEST,0058,SDC LE NOUVEAU MONDE II,Olivier VUILLAUME 
0001,Agence Genas,AF192318,Ascenseur,Non,34 Rue Pierre Brunier,CALUIRE ET CUIRE,0047,SDC LE PRIVE,Nefis ALIOUCHE
0001,Agence Genas,AF182319,Ascenseur,Non,34 Rue Pierre Brunier,CALUIRE ET CUIRE,0047,SDC LE PRIVE,Nefis ALIOUCHE
0001,Agence Genas,AF192320,Ascenseur,Non,34 Rue Pierre Brunier,CALUIRE ET CUIRE,0047,SDC LE PRIVE,Nefis ALIOUCHE
0001,Agence Genas,AS2305001,Ascenseur,Non,49 Route de l'Arbresle,CHATILLON D'AZERGUE,0006,SDC PARC D'ACTIVITE DE LA GARE,Aurélien GUERIN
0001,Agence Genas,MC955015,Ascenseur,Non,15 Rue Auguste Villy,AMPLEPUIS,0006,MEDIASYXTE METAL,Aurélien GUERIN
0001,Agence Genas,AS90023,Ascenseur,Non,3 Rue Grenette,LYON,0056,SDC 3 RUE GRENETTE,Yaya DOUCOURE 
0001,Agence Genas,AS900302,Ascenseur,Non,2 Rue Gabillot,LYON,0053,SDC LE LIBERTY,Christopher WILTORD
0001,Agence Genas,AS9380161,Ascenseur,Non,330 Route de la Vallée,CIVRIEUX D'AZERGUES,0006,ESPACE 330,Aurélien GUERIN
0001,Agence Genas,AS950011,Monte-Charge,Non,11 Chemin de Vinatier,BRON,0071,JOINT TECHNIQUE LYONNAIS,Kenzy CHABBI
0001,Agence Genas,AS92701,Ascenseur,Non,Allée Joseph Sève,FONTAINE SAINT MARTIN,0006,MAIRIE DE FONTAINES SAINT MARTIN,Aurélien GUERIN
0001,Agence Genas,AS911021,Ascenseur,Non,21 Rue Brulet,SAINTE FOY LES LYON,0071,SDC LA CALMERAIE,Kenzy CHABBI
0001,Agence Genas,AS911023,Ascenseur,Non,23 Rue Brulet,SAINTE FOY LES LYON,0071,SDC LA CALMERAIE,Kenzy CHABBI
0001,Agence Genas,AS911025,Ascenseur,Non,25 Rue Brulet,SAINTE FOY LES LYON,0071,SDC LA CALMERAIE,Kenzy CHABBI
0001,Agence Genas,AS900632,Ascenseur,Non,32 Avenue du Maréchal Foch,LYON,0056,SDC 32 AVE MARECHAL FOCH,Yaya DOUCOURE 
0001,Agence Genas,AS90031,Ascenseur,Non,1 Rue Charles Richard,LYON,0053,SDC 1 RUE CHARLES RICHARD,Christopher WILTORD
0001,Agence Genas,MC82004,Ascenseur,Non,4 Passage Saint Antoine,VIENNE,0070,FOYER DES JEUNES TRAVAILLEURS,Guillaume LANGLOIS
0001,Agence Genas,AS9400598B,Ascenseur,Non,606 Rue Albert Camus,VILLEFRANCHE SUR SAONE,0048,ACCEM AFEO BOURGOGNE,Paul SAULNIER
0001,Agence Genas,AFB202349,Ascenseur,Non,596 Rue Albert Camus,VILLEFRANCHE SUR SAONE,0048,ACCEM AFEO BOURGOGNE,Paul SAULNIER
0001,Agence Genas,AS92504A,Ascenseur,Non,4 A Chemin de Cugnet,NEUVILLE SUR SAONE,0070,SDC LES JARDINS DE PARENTY,Guillaume LANGLOIS
0001,Agence Genas,AS92504B,Ascenseur,Non,4 B Chemin de Cugnet,NEUVILLE SUR SAONE,0070,SDC LES JARDINS DE PARENTY,Guillaume LANGLOIS
0001,Agence Genas,MC9007108,Monte-Charge,Non,108 Boulevard du Parc de l'Artillerie,LYON,0045,MAISON POZZOLI - MFP,Mohamed BESSAFI
0001,Agence Genas,AS910078,Ascenseur,Non,78 Rue Alexandre Boutin,VILLEURBANNE,0027,SDC L'ALEXANDRIN,Luc CHAROLLAIS
0001,Agence Genas,AC2290,Ascenseur,Non,37 Rue de l'Entreprise,LOZANNE,0006,SCI LES MERISIERS,Aurélien GUERIN
0001,Agence Genas,AS96202,Ascenseur,Non,ZAC de la Gare- Les Ponts Tarrets,LEGNY,0006,CITOTEL Côté Hôtel - Les Ponts Tarrets,Aurélien GUERIN
0001,Agence Genas,AS940019,Ascenseur,Non,19 Allée des Cordeliers,VILLEFRANCHE SUR SAONE,0048,ACCEM AFEO BOURGOGNE,Paul SAULNIER
0001,Agence Genas,MC9100138,Ascenseur,Non,138/140/142 Rue Dedieu,VILLEURBANNE,0047,LILLY MARKET SAS,Nefis ALIOUCHE
0001,Agence Genas,AC2291,Ascenseur,Non,37 Rue de l'Entreprise,LOZANNE,0006,SCI LES MERISIERS,Aurélien GUERIN
0001,Agence Genas,E92404,EPMR elevtr pr pers a mobilité reduite,Non,4 Rue Victor Hugo,THYZY,0006,ACCEM AFEO BOURGOGNE,Aurélien GUERIN
0001,Agence Genas,AF950011,Plate-Forme,Non,11 Chemin de Vinatier,BRON,0071,JOINT TECHNIQUE LYONNAIS,Kenzy CHABBI
0001,Agence Genas,E95507,EPMR elevtr pr pers a mobilité reduite,Non,7 Rue Jean Moulin,AMPLEPUIS,0006,MR ET MME DEPAIX,Aurélien GUERIN
0001,Agence Genas,MP90015,Elévateur,Non,5 Petite rue des Feuillants,LYON,0056,BAR LES FEUILLANTS,Yaya DOUCOURE 
0001,Agence Genas,MP90064,Monte-Charge,Non,4 Boulevard des Brotteaux,LYON,0056,SARL L'HELVETIE BARABAAR,Yaya DOUCOURE 
0001,Agence Genas,MP9003111,Monte-Charge,Non,111 Boulevard Marius Vivier,LYON,0053,APPART'CITY,Christopher WILTORD
0001,Agence Genas,PS9620334,Porte Sectionnelle manuelle,Non,Avenue Odette et Edouard Durand,FRONTENAS,0073,ACROBART,Yann GENIEIS
0001,Agence Genas,PC69620334,Portail,Non,Avenue Odette et Edouard Durand,FRONTENAS,0073,ACROBART,Yann GENIEIS
0001,Agence Genas,CM 000 016,Ascenseur,Non,73 Rue Racine,VILLEURBANNE,0047,EAP FRANCE SAS,Nefis ALIOUCHE
0001,Agence Genas,CM 000 017,Ascenseur,Non,3 Passage Romain Bouquet,LA TOUR DU PIN,0064,EAP FRANCE SAS,Jimmy LARGETEAU 
0001,Agence Genas,AF192405,Ascenseur,Non,29 rue Maurice Flandin,LYON,0053,LE FORUM,Christopher WILTORD
0001,Agence Genas,AF192406,Ascenseur,Non,29 rue Maurice Flandin,LYON,0053,LE FORUM,Christopher WILTORD
0001,Agence Genas,AF192412,Porte automatique,Non,37 Rue Challemel Lacour,LYON,0021,ERP,Romain RICORDEAU 
0001,Agence Genas,AF192413,Porte automatique,Non,37 Rue Challemel Lacour,LYON,0021,ERP,Romain RICORDEAU 
0001,Agence Genas,AF192414,Porte automatique,Non,37 Rue Challemel Lacour,LYON,0021,ERP,Romain RICORDEAU 
0001,Agence Genas,AF192415,Porte automatique,Non,37 Rue Challemel Lacour,LYON,0021,ERP,Romain RICORDEAU 
0001,Agence Genas,AF192416,Porte automatique,Non,37 Rue Challemel Lacour,LYON,0021,ERP,Romain RICORDEAU 
0001,Agence Genas,AF192417,Porte automatique,Non,37 Rue Challemel Lacour,LYON,0021,ERP,Romain RICORDEAU 
0001,Agence Genas,AF192418,Portail,Non,37 Rue Challemel Lacour,LYON,0021,ERP,Romain RICORDEAU 
0001,Agence Genas,AF192419,Portail,Non,37 Rue Challemel Lacour,LYON,0021,ERP,Romain RICORDEAU 
0001,Agence Genas,AF192420,Porte automatique,Non,37 Rue Challemel Lacour,LYON,0021,ERP,Romain RICORDEAU 
0001,Agence Genas,AF192421,Porte automatique,Non,37 Rue Challemel Lacour,LYON,0021,ERP,Romain RICORDEAU 
0001,Agence Genas,AF192422,Porte automatique,Non,37 Rue Challemel Lacour,LYON,0021,ERP,Romain RICORDEAU 
0001,Agence Genas,AF192423,Rideau métallique,Non,37 Rue Challemel Lacour,LYON,0021,ERP,Romain RICORDEAU 
0001,Agence Genas,AF192424,Porte automatique,Non,37 Rue Challemel Lacour,LYON,0021,ERP,Romain RICORDEAU 
0001,Agence Genas,AF192425,Porte automatique,Non,37 Rue Challemel Lacour,LYON,0021,ERP,Romain RICORDEAU 
0001,Agence Genas,AF192426,EPMR elevtr pr pers a mobilité reduite,Oui,37 Rue Challemel Lacour,LYON,0045,ERP,Mohamed BESSAFI
0001,Agence Genas,AF192427,Porte automatique,Non,37 Rue Challemel Lacour,LYON,0021,ERP,Romain RICORDEAU 
0001,Agence Genas,AF192431,Ascenseur,Non,33 rue Maurice Flandin,LYON,0053,LE FORUM,Christopher WILTORD
0001,Agence Genas,AF192432,Ascenseur,Non,33 rue Maurice Flandin,LYON,0053,LE FORUM,Christopher WILTORD
0001,Agence Genas,AF202441,Ascenseur,Non,40-45 Louis Braille Ascenseur Tour 8,Saint Priest,0065,SDC LE MENIVAL GRAVIERE,Khalil BELLAL
0001,Agence Genas,AF192458,Porte de garage,Oui,21/23 Rue des Etats Unis,ST PRIEST,0058,SDC REVAISON VOL 3,Olivier VUILLAUME 
0001,Agence Genas,AF192459,Porte sectionnelle,Non,250 Rue Général de Gaulle,BRIGNAIS,0073,DIVISION INCENDIE SERVICES,Yann GENIEIS
0001,Agence Genas,AF192460,Ascenseur,Non,49 Avenue du 8 Mai 1945,TASSIN LA DEMI LUNE,0006,SDC LE TRIANON,Aurélien GUERIN
0001,Agence Genas,AF192461,Ascenseur,Non,49 Avenue du 8 Mai 1945,TASSIN LA DEMI LUNE,0006,SDC LE TRIANON,Aurélien GUERIN
0001,Agence Genas,AF192463,Portail,Non,5 Avenue Louis Blériot,CHASSIEU,0058,SDC PARC BLERIOT,Olivier VUILLAUME 
0001,Agence Genas,AF192465,Ascenseur,Non,40 AVENUE JEAN JAURES,LYON,0045,SDC 40 JEAN JAURES,Mohamed BESSAFI
0001,Agence Genas,AF192466,Ascenseur,Non,80 Boulevard Eugène Reguillon CTTW 6138050,VILLEURBANNE,0027,SDC LE REGUILLON,Luc CHAROLLAIS
0001,Agence Genas,AF192467,Ascenseur,Non,82 Boulevard Eugène Reguillon CTTW 6138051,VILLEURBANNE,0027,SDC LE REGUILLON,Luc CHAROLLAIS
0001,Agence Genas,AF192468,Ascenseur,Non,84 Boulevard Eugène Reguillon CTTW 6138053,VILLEURBANNE,0027,SDC LE REGUILLON,Luc CHAROLLAIS
0001,Agence Genas,AF192469,Ascenseur,Non,86 Boulevard Eugène Reguillon CTTW 6138055,VILLEURBANNE,0027,SDC LE REGUILLON,Luc CHAROLLAIS
0001,Agence Genas,AF192495,Ascenseur,Non,208 Grande rue de la Guillotière,LYON,0045,SDC 208 Grande rue de la Guillotière,Mohamed BESSAFI
0001,Agence Genas,AF192498,Ascenseur,Non,182A Avenue Roger Salengro,VILLEURBANNE,0027,SDC LE TETE D'OR,Luc CHAROLLAIS
0001,Agence Genas,AM28519X,Ascenseur,Non,12 Rue Lieutenant Morin,SAINT ETIENNE,0025,SNEF ORANGE ASCENSEURS BRON,Bruno THOLY 
0001,Agence Genas,AF192501,Ascenseur,Non,49 Avenue Albert Einstein,VILLEURBANNE,0027,SILIRIC,Luc CHAROLLAIS
0001,Agence Genas,AF192502,Porte automatique,Non,49 Avenue Albert Einstein,VILLEURBANNE,0021,SILIRIC,Romain RICORDEAU 
0001,Agence Genas,AF192507,Ascenseur,Non,18 QUAI JAYR,LYON,0072,SDC 18 QUAI JAYR,Nouredine BOUNAAS
0001,Agence Genas,AF202508,Ascenseur,Non,2 Place Bellecour,LYON,0056,SDC 2 PLACE BELLECOUR,Yaya DOUCOURE 
0001,Agence Genas,AF192509,Ascenseur,Non,20 Rue Camille Roy,LYON,0045,SDC Villa Jean Macé,Mohamed BESSAFI
0001,Agence Genas,AF192512,Porte automatique,Non,49 Avenue Albert Einstein,VILLEURBANNE,0021,SILIRIC,Romain RICORDEAU 
0001,Agence Genas,Hors contrat 2513,Ascenseur,Non,25 rue Jules Védrine ,VALENCE,0022,THALES,Jean-Paul SCARINGELLA
0001,Agence Genas,AF192519,Ascenseur,Non,249 COURS EMILE ZOLA,VILLEURBANNE,0027,SDC 249 COURS EMILE ZOLA,Luc CHAROLLAIS
0001,Agence Genas,AF202553,Ascenseur,Non,40-45 Louis Braille Ascenseur Tour 9,Saint Priest,0065,SDC LE MENIVAL GRAVIERE,Khalil BELLAL
0001,Agence Genas,AF192556,Portail,Non,4 Rue des Lazaristes,MORNANT,0073,SDC LE CLOS DES LAZARISTES,Yann GENIEIS
0001,Agence Genas,AF192558,Ascenseur,Non,4 Rue des Lazaristes,MORNANT,0006,SDC LE CLOS DES LAZARISTES,Aurélien GUERIN
0001,Agence Genas,AF192559,Ascenseur,Non,67 Rue Villon,LYON,0045,SDC Esprit Lumière,Mohamed BESSAFI
0001,Agence Genas,AF192580,Porte automatique,Non,48 rue Charles de Gaulle,ROANNE,0073,ROUGEGORGE LINGERIE ROANNE,Yann GENIEIS
0001,Agence Genas,AF192581,Ascenseur,Non,56 Avenue Felix Faure,LYON,0053,SDC FELIX FAURE,Christopher WILTORD
0001,Agence Genas,Hors contrat n°2594,Rideau,Non,31 rue paul chenavard,LYON,0021,Le Plateau de Pierre,Romain RICORDEAU 
0001,Agence Genas,AF192595,Monte-Charge,Non,27 Place de la Croix Rousse,LYON,0047,LE BOUILLON CROIX ROUSSE,Nefis ALIOUCHE
0001,Agence Genas,AF192599,Ascenseur,Non,19 Louis Dansard,LYON,0045,SDC LE FLAMBEAU,Mohamed BESSAFI
0001,Agence Genas,AF192600,Portail,Non,42 Route des Marennes,COMMUNAY,0073,SDC LES VILLAS D'ESTHER,Yann GENIEIS
0001,Agence Genas,AF192601,Monte-Charge,Oui,27 Place de la Croix Rousse,LYON,0047,LE BOUILLON CROIX ROUSSE,Nefis ALIOUCHE
0001,Agence Genas,AF192618,Ascenseur,Non,5 avenue de Lauterbourg,TASSIN LA DEMI LUNE,0006,SDC LES AMANDIERS,Aurélien GUERIN
0001,Agence Genas,AF192627,Portail,Non,10 Rue Alphonse Daudet,SAINT SYMPHORION D'OZON,0073,SDC LE MOULIN D'ALMA,Yann GENIEIS
0001,Agence Genas,AF222629,Monte-Charge,Oui, 3 Cour Saint Henri Grand Hôtel-Dieu,LYON,0056,Le Grand Réfectoire,Yaya DOUCOURE 
0001,Agence Genas,AF192630 ,EPMR elevtr pr pers a mobilité reduite,Non,31 Rue Maurice Flandin,LYON,0053,HOTEL INVEST LYON PART DIEU,Christopher WILTORD
0001,Agence Genas,AF202632,Ascenseur,Non,47 Avenue Bergeron - Allée A1,CHARBONNIÈRES LES BAINS,0006,SDC LE PARC DE CHARBONNIERES,Aurélien GUERIN
0001,Agence Genas,AF192635,Portail,Non,2 Rue du Guillot,SAINT GENIS LES OLLIERES,0021,SDC VILLA DES LYS,Romain RICORDEAU 
0001,Agence Genas,AF192636,Porte de garage,Non,2 Rue du Guillot,SAINT GENIS LES OLLIERES,0021,SDC VILLA DES LYS,Romain RICORDEAU 
0001,Agence Genas,AF192639,Ascenseur,Non,13 avenue des Balmes,MIRIBEL,0070,Les HAUTS DE MIRIBEL,Guillaume LANGLOIS
0001,Agence Genas,AF192640,Ascenseur,Non,13 avenue des Balmes,MIRIBEL,0070,Les HAUTS DE MIRIBEL,Guillaume LANGLOIS
0001,Agence Genas,AF202731,Ascenseur,Non,1 Route des Troques,CHAPONOST,0071,ARAMIS - SDC 1 Route des Troques 69530 CHAPONOST,Kenzy CHABBI
0001,Agence Genas,AF192732,park lift,Non,1 Passage Martin,VILLEURBANNE,0021,SDC JONQUILLES ,Romain RICORDEAU 
0001,Agence Genas,AF192733,park lift,Non,1 Passage Martin,VILLEURBANNE,0021,SDC JONQUILLES ,Romain RICORDEAU 
0001,Agence Genas,AF192734,park lift,Non,1 Passage Martin,VILLEURBANNE,0021,SDC JONQUILLES ,Romain RICORDEAU 
0001,Agence Genas,AF192743,Ascenseur,Non,469 CHEMIN DE WETTE FAYS,CALUIRE ET CUIRE,0047,SDC L'ACROPOLIS BATIMENT D,Nefis ALIOUCHE
0001,Agence Genas,AF192744,Ascenseur,Non,279 Avenue Berthelot,LYON,0045,SDC Les Arts Berthelot,Mohamed BESSAFI
0001,Agence Genas,AF192747,Ascenseur,Non,39 Quai Saint Vincent,LYON,0056,SDC 39 Quai Saint Vincent,Yaya DOUCOURE 
0001,Agence Genas,AF192748,Ascenseur,Non,9 Rue Jules Valensaut,LYON,0045,SDC Les Gemeaux,Mohamed BESSAFI
0001,Agence Genas,AF192749,Ascenseur,Non,10 Rue Général André,LYON,0045,SDC Les Gemeaux,Mohamed BESSAFI
0001,Agence Genas,AF192750,Porte de garage,Non,9 Rue Jules Valensaut,LYON,0021,SDC Les Gemeaux,Romain RICORDEAU 
0001,Agence Genas,AF222756,Porte de garage,Non,61 Avenue Valioud     ,STE FOY LES LYON,0073,SDC LE VAL ROSE ,Yann GENIEIS
0001,Agence Genas,AF192763,Ascenseur,Non,34 Rue Georges Sand - 200/ 61412770,ST PRIEST,0065,SDC Résidence Le Bellevue,Khalil BELLAL
0001,Agence Genas,AF192764,Ascenseur,Non,35 Rue Georges Sand - 200/ 61412771,ST PRIEST,0065,SDC Résidence Le Bellevue,Khalil BELLAL
0001,Agence Genas,AF192765,Ascenseur,Non,36 Rue Georges Sand - 200/ 61412772,ST PRIEST,0065,SDC Résidence Le Bellevue,Khalil BELLAL
0001,Agence Genas,AF192766,Ascenseur,Oui,37 Rue Georges Sand - 200/ 61412773,ST PRIEST,0065,SDC Résidence Le Bellevue,Khalil BELLAL
0001,Agence Genas,AF192767,Ascenseur,Non,38 Rue Georges Sand - 200/ 61412774,ST PRIEST,0065,SDC Résidence Le Bellevue,Khalil BELLAL
0001,Agence Genas,AF192768,Ascenseur,Non,39 Rue Georges Sand - 200/ 61412775,ST PRIEST,0065,SDC Résidence Le Bellevue,Khalil BELLAL
0001,Agence Genas,AF192769,Ascenseur,Non,40 Rue Georges Sand - 200/ 61412776,ST PRIEST,0065,SDC Résidence Le Bellevue,Khalil BELLAL
0001,Agence Genas,AF192777,Ascenseur,Non,7 Avenue Division Leclerc - 19/ 61412720,VENISSIEUX,0065,SDC La Caravelle 333,Khalil BELLAL
0001,Agence Genas,AF192778,Ascenseur,Oui,9 Avenue Division Leclerc - 19/ 61412721,VENISSIEUX,0065,SDC La Caravelle 333,Khalil BELLAL
0001,Agence Genas,AF192779,Ascenseur,Oui,11 Avenue Division Leclerc - 19/ 61412722,VENISSIEUX,0065,SDC La Caravelle 333,Khalil BELLAL
0001,Agence Genas,AF192780,Ascenseur,Non,13 Avenue Division Leclerc - 19/ 61412723,VENISSIEUX,0065,SDC La Caravelle 333,Khalil BELLAL
0001,Agence Genas,AF192782,Ascenseur,Non,13 Avenue Jean Bergeron,CRAPONNE,0006,SDC LE CLOS DES SAISONS,Aurélien GUERIN
0001,Agence Genas,AF192785,Ascenseur,Non,10 Rue Jean Palluy,MORNANT,0006,SDC LES AMPHITEALES,Aurélien GUERIN
0001,Agence Genas,AF192786,Porte de garage,Non,67 Rue Villon,LYON,0021,SDC Esprit Lumière,Romain RICORDEAU 
0001,Agence Genas,AF192791,Ascenseur,Non,135 Rue des Gordes,SIMANDRES,0070,Sdc Les Gordes,Guillaume LANGLOIS
0001,Agence Genas,AF192792,Ascenseur,Non,135 Rue des Gordes,SIMANDRES,0070,Sdc Les Gordes,Guillaume LANGLOIS
0001,Agence Genas,AF192793,Ascenseur,Non,10A Chemin de Boutary,CALUIRE ET CUIRE,0047,SDC PARC DU RHONE,Nefis ALIOUCHE
0001,Agence Genas,AF192794,Ascenseur,Non,10B Chemin de Boutary,CALUIRE ET CUIRE,0047,SDC PARC DU RHONE,Nefis ALIOUCHE
0001,Agence Genas,AF192795,Ascenseur,Non,10C Chemin de Boutary,CALUIRE ET CUIRE,0047,SDC PARC DU RHONE,Nefis ALIOUCHE
0001,Agence Genas,AF192796,Ascenseur,Non,12D Chemin de Boutary,CALUIRE ET CUIRE,0047,SDC PARC DU RHONE,Nefis ALIOUCHE
0001,Agence Genas,AF192797,Ascenseur,Non,12E Chemin de Boutary,CALUIRE ET CUIRE,0047,SDC PARC DU RHONE,Nefis ALIOUCHE
0001,Agence Genas,AF192798,Ascenseur,Non,12F Chemin de Boutary,CALUIRE ET CUIRE,0047,SDC PARC DU RHONE,Nefis ALIOUCHE
0001,Agence Genas,AF192799,Ascenseur,Non,12H Chemin de Boutary,CALUIRE ET CUIRE,0047,SDC PARC DU RHONE,Nefis ALIOUCHE
0001,Agence Genas,AF192800,Portail,Non,3 Rue du Doyen Lépine,BRON,0021,ACPPA BRON LEPINE-LES AGAPANTHES,Romain RICORDEAU 
0001,Agence Genas,AF192801,Porte automatique,Non,3 Rue du Doyen Lépine,BRON,0021,ACPPA BRON LEPINE-LES AGAPANTHES,Romain RICORDEAU 
0001,Agence Genas,AF192802,Porte automatique,Non,3 Rue du Doyen Lépine,BRON,0021,ACPPA BRON LEPINE-LES AGAPANTHES,Romain RICORDEAU 
0001,Agence Genas,AF192803,Ascenseur,Non,126 Rue de la Pagère,BRON,0071,SDC LE SOPRANO,Kenzy CHABBI
0001,Agence Genas,AF192804,EPMR elevtr pr pers a mobilité reduite,Non,6 RUE GENERAL BROSSET,RILLIEUX LA PAPE,0047,Marché Crédit Agricole ,Nefis ALIOUCHE
0001,Agence Genas,AF192805,Ascenseur,Non,133 Rue Bataille,LYON,0045,Commissariat Lyon Labois ,Mohamed BESSAFI
0001,Agence Genas,AF192806,Ascenseur,Non,133 Rue Bataille,LYON,0045,Commissariat Lyon Labois ,Mohamed BESSAFI
0001,Agence Genas,AF192807,Porte basculante,Non,133 Rue Bataille,LYON,0021,Commissariat Lyon Labois ,Romain RICORDEAU 
0001,Agence Genas,AF192808,Porte basculante,Oui,133 Rue Bataille,LYON,0021,Commissariat Lyon Labois ,Romain RICORDEAU 
0001,Agence Genas,AF192809,Porte basculante,Non,133 Rue Bataille,LYON,0021,Commissariat Lyon Labois ,Romain RICORDEAU 
0001,Agence Genas,AF192810,Rideau métallique,Non,133 Rue Bataille,LYON,0021,Commissariat Lyon Labois ,Romain RICORDEAU 
0001,Agence Genas,AF192811,Rideau métallique,Non,133 Rue Bataille,LYON,0021,Commissariat Lyon Labois ,Romain RICORDEAU 
0001,Agence Genas,AF222814,Porte de garage,Non,13 AVENUE CHARLES DE GAULLES,CHARBONNIERES LES BAINS,0073,SDC LE RICHELIEU,Yann GENIEIS
0001,Agence Genas,CM 000 024,EPMR elevtr pr pers a mobilité reduite,Non,48 Chemin de la Vie Guerse,BRON,0071,SCI LE PRINTEMPS,Kenzy CHABBI
0001,Agence Genas,AF192825,Porte automatique,Non,2 Place Bellecour,LYON,0021,SDC 2 PLACE BELLECOUR,Romain RICORDEAU 
0001,Agence Genas,AF192857,Ascenseur,Non,59 Rue du Vieux Bourg,BRINDAS,0006,SDC LES VALIS,Aurélien GUERIN
0001,Agence Genas,AF192858,Ascenseur,Oui,63 Rue du Vieux Bourg,BRINDAS,0006,SDC LES VALIS,Aurélien GUERIN
0001,Agence Genas,AF192981,Portail,Non,5 Rue de la Doua,VILLEURBANNE,0021,MTO - IRSTEA INRAE,Romain RICORDEAU 
0001,Agence Genas,AF192982,Portail,Non,5 Rue de la Doua,VILLEURBANNE,0021,MTO - IRSTEA INRAE,Romain RICORDEAU 
0001,Agence Genas,AF192983,Porte automatique,Non,5 Rue de la Doua,VILLEURBANNE,0021,MTO - IRSTEA INRAE,Romain RICORDEAU 
0001,Agence Genas,AF192984,Porte automatique,Non,5 Rue de la Doua,VILLEURBANNE,0021,MTO - IRSTEA INRAE,Romain RICORDEAU 
0001,Agence Genas,AF192985,Porte automatique,Non,5 Rue de la Doua,VILLEURBANNE,0021,MTO - IRSTEA INRAE,Romain RICORDEAU 
0001,Agence Genas,545475,Portail,Non,654 Cours du 3ème Millenaire,ST PRIEST,0058,SNEF - Marché Orange Bron Fermeture,Olivier VUILLAUME 
0001,Agence Genas,560322,Portail,Non,654 Cours du 3ème Millenaire,ST PRIEST,0058,SNEF - Marché Orange Bron Fermeture,Olivier VUILLAUME 
0001,Agence Genas,545478,Barrière,Non,654 Cours du 3ème Millenaire,ST PRIEST,0058,SNEF - Marché Orange Bron Fermeture,Olivier VUILLAUME 
0001,Agence Genas,AF193000,Portail,Non,281 Chemin Charlisse,VAUGNERAY,0073,Monsieur Baptiste LOZANO,Yann GENIEIS
0001,Agence Genas,AF193002,Portail,Non,13 Avenue Jean Bergeron,CRAPONNE,0073,SDC LE CLOS DES SAISONS,Yann GENIEIS
0001,Agence Genas,AF193003,Porte de garage,Non,13 Avenue Jean Bergeron,CRAPONNE,0073,SDC LE CLOS DES SAISONS,Yann GENIEIS
0001,Agence Genas,AF193004,Ascenseur,Non,64 Rue d'Anvers,LYON,0045,SDC 64 RUE ANVERS,Mohamed BESSAFI
0001,Agence Genas,AF193005,Ascenseur,Non,3 & 5 Rue Louis Vitet,LYON,0056,SDC 3 & 5 Rue Louis Vitet,Yaya DOUCOURE 
0001,Agence Genas,TA193018,Monte-Charge,Non,6 RUE DE LA BARRE,LYON,0056,BOULANGERIE KAYSER,Yaya DOUCOURE 
0001,Agence Genas,TA193020,Monte-Charge,Non,95 Cours Vitton,LYON,0056,BOULANGERIE MARIETTE,Yaya DOUCOURE 
0001,Agence Genas,TA193030,Monte voiture,Non,4 RUE RENEE SABRAN,LYON ,0072,SDC RIVAGE DE L'ILE 57.0207,Nouredine BOUNAAS
0001,Agence Genas,TA193035,Monte-Charge,Non,"65, Avenue Franklin Roosevelt ",DECINES,0070,HTI TEHNOLOGIES,Guillaume LANGLOIS
0001,Agence Genas,TA193058,Monte-Charge,Non,8 PLACE DES TERREAUX,LYON,0047,MALANESE,Nefis ALIOUCHE
0001,Agence Genas,545480,Porte automatique,Non,654 Cours du 3ème Millenaire,ST PRIEST,0058,SNEF - Marché Orange Bron Fermeture,Olivier VUILLAUME 
0001,Agence Genas,545481,Porte automatique,Non,654 Cours du 3ème Millenaire,ST PRIEST,0058,SNEF - Marché Orange Bron Fermeture,Olivier VUILLAUME 
0001,Agence Genas,545476,Barrière,Non,654 Cours du 3ème Millenaire,ST PRIEST,0058,SNEF - Marché Orange Bron Fermeture,Olivier VUILLAUME 
0001,Agence Genas,545479,Barrière,Non,654 Cours du 3ème Millenaire,ST PRIEST,0058,SNEF - Marché Orange Bron Fermeture,Olivier VUILLAUME 
0001,Agence Genas,545477,Barrière,Non,654 Cours du 3ème Millenaire,ST PRIEST,0058,SNEF - Marché Orange Bron Fermeture,Olivier VUILLAUME 
0001,Agence Genas,545482,Porte sectionnelle,Non,654 Cours du 3ème Millenaire,ST PRIEST,0058,SNEF - Marché Orange Bron Fermeture,Olivier VUILLAUME 
0001,Agence Genas,560323,Porte automatique,Non,654 Cours du 3ème Millenaire,ST PRIEST,0058,SNEF - Marché Orange Bron Fermeture,Olivier VUILLAUME 
0001,Agence Genas,545474,Portail,Non,654 Cours du 3ème Millenaire,ST PRIEST,0058,SNEF - Marché Orange Bron Fermeture,Olivier VUILLAUME 
0001,Agence Genas,545483,Porte sectionnelle,Non,654 Cours du 3ème Millenaire,ST PRIEST,0058,SNEF - Marché Orange Bron Fermeture,Olivier VUILLAUME 
0001,Agence Genas,545484,Porte sectionnelle,Non,654 Cours du 3ème Millenaire,ST PRIEST,0058,SNEF - Marché Orange Bron Fermeture,Olivier VUILLAUME 
0001,Agence Genas,545485,Porte sectionnelle,Non,654 Cours du 3ème Millenaire,ST PRIEST,0058,SNEF - Marché Orange Bron Fermeture,Olivier VUILLAUME 
0001,Agence Genas,545486,Porte sectionnelle,Non,654 Cours du 3ème Millenaire,ST PRIEST,0058,SNEF - Marché Orange Bron Fermeture,Olivier VUILLAUME 
0001,Agence Genas,1/035/106,Ascenseur,Non,30 Avenue Général Leclerc,VIENNE,0065,UNIVERSITES GRENOBLE ALPES,Khalil BELLAL
0001,Agence Genas,1/035/107,Ascenseur,Non,30 Avenue Général Leclerc,VIENNE,0065,UNIVERSITES GRENOBLE ALPES,Khalil BELLAL
0001,Agence Genas,AF193674,Ascenseur,Non,7 Rue de Montbrillant,LYON,0053,SDC LE PRIVILEGE MONTBRILLANT,Christopher WILTORD
0001,Agence Genas,AF193675,Ascenseur,Non,7 Bis Rue de Montbrillant,LYON,0053,SDC LE PRIVILEGE MONTBRILLANT,Christopher WILTORD
0001,Agence Genas,AF193676,Ascenseur,Non,7 Ter Rue de Montbrillant,LYON,0053,SDC LE PRIVILEGE MONTBRILLANT,Christopher WILTORD
0001,Agence Genas,AF193830,EPMR elevtr pr pers a mobilité reduite,Non,110 Montée des Grandes Vignes,MARCILLY D'AZERGUES,0006,Monsieur et Madame André BERGER,Aurélien GUERIN
0001,Agence Genas,AF193832,Ascenseur,Non,20 montée de la Soeur Vially,CALUIRE ET CUIRE,0047,SDC LES SOPHORES,Nefis ALIOUCHE
0001,Agence Genas,AF193833,Ascenseur,Non,20 bis montée de la Soeur Vially,CALUIRE ET CUIRE,0047,SDC LES SOPHORES,Nefis ALIOUCHE
0001,Agence Genas,AF193834,Porte de garage,Non,51-53 avenue Albert Einstein,VILLEURBANNE,0021,FEYSSINE 2,Romain RICORDEAU 
0001,Agence Genas,AF193835,Portail,Non,51 et 53 avenue Albert Einstein,VILLEURBANNE,0021,FEYSSINE 2,Romain RICORDEAU 
0001,Agence Genas,AF193836,Portail,Non,51 et 53 avenue Albert Einstein,VILLEURBANNE,0021,FEYSSINE 2,Romain RICORDEAU 
0001,Agence Genas,AF193837,Porte piétonne,Non,51 et 53 avenue Albert Einstein,VILLEURBANNE,0021,FEYSSINE 2,Romain RICORDEAU 
0001,Agence Genas,AF193838,Porte piétonne,Non,51 et 53 avenue Albert Einstein,VILLEURBANNE,0021,FEYSSINE 2,Romain RICORDEAU 
0001,Agence Genas,AF193850,Ascenseur,Non,28 rue Neuve,LYON,0056,SDC 28 RUE NEUVE,Yaya DOUCOURE 
0001,Agence Genas,AF193852,Ascenseur,Non,18 rue Chazière,LYON,0047,Le Clos Saint Sébastien,Nefis ALIOUCHE
0001,Agence Genas,AF193853,Ascenseur,Non,23 rue de Bony,LYON,0047,Le Clos Saint Sébastien,Nefis ALIOUCHE
0001,Agence Genas,AF193854,Ascenseur,Non,25 rue de Bony,LYON,0047,Le Clos Saint Sébastien,Nefis ALIOUCHE
0001,Agence Genas,AF193866,Porte sectionnelle motorisée,Non,35 Rue de Malacussy Porte sectionnelle motorisée EXPEDITION,ST ETIENNE,0073,CHEMICA ,Yann GENIEIS
0001,Agence Genas,AF193867,Porte sectionnelle motorisée,Non,35 Rue de Malacussy Porte sectionnelle motorisée DEPOT,ST ETIENNE,0073,CHEMICA ,Yann GENIEIS
0001,Agence Genas,AF193868,Porte sectionnelle motorisée,Non,35 Rue de Malacussy Porte sectionnelle motorisée PICKING,ST ETIENNE,0073,CHEMICA ,Yann GENIEIS
0001,Agence Genas,AF193869,Porte automatique,Non,35 Rue de Malacussy Porte automatique DEPOT,ST ETIENNE,0073,CHEMICA ,Yann GENIEIS
0001,Agence Genas,AF193870,Porte automatique,Non,35 Rue de Malacussy Porte automatique PICKING,ST ETIENNE,0073,CHEMICA ,Yann GENIEIS
0001,Agence Genas,AF193871,Portail,Non,35 Rue de Malacussy Portail entrée principale ,ST ETIENNE,0073,CHEMICA ,Yann GENIEIS
0001,Agence Genas,AF193872,Portail,Non,35 Rue de Malacussy Portail,ST ETIENNE,0073,CHEMICA ,Yann GENIEIS
0001,Agence Genas,AF193873,Portail,Non,74 Montée des Soldats,CALUIRE ET CUIRE,0021,Monsieur BAUDUIN,Romain RICORDEAU 
0001,Agence Genas,MC9620439A,Ascenseur,Non,439 Route Fleurie,SAINT VERAND,0006,LES VIGNERONS DES PIERRES DOREES,Aurélien GUERIN
0001,Agence Genas,AF193889,Monte Plats,Non,16 Rue Lainerie,LYON,0072,Restaurant Les Fines Gueules,Nouredine BOUNAAS
0001,Agence Genas,AF203898,Ascenseur,Non,2 Chemin des verrières,CHARBONNIERES LES BAINS,0006,SDC DOMAINE DE CHARBONNIERES,Aurélien GUERIN
0001,Agence Genas,AF203904,Ascenseur,Non,155 Chemin de Recanton,CHARLY,0071,SDC LES HAUTS DE CORCELLES,Kenzy CHABBI
0001,Agence Genas,AF203905,Ascenseur,Non,155 Chemin de Recanton,CHARLY,0071,SDC LES HAUTS DE CORCELLES,Kenzy CHABBI
0001,Agence Genas,HP3908,Porte automatique,Non,4 Allée du Mistral - ZI Pole 2000,SAINT PERAY,0022,TISSUS DES URSULES,Jean-Paul SCARINGELLA
0001,Agence Genas,HP3909,Porte automatique,Non,4 Allée du Mistral - ZI Pole 2000,SAINT PERAY,0030,TISSUS DES URSULES,Karim MOKNECHE
0001,Agence Genas,AF203911,Porte de garage,Non,72 Rue Alexandre Boutin,VILLEURBANNE,0021,SDC BELLECOMBE,Romain RICORDEAU 
0001,Agence Genas,AF193912,Porte automatique,Non,2 Place Bellecour,LYON,0021,SDC 2 PLACE BELLECOUR,Romain RICORDEAU 
0001,Agence Genas,AF193913,Ascenseur,Non,38 Rue du repos,LYON,0045,SDC PARC BLANDAN,Mohamed BESSAFI
0001,Agence Genas,AF193914,Ascenseur,Non,9 Route de Vienne,LYON,0045,SDC PARC BLANDAN,Mohamed BESSAFI
0001,Agence Genas,AF193916,Ascenseur,Non,1195 - 1205 avenue Marcel Merieux,MARCY L ETOILE,0006,SDC L'EDEN PARC,Aurélien GUERIN
0001,Agence Genas,AF193917,Ascenseur,Non,1195 - 1205 avenue Marcel Merieux,MARCY L ETOILE,0006,SDC L'EDEN PARC,Aurélien GUERIN
0001,Agence Genas,AF203918,Ascenseur,Non,2 Allée des Tullistes,ECULLY,0006,SDC LES TULLISTES,Aurélien GUERIN
0001,Agence Genas,AF203919,Ascenseur,Non,4 Allée des Tullistes,ECULLY,0006,SDC LES TULLISTES,Aurélien GUERIN
0001,Agence Genas,AF203920,Ascenseur,Non,10 Allée des Tullistes,ECULLY,0006,SDC LES TULLISTES,Aurélien GUERIN
0001,Agence Genas,AF203921,Ascenseur,Non,8 Allée des Tullistes,ECULLY,0006,SDC LES TULLISTES,Aurélien GUERIN
0001,Agence Genas,AF203922,Ascenseur,Non,12 Allée des Tullistes,ECULLY,0006,SDC LES TULLISTES,Aurélien GUERIN
0001,Agence Genas,AF203926,Ascenseur,Non,1 Rue du Colibri,GREZIEU LA VARENNE,0006,SDC LE CLOS DE LA ROSERAIE,Aurélien GUERIN
0001,Agence Genas,AF203927,Porte de garage,Non,19B Rue Colonel Klobb,VILLEURBANNE,0021,SDC VILLA VERONE,Romain RICORDEAU 
0001,Agence Genas,AF193937,Parking automatisé,Non,256-258 Rue Vendôme,LYON,0021,LES COLONNES VENDOMES,Romain RICORDEAU 
0001,Agence Genas,AF193938,Parking automatisé,Non,256-258 Rue Vendôme,LYON,0021,LES COLONNES VENDOMES,Romain RICORDEAU 
0001,Agence Genas,AF193939,Parking automatisé,Non,256-258 Rue Vendôme,LYON,0021,LES COLONNES VENDOMES,Romain RICORDEAU 
0001,Agence Genas,AF193940,Parking automatisé,Non,256-258 Rue Vendôme,LYON,0021,LES COLONNES VENDOMES,Romain RICORDEAU 
0001,Agence Genas,AF193941,Parking automatisé,Non,256-258 Rue Vendôme,LYON,0021,LES COLONNES VENDOMES,Romain RICORDEAU 
0001,Agence Genas,AF193942,Parking automatisé,Non,256-258 Rue Vendôme,LYON,0021,LES COLONNES VENDOMES,Romain RICORDEAU 
0001,Agence Genas,AF193943,Parking automatisé,Non,256-258 Rue Vendôme,LYON,0021,LES COLONNES VENDOMES,Romain RICORDEAU 
0001,Agence Genas,AF193944,Parking automatisé,Non,256-258 Rue Vendôme,LYON,0021,LES COLONNES VENDOMES,Romain RICORDEAU 
0001,Agence Genas,AF193945,Parking automatisé,Non,256-258 Rue Vendôme,LYON,0021,LES COLONNES VENDOMES,Romain RICORDEAU 
0001,Agence Genas,AF203946,Portail,Non,155 Chemin de Recanton,CHARLY,0073,SDC LES HAUTS DE CORCELLES,Yann GENIEIS
0001,Agence Genas,AF203947,Porte de garage,Non,155 Chemin de Recanton,CHARLY,0073,SDC LES HAUTS DE CORCELLES,Yann GENIEIS
0001,Agence Genas,AF193952,Porte piétonne,Non,10/12 Boulevard Marius Vivier Merle,LYON,0021,ERNEST & YOUNG,Romain RICORDEAU 
0001,Agence Genas,AF193953,Porte piétonne,Non,10/12 Boulevard Marius Vivier Merle,LYON,0021,ERNEST & YOUNG,Romain RICORDEAU 
0001,Agence Genas,AF193954,Porte piétonne,Non,10/12 Boulevard Marius Vivier Merle,LYON,0021,ERNEST & YOUNG,Romain RICORDEAU 
0001,Agence Genas,AF193955,Porte piétonne,Non,10/12 Boulevard Marius Vivier Merle,LYON,0021,ERNEST & YOUNG,Romain RICORDEAU 
0001,Agence Genas,AF193956,Porte piétonne,Non,10/12 Boulevard Marius Vivier Merle,LYON,0021,ERNEST & YOUNG,Romain RICORDEAU 
0001,Agence Genas,AF193957,Porte piétonne,Non,10/12 Boulevard Marius Vivier Merle,LYON,0021,ERNEST & YOUNG,Romain RICORDEAU 
0001,Agence Genas,AF193958,Porte piétonne,Non,10/12 Boulevard Marius Vivier Merle,LYON,0021,ERNEST & YOUNG,Romain RICORDEAU 
0001,Agence Genas,AF193959,Porte piétonne,Non,10/12 Boulevard Marius Vivier Merle,LYON,0021,ERNEST & YOUNG,Romain RICORDEAU 
0001,Agence Genas,AF203997,Ascenseur,Non,74 Route de Lyon,MEXIMIEUX,0070,SDC Le Clos du Moulin,Guillaume LANGLOIS
0001,Agence Genas,AF203998,Ascenseur,Non,74 Route de Lyon,MEXIMIEUX,0070,SDC Le Clos du Moulin,Guillaume LANGLOIS
0001,Agence Genas,AF203999,Ascenseur,Non,74 Route de Lyon,MEXIMIEUX,0070,SDC Le Clos du Moulin,Guillaume LANGLOIS
0001,Agence Genas,AF204050,Ascenseur,Non,Avenue Henri Schneider,JONAGE,0070,MOBILITY ,Guillaume LANGLOIS
0001,Agence Genas,AF204051,Ascenseur,Non,Avenue Henri Schneider,JONAGE,0070,MOBILITY ,Guillaume LANGLOIS
0001,Agence Genas,AF204052,Ascenseur,Non,Avenue Henri Schneider,JONAGE,0070,MOBILITY ,Guillaume LANGLOIS
0001,Agence Genas,AF204054,Ascenseur,Non,241 Rue Duguesclin,LYON,0053,SDC MIRABEAU - CLOS TIPHAINE ,Christopher WILTORD
0001,Agence Genas,AF204055,Ascenseur,Non,245 Rue Duguesclin,LYON,0053,SDC MIRABEAU - CLOS TIPHAINE ,Christopher WILTORD
0001,Agence Genas,AF204056,Portail,Non,40 Rue Condorcet,VAULX MILIEU,0021,SENSO PUR / NEOREV,Romain RICORDEAU 
0001,Agence Genas,AF204057,Porte sectionnelle,Non,40 Rue Condorcet,VAULX MILIEU,0021,SENSO PUR / NEOREV,Romain RICORDEAU 
0001,Agence Genas,AF204058,Porte sectionnelle,Non,40 Rue Condorcet,VAULX MILIEU,0021,SENSO PUR / NEOREV,Romain RICORDEAU 
0001,Agence Genas,AF204059,Porte sectionnelle,Non,40 Rue Condorcet,VAULX MILIEU,0021,SENSO PUR / NEOREV,Romain RICORDEAU 
0001,Agence Genas,AF204060,Porte sectionnelle,Non,40 Rue Condorcet,VAULX MILIEU,0021,SENSO PUR / NEOREV,Romain RICORDEAU 
0001,Agence Genas,AF204062,Porte sectionnelle,Non,40 Rue Condorcet,VAULX MILIEU,0021,SENSO PUR / NEOREV,Romain RICORDEAU 
0001,Agence Genas,AF204063,Niveleur de quai,Non,40 Rue Condorcet,VAULX MILIEU,0021,SENSO PUR / NEOREV,Romain RICORDEAU 
0001,Agence Genas,AF204065,Niveleur de quai,Non,40 Rue Condorcet,VAULX MILIEU,0021,SENSO PUR / NEOREV,Romain RICORDEAU 
0001,Agence Genas,AF204066,Niveleur de quai,Non,40 Rue Condorcet,VAULX MILIEU,0021,SENSO PUR / NEOREV,Romain RICORDEAU 
0001,Agence Genas,571633,Portail,Non,42 Route de Corbas,VENISSIEUX,0073,SNEF - Marché Orange Bron Fermeture,Yann GENIEIS
0001,Agence Genas,AF204132,Portail,Non,"90, Avenue Georges Clemenceau ",SAINT GENIS LAVAL ,0073,SNEF - Marché Orange Bron Fermeture,Yann GENIEIS
0001,Agence Genas,AF204139,Ascenseur,Non,2 Chemin des verrières,CHARBONNIERES LES BAINS,0006,SDC DOMAINE DE CHARBONNIERES,Aurélien GUERIN
0001,Agence Genas,AF204140,Ascenseur,Non,18 Chemin Jean Baptiste Gilliard,CALUIRE ET CUIRE,0047,SDC LE PETIT VERSAILLES ,Nefis ALIOUCHE
0001,Agence Genas,AF204141,Ascenseur,Non,18 Bis Chemin Jean Baptiste Gilliard,CALUIRE ET CUIRE,0047,SDC LE PETIT VERSAILLES ,Nefis ALIOUCHE
0001,Agence Genas,AF204142,Ascenseur,Non,20 Chemin Jean Baptiste Gilliard,CALUIRE ET CUIRE,0047,SDC LE PETIT VERSAILLES ,Nefis ALIOUCHE
0001,Agence Genas,AF204143,Ascenseur,Non,22 Chemin Jean Baptiste Gilliard,CALUIRE ET CUIRE,0047,SDC LE PETIT VERSAILLES ,Nefis ALIOUCHE
0001,Agence Genas,AF204144,Ascenseur,Non,24 Chemin Jean Baptiste Gilliard,CALUIRE ET CUIRE,0047,SDC LE PETIT VERSAILLES ,Nefis ALIOUCHE
0001,Agence Genas,AF204145,Ascenseur,Non,26 Chemin Jean Baptiste Gilliard,CALUIRE ET CUIRE,0047,SDC LE PETIT VERSAILLES ,Nefis ALIOUCHE
0001,Agence Genas,AF204146,Ascenseur,Non,28 Chemin Jean Baptiste Gilliard,CALUIRE ET CUIRE,0047,SDC LE PETIT VERSAILLES ,Nefis ALIOUCHE
0001,Agence Genas,AF204155,Ascenseur,Non,4 Placette du Jardin de Marie,BRINDAS,0006,SDC LE VIEUX BOURG,Aurélien GUERIN
0001,Agence Genas,AF204156,Ascenseur,Non,10 Placette du Jardin de Marie,BRINDAS,0006,SDC LE VIEUX BOURG,Aurélien GUERIN
0001,Agence Genas,AF204158,Ascenseur,Non,47 Avenue Bergeron - Allée A2,CHARBONNIÈRES LES BAINS,0006,SDC LE PARC DE CHARBONNIERES,Aurélien GUERIN
0001,Agence Genas,AF204159,Ascenseur,Non,47 Avenue Bergeron - Allée A3,CHARBONNIÈRES LES BAINS,0006,SDC LE PARC DE CHARBONNIERES,Aurélien GUERIN
0001,Agence Genas,AF204160,Ascenseur,Non,47 Avenue Bergeron - Allée A4,CHARBONNIÈRES LES BAINS,0006,SDC LE PARC DE CHARBONNIERES,Aurélien GUERIN
0001,Agence Genas,AF204161,Ascenseur,Non,47 Avenue Bergeron - Allée A5,CHARBONNIÈRES LES BAINS,0006,SDC LE PARC DE CHARBONNIERES,Aurélien GUERIN
0001,Agence Genas,AF204162,Ascenseur,Non,47 Avenue Bergeron - Allée B6,CHARBONNIÈRES LES BAINS,0006,SDC LE PARC DE CHARBONNIERES,Aurélien GUERIN
0001,Agence Genas,AF204163,Ascenseur,Non,47 Avenue Bergeron - Allée B7,CHARBONNIÈRES LES BAINS,0006,SDC LE PARC DE CHARBONNIERES,Aurélien GUERIN
0001,Agence Genas,AF204164,Ascenseur,Non,47 Avenue Bergeron - Allée B8,CHARBONNIÈRES LES BAINS,0006,SDC LE PARC DE CHARBONNIERES,Aurélien GUERIN
0001,Agence Genas,AF204165,Ascenseur,Non,47 Avenue Bergeron - Allée B9,CHARBONNIÈRES LES BAINS,0006,SDC LE PARC DE CHARBONNIERES,Aurélien GUERIN
0001,Agence Genas,AF204166,Ascenseur,Non,181 Avenue Jean Jaurés,LYON,0045,SCI de la Tannerie,Mohamed BESSAFI
0001,Agence Genas,AF204167,Porte de garage,Non,330 rue André Phillip ,LYON,0021,SDC LE CALIADOR,Romain RICORDEAU 
0001,Agence Genas,AF204169,Porte piétonne,Non,106 Boulevard Vivier Merle,LYON,0021,VELUM,Romain RICORDEAU 
0001,Agence Genas,AF204170,Porte piétonne,Non,106 Boulevard Vivier Merle,LYON,0021,VELUM,Romain RICORDEAU 
0001,Agence Genas,AF204171,Porte piétonne,Non,106 Boulevard Vivier Merle,LYON,0021,VELUM,Romain RICORDEAU 
0001,Agence Genas,AF204172,Porte piétonne,Non,106 Boulevard Vivier Merle,LYON,0021,VELUM,Romain RICORDEAU 
0001,Agence Genas,AF204173,Porte piétonne,Non,106 Boulevard Vivier Merle,LYON,0021,VELUM,Romain RICORDEAU 
0001,Agence Genas,AF204174,Porte piétonne,Non,106 Boulevard Vivier Merle,LYON,0021,VELUM,Romain RICORDEAU 
0001,Agence Genas,AF204178,Porte piétonne,Non,106 Boulevard Vivier Merle,LYON,0021,VELUM,Romain RICORDEAU 
0001,Agence Genas,AF204179,Porte piétonne,Non,106 Boulevard Vivier Merle,LYON,0021,VELUM,Romain RICORDEAU 
0001,Agence Genas,AF204181,Porte piétonne,Non,106 Boulevard Vivier Merle,LYON,0021,VELUM,Romain RICORDEAU 
0001,Agence Genas,AF204184,Porte piétonne,Non,106 Boulevard Vivier Merle,LYON,0021,VELUM,Romain RICORDEAU 
0001,Agence Genas,AF204185,Porte piétonne,Non,106 Boulevard Vivier Merle,LYON,0021,VELUM,Romain RICORDEAU 
0001,Agence Genas,AF204186,Porte piétonne,Non,106 Boulevard Vivier Merle,LYON,0021,VELUM,Romain RICORDEAU 
0001,Agence Genas,AF204188,Portail,Non,11 rue d'Arsonval,CHASSIEU,0058,ABB CHASSIEU,Olivier VUILLAUME 
0001,Agence Genas,AF204189,Barrière Levante,Non,11 rue d'Arsonval,CHASSIEU,0058,ABB CHASSIEU,Olivier VUILLAUME 
0001,Agence Genas,AF204190,Barrière Levante,Non,11 rue d'Arsonval,CHASSIEU,0058,ABB CHASSIEU,Olivier VUILLAUME 
0001,Agence Genas,AF204199,Barrière Levante,Non,11 rue d'Arsonval,CHASSIEU,0058,ABB CHASSIEU,Olivier VUILLAUME 
0001,Agence Genas,AF204209,Portail,Non,11 rue d'Arsonval,CHASSIEU,0058,ABB CHASSIEU,Olivier VUILLAUME 
0001,Agence Genas,AF204214,Ascenseur,Non,16 Rue Cornavent,DECINES CHARPIEU,0070,ACPPA LES VOLUBILIS,Guillaume LANGLOIS
0001,Agence Genas,AF204215,Ascenseur,Non,16 Rue Cornavent,DECINES CHARPIEU,0070,ACPPA LES VOLUBILIS,Guillaume LANGLOIS
0001,Agence Genas,AF204217,Ascenseur,Non,13 Rue Jean Claude Martin,CRAPONNE,0006,SDC LE JARDIN DES LYS,Aurélien GUERIN
0001,Agence Genas,AF204218,Ascenseur,Non,13 Rue Jean Claude Martin,CRAPONNE,0006,SDC LE JARDIN DES LYS,Aurélien GUERIN
0001,Agence Genas,AF204219,Ascenseur,Non,13 Rue Jean Claude Martin,CRAPONNE,0006,SDC LE JARDIN DES LYS,Aurélien GUERIN
0001,Agence Genas,AF204220,Ascenseur,Non,23 rue Roposte,LYON,0053,SDC LE BARABAN,Christopher WILTORD
0001,Agence Genas,AF204224,Ascenseur,Non,52 Rue du 4 aout 1789,VILLEURBANNE,0027,SDC 52 rue du 4 août 1789,Luc CHAROLLAIS
0001,Agence Genas,AF204234,Portail,Non,20 Boulevard Général de Gaulle,OULLINS,0073,SDC RESIDENCE CLOS DU CHENE,Yann GENIEIS
0001,Agence Genas,AF204235,Porte de garage,Non,20 Boulevard Général de Gaulle,OULLINS,0073,SDC RESIDENCE CLOS DU CHENE,Yann GENIEIS
0001,Agence Genas,AF204239,Porte de garage,Non,47-49 RUE DU 4 AOUT 1789,VILLEURBANNE,0021,SDC LE SAINT THERESE,Romain RICORDEAU 
0001,Agence Genas,AF204240,Portail,Non,47 - 49 RUE DU 4 AOUT 1789,VILLEURBANNE,0021,SDC LE SAINT THERESE,Romain RICORDEAU 
0001,Agence Genas,AF204246,Porte automatique,Non,90 BD BOULEVARD DE VILLEFONTAINE,VILLEFONTAINE,0021,LES COMPAGNONS DU DEVOIR,Romain RICORDEAU 
0001,Agence Genas,AF204249,Monte Plats,Non,24 rue de la République,LYON,0056,RESTAURANT L'INSTITUTION ,Yaya DOUCOURE 
0001,Agence Genas,AF204252,Porte piétonne,Non,162 Route de Grenoble,ST PRIEST,0058,BRIOCHETTE ET PETITS PAINS,Olivier VUILLAUME 
0001,Agence Genas,AF204254,Porte piétonne,Non,162 Route de Grenoble,ST PRIEST,0058,BRIOCHETTE ET PETITS PAINS,Olivier VUILLAUME 
0001,Agence Genas,AS938037A,Ascenseur,Non,37 RUE DE L'ENTREPRISE,LOZANNE,0006,La baraque d'Olivier ,Aurélien GUERIN
0001,Agence Genas,AS938037B,Ascenseur,Non,37 RUE DE L'ENTREPRISE,LOZANNE,0006,La baraque d'Olivier ,Aurélien GUERIN
0001,Agence Genas,AF204257,Porte automatique,Non,31 rue de la Soie,VILLEURBANNE,0021,EUROFINS,Romain RICORDEAU 
0001,Agence Genas,AF204262,Ascenseur,Non,47 RUE DU 4 AOUT 1789,VILLEURBANNE,0027,SDC LE SAINT THERESE,Luc CHAROLLAIS
0001,Agence Genas,AF204263,Ascenseur,Non,49 RUE DU 4 AOUT 1789,VILLEURBANNE,0027,SDC LE SAINT THERESE,Luc CHAROLLAIS
0001,Agence Genas,AF204264,Porte de garage,Non,49 AVENUE ALBERT EINSTEIN,VILLEURBANNE,0021,SILIRIC,Romain RICORDEAU 
0001,Agence Genas,AF204265,Portail,Non,49 AVENUE ALBERT EINSTEIN,VILLEURBANNE,0021,SILIRIC,Romain RICORDEAU 
0001,Agence Genas,AF204270,Ascenseur,Non,16 Boulevard des Belges,LYON,0056,SDC 16 Boulevard des Belges,Yaya DOUCOURE 
0001,Agence Genas,AF204272,Ascenseur,Non,8 rue Artaud,LYON,0047,SDC L'AVANT SCENE,Nefis ALIOUCHE
0001,Agence Genas,AF204273,Ascenseur,Non,40 RUE DE BELFORT,LYON,0047,SDC L'AVANT SCENE,Nefis ALIOUCHE
0001,Agence Genas,AF204274,Ascenseur,Non,40 RUE DE BELFORT,LYON,0047,SDC L'AVANT SCENE,Nefis ALIOUCHE
0001,Agence Genas,AF204291,Ascenseur,Non,40-45 Louis Braille Ascenseur Tour 10,Saint Priest,0065,SDC LE MENIVAL GRAVIERE,Khalil BELLAL
0001,Agence Genas,AF204292,Ascenseur,Non,40-45 Louis Braille Ascenseur Tour 11,Saint Priest,0065,SDC LE MENIVAL GRAVIERE,Khalil BELLAL
0001,Agence Genas,AF204293,Ascenseur,Non,40-45 Louis Braille Ascenseur Tour 12,Saint Priest,0065,SDC LE MENIVAL GRAVIERE,Khalil BELLAL
0001,Agence Genas,AF204294,Ascenseur,Non,40-45 Louis Braille Ascenseur Tour 13,Saint Priest,0065,SDC LE MENIVAL GRAVIERE,Khalil BELLAL
0001,Agence Genas,AF204295,Ascenseur,Non,40-45 Louis Braille Ascenseur Bat A /1,Saint Priest,0065,SDC LE MENIVAL GRAVIERE,Khalil BELLAL
0001,Agence Genas,AF204296,Ascenseur,Non,40-45 Louis Braille Ascenseur Bat A /2,Saint Priest,0065,SDC LE MENIVAL GRAVIERE,Khalil BELLAL
0001,Agence Genas,AF204297,Ascenseur,Non,40-45 Louis Braille Ascenseur Bat A /3,Saint Priest,0065,SDC LE MENIVAL GRAVIERE,Khalil BELLAL
0001,Agence Genas,AF204298,Ascenseur,Non,40-45 Louis Braille Ascenseur Bat A /4,Saint Priest,0065,SDC LE MENIVAL GRAVIERE,Khalil BELLAL
0001,Agence Genas,AF204299,Ascenseur,Non,40-45 Louis Braille Ascenseur Bat D /1,Saint Priest,0065,SDC LE MENIVAL GRAVIERE,Khalil BELLAL
0001,Agence Genas,AF204300,Ascenseur,Oui,40-45 Louis Braille Ascenseur Bat D /2,Saint Priest,0065,SDC LE MENIVAL GRAVIERE,Khalil BELLAL
0001,Agence Genas,AF204301,Ascenseur,Non,40-45 Louis Braille Ascenseur Bat D /3,Saint Priest,0065,SDC LE MENIVAL GRAVIERE,Khalil BELLAL
0001,Agence Genas,AF204302,Ascenseur,Non,40-45 Louis Braille Ascenseur Bat D /4,Saint Priest,0065,SDC LE MENIVAL GRAVIERE,Khalil BELLAL
0001,Agence Genas,AF204303,Ascenseur,Non,40-45 Louis Braille Ascenseur Bat G /1,Saint Priest,0065,SDC LE MENIVAL GRAVIERE,Khalil BELLAL
0001,Agence Genas,AF204304,Ascenseur,Non,40-45 Louis Braille Ascenseur Bat G /2 ,Saint Priest,0065,SDC LE MENIVAL GRAVIERE,Khalil BELLAL
0001,Agence Genas,AF204305,Ascenseur,Non,40-45 Louis Braille Ascenseur Bat G /3,Saint Priest,0065,SDC LE MENIVAL GRAVIERE,Khalil BELLAL
0001,Agence Genas,AF204306,Ascenseur,Non,40-45 Louis Braille Ascenseur Bat G /4,Saint Priest,0065,SDC LE MENIVAL GRAVIERE,Khalil BELLAL
0001,Agence Genas,AF204307,Ascenseur,Non,40-45 Louis Braille Ascenseur Bat I /1,Saint Priest,0065,SDC LE MENIVAL GRAVIERE,Khalil BELLAL
0001,Agence Genas,AF204308,Ascenseur,Non,40-45 Louis Braille Ascenseur Bat I /2,Saint Priest,0065,SDC LE MENIVAL GRAVIERE,Khalil BELLAL
0001,Agence Genas,AF204309,Ascenseur,Non,40-45 Louis Braille Ascenseur Bat I /3,Saint Priest,0065,SDC LE MENIVAL GRAVIERE,Khalil BELLAL
0001,Agence Genas,AF204310,Ascenseur,Non,40-45 Louis Braille Ascenseur Bat I /4,Saint Priest,0065,SDC LE MENIVAL GRAVIERE,Khalil BELLAL
0001,Agence Genas,AF204311,Ascenseur,Non,40-45 Louis Braille Ascenseur Bat I /5,Saint Priest,0065,SDC LE MENIVAL GRAVIERE,Khalil BELLAL
0001,Agence Genas,AF204322,Ascenseur,Non,18 rue de la Monnaie,LYON,0056,SDC 18 RUE DE LA MONNAIE,Yaya DOUCOURE 
0001,Agence Genas,M21456,Barrière Levante,Non,324 RUE DU CHAT BOTTE ,BEYNOST,0058,ABB BEYNOST,Olivier VUILLAUME 
0001,Agence Genas,M27741,Barrière Levante,Non,324 RUE DU CHAT BOTTE ,BEYNOST,0058,ABB BEYNOST,Olivier VUILLAUME 
0001,Agence Genas,M21457,Portail,Non,324 RUE DU CHAT BOTTE ,BEYNOST,0058,ABB BEYNOST,Olivier VUILLAUME 
0001,Agence Genas,M27740,Portail,Non,324 RUE DU CHAT BOTTE ,BEYNOST,0058,ABB BEYNOST,Olivier VUILLAUME 
0001,Agence Genas,M21458,Porte automatique,Non,324 RUE DU CHAT BOTTE ,BEYNOST,0058,ABB BEYNOST,Olivier VUILLAUME 
0001,Agence Genas,M27687,Porte automatique,Non,324 RUE DU CHAT BOTTE ,BEYNOST,0058,ABB BEYNOST,Olivier VUILLAUME 
0001,Agence Genas,M27739,Porte automatique,Non,324 RUE DU CHAT BOTTE ,BEYNOST,0058,ABB BEYNOST,Olivier VUILLAUME 
0001,Agence Genas,M21454,Porte sectionnelle,Non,324 RUE DU CHAT BOTTE ,BEYNOST,0058,ABB BEYNOST,Olivier VUILLAUME 
0001,Agence Genas,M27742,Porte sectionnelle,Non,324 RUE DU CHAT BOTTE ,BEYNOST,0058,ABB BEYNOST,Olivier VUILLAUME 
0001,Agence Genas,M21453,Porte Souple ,Non,324 RUE DU CHAT BOTTE ,BEYNOST,0058,ABB BEYNOST,Olivier VUILLAUME 
0001,Agence Genas,SC274,Ascenseur,Non,324 RUE DU CHAT BOTTE ,BEYNOST,0070,ABB BEYNOST,Guillaume LANGLOIS
0001,Agence Genas,S9744,Ascenseur,Non,324 RUE DU CHAT BOTTE ,BEYNOST,0070,ABB BEYNOST,Guillaume LANGLOIS
0001,Agence Genas,EGR 1,Porte automatique,Non,324 RUE DU CHAT BOTTE ,BEYNOST,0058,ABB BEYNOST,Olivier VUILLAUME 
0001,Agence Genas,EGR 2,Porte automatique,Non,324 RUE DU CHAT BOTTE ,BEYNOST,0058,ABB BEYNOST,Olivier VUILLAUME 
0001,Agence Genas,AF204338,Ascenseur,Non,2 chemin des Verrières,CHARBONNIERES LES BAINS,0006,SDC DOMAINE DE CHARBONNIERES,Aurélien GUERIN
0001,Agence Genas,AF204339,Ascenseur,Non,2 chemin des Verrières,CHARBONNIERES LES BAINS,0006,SDC DOMAINE DE CHARBONNIERES,Aurélien GUERIN
0001,Agence Genas,AF204340,Ascenseur,Non,2 Chemin des verrières,CHARBONNIERES LES BAINS,0006,SDC DOMAINE DE CHARBONNIERES,Aurélien GUERIN
0001,Agence Genas,AF204341,Ascenseur,Non,2 Chemin des verrières,CHARBONNIERES LES BAINS,0006,SDC DOMAINE DE CHARBONNIERES,Aurélien GUERIN
0001,Agence Genas,AF204342,Ascenseur,Non,2 Chemin des verrières,CHARBONNIERES LES BAINS,0006,SDC DOMAINE DE CHARBONNIERES,Aurélien GUERIN
0001,Agence Genas,AF204343,Ascenseur,Non,2 Chemin des verrières,CHARBONNIERES LES BAINS,0006,SDC DOMAINE DE CHARBONNIERES,Aurélien GUERIN
0001,Agence Genas,AF204373,Ascenseur,Non,18 rue Sainte Amour,Lyon,0053,POSTE RTE DE SAINT AMOUR,Christopher WILTORD
0001,Agence Genas,AF204374,Ascenseur,Non,12 rue Roquette,LYON,0053,POSTE RTE DE VAISE ,Christopher WILTORD
0001,Agence Genas,AF204378,Porte de garage,Non,23 rue Professeur Rochais,LYON,0021,SDC LE CLOS DE LA LICE ,Romain RICORDEAU 
0001,Agence Genas,AF204379,Ascenseur,Non,23 rue Professeur Rochaix,LYON,0053,SDC LE CLOS DE LA LICE ,Christopher WILTORD
0001,Agence Genas,AF204380,Ascenseur,Non,3 rue Germain David,LYON,0053,SDC LE CLOS DE LA LICE ,Christopher WILTORD
0001,Agence Genas,AF204385,Porte automatique,Non,10 rue Simon Jallade,STE FOY LES LYON,0073,Centre Witkowska,Yann GENIEIS
0001,Agence Genas,AF204386,Porte automatique,Non,10 rue Simon Jallade,STE FOY LES LYON,0073,Centre Witkowska,Yann GENIEIS
0001,Agence Genas,AF204396,Ascenseur,Non,32 rue de la Thibaudière,LYON,0045,SDC 32 rue de la Thibaudière,Mohamed BESSAFI
0001,Agence Genas,AF204402,Barrière Levante,Non,30 AVENUE DU GENERAL LECLERC,VIENNE,0073,SDC APOLLO,Yann GENIEIS
0001,Agence Genas,AF204403,Ascenseur,Non,166 avenue Roger Salengro,VILLEURBANNE,0027,SDC VERT GALANT,Luc CHAROLLAIS
0001,Agence Genas,AF204404,Ascenseur,Non,168 avenue Roger Salengro,VILLEURBANNE,0027,SDC VERT GALANT,Luc CHAROLLAIS
0001,Agence Genas,AF204405,Ascenseur,Non,170 avenue Roger Salengro,VILLEURBANNE,0027,SDC VERT GALANT,Luc CHAROLLAIS
0001,Agence Genas,AF214408,Porte sectionnelle motorisée,Non,Zone Industrielle de la Ronze,TALUYERS,0073,CLER,Yann GENIEIS
0001,Agence Genas,AF204412,Ascenseur,Non,3 cours Saint Henri - Grand Hotel Dieu,LYON,0056,Le Grand Réfectoire,Yaya DOUCOURE 
0001,Agence Genas,AF204429,Ascenseur,Non,29 Bis Rue Centrale,CRAPONNE,0006,SDC LE PARC JEAN MONNET,Aurélien GUERIN
0001,Agence Genas,AF204439,Ascenseur,Non,9 - 11 rue Simon Buisson,CHAMPAGNE AU MONT D'OR,0006,SDC Le Grand Horizon,Aurélien GUERIN
0001,Agence Genas,AF204440,Ascenseur,Non,9 - 11 rue Simon Buisson,CHAMPAGNE AU MONT D'OR,0006,SDC Le Grand Horizon,Aurélien GUERIN
0001,Agence Genas,AF204441,Ascenseur,Non,25 rue Roposte,LYON,0053,SDC LE BARABAN,Christopher WILTORD
0001,Agence Genas,AF204442,Ascenseur,Non,27 rue Roposte,LYON,0053,SDC LE BARABAN,Christopher WILTORD
0001,Agence Genas,AF204443,Portail,Non,44 rue de la Favorite,LYON,0021,SDC LES CEDRES,Romain RICORDEAU 
0001,Agence Genas,AF204444,Ascenseur,Non,24 cours d'Herbouville,LYON,0047,SDC 24 cours d'Herbouville,Nefis ALIOUCHE
0001,Agence Genas,AF204445,Ascenseur,Non,143 rue de Sèze,LYON,0056,SDC 143 rue de Sèze / 10 rue curie,Yaya DOUCOURE 
0001,Agence Genas,AF204448,Porte de garage,Non,13 AVENUE DEBROUSSE,LYON,0021,SDC LES JARDINS DE FONTANIERE,Romain RICORDEAU 
0001,Agence Genas,AF204450,Ascenseur,Non,110 rue de la Commune de Paris,LA VERPILLIERE,0070,Mr Farouk BENCHIKHA,Guillaume LANGLOIS
0001,Agence Genas,AF204457,Ascenseur,Non,24 rue Eugène Hénaff,VENISSIEUX,0065,RDS Vénissieux,Khalil BELLAL
0001,Agence Genas,AF204459,Ascenseur,Non,Les Halles Paul Bocuse,LYON,0053,Boucherie Massot,Christopher WILTORD
0001,Agence Genas,AF204461,Porte de garage,Non,28 rue du Trianon,BOURGOIN JALLIEU,0058,SDC SITELLES,Olivier VUILLAUME 
0001,Agence Genas,AF204488,Porte automatique,Non,67 rue Gabriel Péri ,VILLEURBANNE,0021,EUROFINS,Romain RICORDEAU 
0001,Agence Genas,AF204492,Ascenseur,Non,7 Place Marechal Lyauteh,LYON,0056,SDC 7 PLACE MARECHAL LYAUTET,Yaya DOUCOURE 
0001,Agence Genas,AF204500,Ascenseur,Non,125 Avenue Pierre Dumont,CRAPONNE,0006,SDC LA VALLINIERE,Aurélien GUERIN
0001,Agence Genas,AF204544,Ascenseur,Oui,1 place des Cordeliers,LYON,0056,SDC 1 place des Cordeliers,Yaya DOUCOURE 
0001,Agence Genas,AF204545,Ascenseur,Non,24 quai Fulchiron,LYON,0072,SDC 24 quai Fulchiron,Nouredine BOUNAAS
0001,Agence Genas,AF204546,Ascenseur,Non,55 rue de la Bourse,LYON,0056,SDC 55 rue de la Bourse,Yaya DOUCOURE 
0001,Agence Genas,AF204547,Ascenseur,Non,7 rue du 11 novembre 1918,PIERRE BENITE,0071,SDC LE SOLEIL,Kenzy CHABBI
0001,Agence Genas,AF204548,Ascenseur,Non,9 rue du 11 novembre 1918,PIERRE BENITE,0071,SDC LE SOLEIL,Kenzy CHABBI
0001,Agence Genas,AF204549,Ascenseur,Non,11 rue du 11 novembre 1918,PIERRE BENITE,0071,SDC LE SOLEIL,Kenzy CHABBI
0001,Agence Genas,AF204550,Ascenseur,Non,13 rue du 11 novembre 1918,PIERRE BENITE,0071,SDC LE SOLEIL,Kenzy CHABBI
0001,Agence Genas,AF204551,Ascenseur,Non,15 rue du 11 novembre 1918,PIERRE BENITE,0071,SDC LE SOLEIL,Kenzy CHABBI
0001,Agence Genas,AF204552,Ascenseur,Non,17 rue du 11 novembre 1918,PIERRE BENITE,0071,SDC LE SOLEIL,Kenzy CHABBI
0001,Agence Genas,AF204553,Ascenseur,Non,5A rue du 11 novembre 1918,PIERRE BENITE,0071,SDC LE SOLEIL,Kenzy CHABBI
0001,Agence Genas,AF204554,Ascenseur,Non,5B rue du 11 novembre 1918,PIERRE BENITE,0071,SDC LE SOLEIL,Kenzy CHABBI
0001,Agence Genas,AF204555,Ascenseur,Non,5C rue du 11 novembre 1918,PIERRE BENITE,0071,SDC LE SOLEIL,Kenzy CHABBI
0001,Agence Genas,AF204556,Ascenseur,Non,5D rue du 11 novembre 1918,PIERRE BENITE,0071,SDC LE SOLEIL,Kenzy CHABBI
0001,Agence Genas,AF204580,Ascenseur,Oui,26 Rue Imbert Colomes,LYON,0056,SDC 26 IMBERT COLOMES,Yaya DOUCOURE 
0001,Agence Genas,AF204581,Ascenseur,Non,29 ter rue Albéric Pont,LYON,0072,SDC COTE JARDINS,Nouredine BOUNAAS
0001,Agence Genas,AF204607,Ascenseur,Non,17 cours Lafayette,LYON,0053,17 cours Lafayette,Christopher WILTORD
0001,Agence Genas,AF204620,Ascenseur,Non,72 rue Alexandre Boutin,VILLEURBANNE,0027,SDC BELLECOMBE,Luc CHAROLLAIS
0001,Agence Genas,AF204631,Porte de garage,Non,132 avenue Pierre Dumont,CRAPONNE,0073,SDC Color Avenue,Yann GENIEIS
0001,Agence Genas,AF204632,Rideau,Non,28 Rue du Champ Dolin,SAINT PRIEST,0058,EBM - SOGEA,Olivier VUILLAUME 
0001,Agence Genas,AF204633,Rideau,Non,28 Rue du Champ Dolin,SAINT PRIEST,0058,EBM - SOGEA,Olivier VUILLAUME 
0001,Agence Genas,AF204634,Rideau,Non,28 Rue du Champ Dolin,SAINT PRIEST,0058,EBM - SOGEA,Olivier VUILLAUME 
0001,Agence Genas,AF204647,Ascenseur,Non,7 rue Jean Palluy,MORNANT,0006,SDC Les Amphiteales II,Aurélien GUERIN
0001,Agence Genas,AF204648,Ascenseur,Non,42 Avenue Henri Barbusse,VILLEURBANNE,0027,SNEF ORANGE ASCENSEURS BRON,Luc CHAROLLAIS
0001,Agence Genas,AF204649,Rideau,Non,31 rue de la Soie,VILLEURBANNE,0021,EUROFINS,Romain RICORDEAU 
0001,Agence Genas,AF204650,Porte automatique,Non,67 rue Gabriel Péri ,VILLEURBANNE,0021,EUROFINS,Romain RICORDEAU 
0001,Agence Genas,AF204651,Rideau,Non,67 rue Gabriel Péri ,VILLEURBANNE,0021,EUROFINS,Romain RICORDEAU 
0001,Agence Genas,AF204658,Porte automatique,Non,120 route des Macarons,VALBONNE,0051,Golden Tulip Sophia,SIMPA
0001,Agence Genas,AF204659,Porte automatique,Non,120 route des Macarons,VALBONNE,0051,Golden Tulip Sophia,SIMPA
0001,Agence Genas,AF204660,Porte automatique,Non,120 route des Macarons,VALBONNE,0051,Golden Tulip Sophia,SIMPA
0001,Agence Genas,AF204661,Porte automatique,Non,120 route des Macarons,VALBONNE,0051,Golden Tulip Sophia,SIMPA
0001,Agence Genas,AF204662,Porte automatique,Non,120 route des Macarons,VALBONNE,0051,Golden Tulip Sophia,SIMPA
0001,Agence Genas,AF204663,Portail,Non,120 route des Macarons,VALBONNE,0051,Bureau Service Sophia,SIMPA
0001,Agence Genas,AF204664,Porte automatique,Non,120 rue des Macarons,VALBONNE,0051,Bureau Service Sophia,SIMPA
0001,Agence Genas,AF204680,Ascenseur,Non,2 place Kellermann,OULLINS,0071,Hotel Ibis Lyon Sud Oullins,Kenzy CHABBI
0001,Agence Genas,AF204681,Ascenseur,Non,2 place Kellermann,OULLINS,0071,Hotel Ibis Lyon Sud Oullins,Kenzy CHABBI
0001,Agence Genas,AF204682,Portail,Non,2 place Kellermann,OULLINS,0073,Hotel Ibis Lyon Sud Oullins,Yann GENIEIS
0001,Agence Genas,AF204683,Porte basculante,Non,2 place Kellermann,OULLINS,0073,Hotel Ibis Lyon Sud Oullins,Yann GENIEIS
0001,Agence Genas,AF204685,Plate-Forme,Non,2 place Kellermann,OULLINS,0071,Hotel Ibis Lyon Sud Oullins,Kenzy CHABBI
0001,Agence Genas,AF204690,Porte piétonne,Non,1 bis avenue Saint Martin,MONTELIMAR,0030,Ibis Style Montélimar Sud,Karim MOKNECHE
0001,Agence Genas,AF204691,Porte piétonne,Non,1 bis avenue Saint Martin,MONTELIMAR,0030,Ibis Style Montélimar Sud,Karim MOKNECHE
0001,Agence Genas,AF204695,Ascenseur,Non,93 avenue Roger Salengro,VILLEURBANNE,0027,SDC 93 avenue Roger Salengro,Luc CHAROLLAIS
0001,Agence Genas,AF204696,Portail,Non,25 rue de la Concorde,LYON,0021,SDC 25-27 rue de la Concorde,Romain RICORDEAU 
0001,Agence Genas,AF204697,Ascenseur,Non,42 rue Clément Michut,VILLEURBANNE,0027,SDC LE NORSE,Luc CHAROLLAIS
0001,Agence Genas,Hors contrat n°4742,Ascenseur,Non,9 avenue Condorcet,VILLEURBANNE,0063,SDC LE CONDORCET,Kenzy CHABBI
0001,Agence Genas,AF204743,Ascenseur,Non,125 Avenue Pierre Dumont,CRAPONNE,0006,SDC LA VALLINIERE,Aurélien GUERIN
0001,Agence Genas,AF204746,Ascenseur,Non,SDC 31 rue Cuvier,LYON,0056,SDC 31 rue Cuvier,Yaya DOUCOURE 
0001,Agence Genas,AF204748,Ascenseur,Non,241 route de Vienne,VENISSIEUX,0065,SDC LE 241,Khalil BELLAL
0001,Agence Genas,AF204749,Ascenseur,Non,1 Passage Martin,VILLEURBANNE,0072,SDC JONQUILLES ,Nouredine BOUNAAS
0001,Agence Genas,AF204751,Portail,Non,51 rue Benoist Mary,LYON,0021,SNEF - Marché Orange Bron Fermeture,Romain RICORDEAU 
0001,Agence Genas,AF204752,Monte-Charge,Non,31 Rue Maurice Flandin,LYON,0053,HOTEL INVEST LYON PART DIEU,Christopher WILTORD
0001,Agence Genas,AF204753,Portail,Non,12 allée Jean Jacques Rousseau,ST BONNET DE MURE,0058,ASL LE CLOS DES 21,Olivier VUILLAUME 
0001,Agence Genas,AF204755,Portail,Non,25 rue du progrès,ST PRIEST,0063,SNEF - Marché Orange Bron Fermeture,Kenzy CHABBI
0001,Agence Genas,AF204760,Ascenseur,Non,2 Bis avenue Marcel Cachin,VENISSIEUX,0065,SDC LE CORALLIN  2,Khalil BELLAL
0001,Agence Genas,AF204762,Rideau,Non,49 route de l'Arbresle,CHATILLON D AZERGUES,0073,SDC PARC D'ACTIVITE DE LA GARE,Yann GENIEIS
0001,Agence Genas,AF204763,Rideau,Non,49 route de l'Arbresle,CHATILLON D AZERGUES,0073,SDC PARC D'ACTIVITE DE LA GARE,Yann GENIEIS
0001,Agence Genas,AF214765,Ascenseur,Non,4 rue Maryse Bastié,BRON,0071,FLOW LINE INTEGRATION,Kenzy CHABBI
0001,Agence Genas,AF204772,Ascenseur,Non,41 rue des Tables Claudiennes,LYON,0056,SDC 41 rue des tables Claudiennes,Yaya DOUCOURE 
0001,Agence Genas,AF204801,Ascenseur,Non,14 rue Constantine,LYON,0047,SDC 14 rue Constantine,Nefis ALIOUCHE
0001,Agence Genas,1901381,EPMR elevtr pr pers a mobilité reduite,Non,44 impasse des quatre-vents,DOLOMIEU,0070,LOMATY,Guillaume LANGLOIS
0001,Agence Genas,AF204832,Ascenseur,Non,Parc Avenir,GENAS,0070,AFEO PARC AVENIR,Guillaume LANGLOIS
0001,Agence Genas,AF204836,Ascenseur,Non,18 avenue Maréchal Foch,TASSIN LA DEMI LUNE,0006,SDC Foch Avenue,Aurélien GUERIN
0001,Agence Genas,AF204837,Ascenseur,Non,15 place du 8 mai 1945,FONTAINES SAINT MARTIN,0006,SDC La Bastide Saint Martin,Aurélien GUERIN
0001,Agence Genas,AF204838,Ascenseur,Non,15 place du 8 mai 1945,FONTAINES SAINT MARTIN,0006,SDC La Bastide Saint Martin,Aurélien GUERIN
0001,Agence Genas,AF204841,Portail,Non,22 quai Perrache,LYON,0021,SDC 22 Quai Perrache,Romain RICORDEAU 
0001,Agence Genas,AF214844,Ascenseur,Non,59 cours Albert Thomas,LYON,0053,Cours Lumière,Christopher WILTORD
0001,Agence Genas,AF214845,Ascenseur,Non,61 cours Albert Thomas,LYON,0053,Cours Lumière,Christopher WILTORD
0001,Agence Genas,AF214846,Ascenseur,Non,31 rue Flachet,VILLEURBANNE,0027,SDC LES MEDIANES,Luc CHAROLLAIS
0001,Agence Genas,AF214847,Ascenseur,Non,29 rue Flachet,VILLEURBANNE,0027,SDC LES MEDIANES,Luc CHAROLLAIS
0001,Agence Genas,AF214848,Ascenseur,Non,27 rue Flachet,VILLEURBANNE,0027,SDC LES MEDIANES,Luc CHAROLLAIS
0001,Agence Genas,AF214851,Ascenseur,Non,2 Place Louis Chazette ,LYON,0047,SDC 2 PLACE LOUIS CHAZETTE,Nefis ALIOUCHE
0001,Agence Genas,AF214852,Ascenseur,Non,24 Place Aphrodite,ST ROMAIN EN GAL,0070,Cabinet Lagier & Associés,Guillaume LANGLOIS
0001,Agence Genas,HC204858,Porte automatique,Non,"20, Boulevard Eugene deruelle",LYON,0021,ROIRET SERVICES ,Romain RICORDEAU 
0001,Agence Genas,AF214864,Porte basculante,Non,17 rue Montbrillant,LYON,0021,SDC Le Valmont 2,Romain RICORDEAU 
0001,Agence Genas,AF214868,Porte automatique,Non,4 rue Maurice Moissonnier,VAULX EN VELIN,0021,SNEF - Immeuble KBis,Romain RICORDEAU 
0001,Agence Genas,AF214869,Porte automatique,Non,rue Maurice Moissonnier,VAULX EN VELIN,0021,SNEF - Immeuble KBis,Romain RICORDEAU 
0001,Agence Genas,AF214870,Portail,Non,rue Maurice Moissonnier,VAULX EN VELIN,0021,SNEF - Immeuble KBis,Romain RICORDEAU 
0001,Agence Genas,AF214892,Borne escamotable,Non,9 rue Carnot,ST CYR AU MONT D OR,0073,Ecole Nationale de Police,Yann GENIEIS
0001,Agence Genas,AF214893,Borne escamotable,Non,9 rue Carnot,ST CYR AU MONT D OR,0073,Ecole Nationale de Police,Yann GENIEIS
0001,Agence Genas,AF214896,Porte basculante,Non,9 rue Carnot,ST CYR AU MONT D OR,0073,Ecole Nationale de Police,Yann GENIEIS
0001,Agence Genas,AF214897,Porte basculante,Non,9 rue Carnot,ST CYR AU MONT D OR,0073,Ecole Nationale de Police,Yann GENIEIS
0001,Agence Genas,AF214898,Porte basculante,Non,9 rue Carnot,ST CYR AU MONT D OR,0073,Ecole Nationale de Police,Yann GENIEIS
0001,Agence Genas,AF214899,Porte basculante,Non,9 rue Carnot,ST CYR AU MONT D OR,0073,Ecole Nationale de Police,Yann GENIEIS
0001,Agence Genas,AF214900,Porte basculante,Non,9 rue Carnot,ST CYR AU MONT D OR,0073,Ecole Nationale de Police,Yann GENIEIS
0001,Agence Genas,AF214901,Porte basculante,Non,9 rue Carnot,ST CYR AU MONT D OR,0073,Ecole Nationale de Police,Yann GENIEIS
0001,Agence Genas,AF214902,Porte basculante,Non,9 rue Carnot,ST CYR AU MONT D OR,0073,Ecole Nationale de Police,Yann GENIEIS
0001,Agence Genas,AF214903,Porte basculante,Non,9 rue Carnot,ST CYR AU MONT D OR,0073,Ecole Nationale de Police,Yann GENIEIS
0001,Agence Genas,AF214919,Ascenseur,Non,27 B rue Pierre Delore,LYON,0045,VILLA ROCHET,Mohamed BESSAFI
0001,Agence Genas,AF214920,Monte-Charge,Non,27 B rue Pierre Delore,LYON,0045,VILLA ROCHET,Mohamed BESSAFI
0001,Agence Genas,AF214926,Ascenseur,Non,20 rue Jules Valensaut,LYON,0045,SDC LE VALENSAUT,Mohamed BESSAFI
0001,Agence Genas,AF214931,Ascenseur,Non,55 passage de l'Argue,LYON,0056,GANDY,Yaya DOUCOURE 
0001,Agence Genas,AF214937,Porte de garage,Non,2 rue Claude Farrere,LYON,0021,SDC 2 rue Claude Farrere,Romain RICORDEAU 
0001,Agence Genas,AF214938,Barrière Levante,Non,2 rue Claude Farrere,LYON,0021,SDC 2 rue Claude Farrere,Romain RICORDEAU 
0001,Agence Genas,AFB20251,Portail,Non,Route de Certines,MONTAGNAT,0048,Premiere classe Bourg en Bresse,Paul SAULNIER
0001,Agence Genas,AFB20253,Portail,Non,Route de Certines,MONTAGNAT,0048,Restaurant le Loft Bourg en Bresse,Paul SAULNIER
0001,Agence Genas,AF214946,Ascenseur,Non,127 Avenue Roger Salengro,VILLEURBANNE,0027,SDC LE TILLIA,Luc CHAROLLAIS
0001,Agence Genas,AF214947,Monte voiture,Oui,127 Avenue Roger Salengro,VILLEURBANNE,0047,SDC LE TILLIA,Nefis ALIOUCHE
0001,Agence Genas,AF214952,Ascenseur,Non,22 rue Montesquieu,LYON,0045,SDC LE MONTESQUIEU,Mohamed BESSAFI
0001,Agence Genas,AF214954,Ascenseur,Non,SDC 39 RUE DE SEZE,LYON,0057,SDC 39 RUE DE SEZE,Anouar BEN MESSAOUD
0001,Agence Genas,AF214955,Ascenseur,Non,35 rue Cavenne,LYON,0057,SDC MERIEUX,Anouar BEN MESSAOUD
0001,Agence Genas,AF214956,Ascenseur,Non,79 rue Sébastien Gryphe,LYON,0057,SDC 79 rue Sébastien Gryphe,Anouar BEN MESSAOUD
0001,Agence Genas,AF214958,Ascenseur,Non,17 rue Garet,LYON,0057,SDC 17 rue Garet,Anouar BEN MESSAOUD
0001,Agence Genas,AF214959,Ascenseur,Non,14 bis montée Saint Sébastien,LYON,0057,SDC VORACES,Anouar BEN MESSAOUD
0001,Agence Genas,AF214960,Ascenseur,Non,51 rue Denuzière,LYON,0057,SDC MONOLITHE,Anouar BEN MESSAOUD
0001,Agence Genas,AF214961,Ascenseur,Non,7 rue Prosper Chappet,LYON,0057,SDC CHORUS,Anouar BEN MESSAOUD
0001,Agence Genas,AF214962,Ascenseur,Non,300 AVENUE JEAN JAURES,LYON,0057,SDC CASA JAURES,Anouar BEN MESSAOUD
0001,Agence Genas,AF214964,Ascenseur,Non,48 rue Marietton,LYON,0072,SDC MARIETTON,Nouredine BOUNAAS
0001,Agence Genas,AF214965,Monte-Charge,Non,1 rue Nerard,LYON,0057,SDC FOYER ANNE FLORIET,Anouar BEN MESSAOUD
0001,Agence Genas,AF214966,Ascenseur,Non,12 rue du Clos Suiphon,LYON,0057,SDC SUIPHON,Anouar BEN MESSAOUD
0001,Agence Genas,AF214967,Ascenseur,Non,7 rue de l'Epée ,LYON,0057,SDC EPEE,Anouar BEN MESSAOUD
0001,Agence Genas,AF214972,Portail,Non,14B rue Omer Louis,LYON,0021,SDC LA CASA LOU,Romain RICORDEAU 
0001,Agence Genas,AF214977,Barrière Levante,Non,2 chemin du Champ,COLLONGES AU MONT D'OR,0073,SDC Les Terres de Tourvéon,Yann GENIEIS
0001,Agence Genas,AF214980,Portail,Non,51-53 rue des Hermières,FRANCHEVILLE,0073,ASL Domaine des Hermières,Yann GENIEIS
0001,Agence Genas,AF214981,Portail,Non,51-53 rue des Hermières,FRANCHEVILLE,0073,ASL Domaine des Hermières,Yann GENIEIS
0001,Agence Genas,AF214982,Porte de garage,Non,51-53 rue des Hermières - Bat A,FRANCHEVILLE,0073,SDC DOMAINE DES HERMIERES ,Yann GENIEIS
0001,Agence Genas,AF214984,Porte de garage,Non,51-53 rue des Hermières - Bat C,FRANCHEVILLE,0073,SDC DOMAINE DES HERMIERES ,Yann GENIEIS
0001,Agence Genas,AF214985,Porte de garage,Non,51-53 rue des Hermières - Bat D,FRANCHEVILLE,0073,SDC DOMAINE DES HERMIERES ,Yann GENIEIS
0001,Agence Genas,AF214989,Ascenseur,Non,246 rue Garibaldi,LYON,0057,SDC GARIBALDI,Anouar BEN MESSAOUD
0001,Agence Genas,AF214990,Ascenseur,Non,248 rue Garibaldi,LYON,0057,SDC GARIBALDI,Anouar BEN MESSAOUD
0001,Agence Genas,AF214991,Ascenseur,Non,15 rue Dugas Montbel,LYON,0057,SDC TRAIN DE NUIT,Anouar BEN MESSAOUD
0001,Agence Genas,AF214992,Ascenseur,Non,3 bis rue du Repos,LYON,0057,SDC MADELEINE,Anouar BEN MESSAOUD
0001,Agence Genas,AF214993,Ascenseur,Non,3 bis rue du Repos,LYON,0057,SDC MADELEINE,Anouar BEN MESSAOUD
0001,Agence Genas,AF214994,Ascenseur,Non,10 rue Verlet Hanus,LYON,0057,SDC BISTROT DES AMIS,Anouar BEN MESSAOUD
0001,Agence Genas,AF214995,Ascenseur,Non,17 rue Tissot,LYON,0057,SDC TISSOT,Anouar BEN MESSAOUD
0001,Agence Genas,AF214996,Ascenseur,Non,17 rue Rast Maupas,LYON,0057,SDC Yves Leprince,Anouar BEN MESSAOUD
0001,Agence Genas,AF214997,Ascenseur,Non,10 rue Auguste Lacroix,LYON,0057,SDC LACROIX,Anouar BEN MESSAOUD
0001,Agence Genas,AF214998,Ascenseur,Non,7 rue Saint Romain,LYON,0057,SDC Saint Romain,Anouar BEN MESSAOUD
0001,Agence Genas,AF214999,Ascenseur,Non,9 rue Saint Romain,LYON,0057,SDC Saint Romain,Anouar BEN MESSAOUD
0001,Agence Genas,AF215008,Niveleur de quai,Non,ZA de la Périvaure,FRAISSES,0073,CLER,Yann GENIEIS
0001,Agence Genas,AF215009,Porte sectionnelle,Non,ZA de la Périvaure,FRAISSES,0073,CLER,Yann GENIEIS
0001,Agence Genas,AF215010,Portail,Non,ZA de la Périvaure,FRAISSES,0073,CLER,Yann GENIEIS
0001,Agence Genas,AF215011,Portail,Non,69 avenue Denis Delorme,CHARBONNIERES LES BAINS,0073,SDC l'Ecrin,Yann GENIEIS
0001,Agence Genas,CM 000 039,Elévateur,Non,16 rue de l'Eglise ,MEXIMIEUX,0027,EAP FRANCE SAS,Luc CHAROLLAIS
0001,Agence Genas,CM 000 040,Elévateur,Non,4 rue Charles Widor,ST BONNET DE MURE,0070,Monsieur VUYLSTEKE,Guillaume LANGLOIS
0001,Agence Genas,AF215023,Ascenseur,Non,32 chemin des Fonts,STE FOY LES LYON,0071,SDC LES MYOSOTIS,Kenzy CHABBI
0001,Agence Genas,AF215024,Ascenseur,Non,34 chemin des Fonts,STE FOY LES LYON,0071,SDC LES MYOSOTIS,Kenzy CHABBI
0001,Agence Genas,AF215025,Ascenseur,Non,36 chemin des Fonts,STE FOY LES LYON,0071,SDC LES MYOSOTIS,Kenzy CHABBI
0001,Agence Genas,AF215026,Ascenseur,Non,38 chemin des Fonts,STE FOY LES LYON,0071,SDC LES MYOSOTIS,Kenzy CHABBI
0001,Agence Genas,AF215027,Ascenseur,Non,40 chemin des Fonts,STE FOY LES LYON,0071,SDC LES MYOSOTIS,Kenzy CHABBI
0001,Agence Genas,AF215028,Ascenseur,Non,42 chemin des Fonts,STE FOY LES LYON,0071,SDC LES MYOSOTIS,Kenzy CHABBI
0001,Agence Genas,AF215029,Ascenseur,Non,44 chemin des Fonts,STE FOY LES LYON,0071,SDC LES MYOSOTIS,Kenzy CHABBI
0001,Agence Genas,AF215030,Ascenseur,Non,46 chemin des Fonts,STE FOY LES LYON,0071,SDC LES MYOSOTIS,Kenzy CHABBI
0001,Agence Genas,AF215031,Ascenseur,Non,48 chemin des Fonts,STE FOY LES LYON,0071,SDC LES MYOSOTIS,Kenzy CHABBI
0001,Agence Genas,AF215032,Ascenseur,Non,50 chemin des Fonts,STE FOY LES LYON,0071,SDC LES MYOSOTIS,Kenzy CHABBI
0001,Agence Genas,HC215035,Portail,Non,ORANGE BELLERIVE,Bellerive-Sur-Allier ,0046,Marché Orange Aurillac fermetures,AUVERGNE ASCENSEURS
0001,Agence Genas,AF215036,Ascenseur,Non,7 Rue de la Vieille ,LYON,0056,SDC 7 rue de la Vieille,Yaya DOUCOURE 
0001,Agence Genas,AF215042,Ascenseur,Non,18 rue Jules Valensaut,LYON,0045,SDC LE VALENSAUT,Mohamed BESSAFI
0001,Agence Genas,AF215050,Rideau,Non,67 rue Gabriel Péri ,VILLEURBANNE,0021,EUROFINS,Romain RICORDEAU 
0001,Agence Genas,AF215051,Rideau,Non,67 rue Gabriel Péri ,VILLEURBANNE,0021,EUROFINS,Romain RICORDEAU 
0001,Agence Genas,AF215052,Porte de garage,Non,113 rue de la Pagère,BRON,0021,SDC 113 rue de la Pagère,Romain RICORDEAU 
0001,Agence Genas,AF215057,Ascenseur,Non,4 rue Guy de Maupassant,ST PRIEST,0065,SDC BEL AIR III,Khalil BELLAL
0001,Agence Genas,AF215058,Ascenseur,Non,5 rue Guy de Maupassant,ST PRIEST,0065,SDC BEL AIR III,Khalil BELLAL
0001,Agence Genas,AF215059,Ascenseur,Non,6 rue Guy de Maupassant,ST PRIEST,0065,SDC BEL AIR III,Khalil BELLAL
0001,Agence Genas,AF215060,Ascenseur,Non,13 quai Gailleton,LYON,0056,SNEF ORANGE ASCENSEURS BRON,Yaya DOUCOURE 
0001,Agence Genas,AF215061,Ascenseur,Non,13 quai Gailleton,LYON,0056,SNEF ORANGE ASCENSEURS BRON,Yaya DOUCOURE 
0001,Agence Genas,AF215062,Ascenseur,Non,5 rue Cuvier,LYON,0056,SDC 5 rue Cuvier,Yaya DOUCOURE 
0001,Agence Genas,AF215063,Ascenseur,Non,35 avenue Amédée Ronin,ST PIERRE DE CHANDIEU,0071,SDC CAP NOVA,Kenzy CHABBI
0001,Agence Genas,AF215064,Porte de garage,Non,2 chemin du Champ,COLLONGES AU MONT D'OR,0073,SDC Les Terres de Tourvéon,Yann GENIEIS
0001,Agence Genas,AF215068,Monte-Charge,Non,163 Avenue Maréchal de Saxe,LYON,0053,Bio c'est bon - Carrefour Bio Lyon,Christopher WILTORD
0001,Agence Genas,AF215070,Ascenseur,Non,52 rue St Gervais,LYON,0053,SDC LE KANDJI,Christopher WILTORD
0001,Agence Genas,AF215071,Ascenseur,Non,56 rue St Gervais,LYON,0053,SDC LE KANDJI,Christopher WILTORD
0001,Agence Genas,AF215072,Ascenseur,Non,62 rue St Gervais,LYON,0053,SDC LE KANDJI,Christopher WILTORD
0001,Agence Genas,AF215075,Ascenseur,Non,40 rue de l'Abondance-rue Léon Jouhaux,LYON,0053,Le Saint Jacques,Christopher WILTORD
0001,Agence Genas,AF215077,Ascenseur,Oui,26 rue des Arènes,AMBERIEU EN BUGEY,0027,SDC LES TERRASSES DU CHATEAU,Luc CHAROLLAIS
0001,Agence Genas,AF215080,Ascenseur,Non,69 impasse de la Pépinière,THIZY LES BOURGS,0006,Cabinet Sodac,Aurélien GUERIN
0001,Agence Genas,AF215090,Porte automatique,Non,Parc Avenir,GENAS,0021,AFEO PARC AVENIR,Romain RICORDEAU 
0001,Agence Genas,AF215091,Porte automatique,Non,AFEO PARC AVENIR,GENAS,0021,AFEO PARC AVENIR,Romain RICORDEAU 
0001,Agence Genas,AF215092,Porte sectionnelle motorisée,Non,AFEO PARC AVENIR,GENAS,0021,AFEO PARC AVENIR,Romain RICORDEAU 
0001,Agence Genas,AF215093,Porte sectionnelle motorisée,Non,AFEO PARC AVENIR,GENAS,0021,AFEO PARC AVENIR,Romain RICORDEAU 
0001,Agence Genas,AF215095,Portail,Non,2 Allée Joannes Gonon,MEYZIEU,0021,SNEF - Marché Orange Bron Fermeture,Romain RICORDEAU 
0001,Agence Genas,AF215105,Portail,Non,3-5 Rue Raspail,OULLINS,0073,SDC Diderot,Yann GENIEIS
0001,Agence Genas,AF215106,Porte de garage,Non,3-5 Rue Raspail,OULLINS,0073,SDC Diderot,Yann GENIEIS
0001,Agence Genas,AF215118,Monte-Charge,Non,8-10 rue Jean Marie Merle,VAULX EN VELIN,0047,Saray Meubles et Cuisines,Nefis ALIOUCHE
0001,Agence Genas,AF215129,Porte de garage,Non,32 rue Ampère,CHASSIEU,0058,MTO - RADIO FRANCE BLEU,Olivier VUILLAUME 
0001,Agence Genas,AF225139,Portail,Non,51/53/55 rue de la Moselle,LYON,0021,SDC LES PEUPLIERS,Romain RICORDEAU 
0001,Agence Genas,CM 000 043 ,Ascenseur,Non,15 RUE DE VERDUN,BRON,0057,EAP FRANCE SAS,Anouar BEN MESSAOUD
0001,Agence Genas,AF255143,EPMR elevtr pr pers a mobilité reduite,Non,1 RUE JEAN JAURES,GENAS,0070,Monsieur et Mme Hernandez,Guillaume LANGLOIS
0001,Agence Genas,HC215144,Ascenseur,Non,23 rue de la Croix de l'Orme,ST ETIENNE,0063,FONDATION ARALIS - BERAUDIERE,Kenzy CHABBI
0001,Agence Genas,AF215150,Ascenseur,Non,55 rue de la Moselle,LYON,0045,SDC LES PEUPLIERS,Mohamed BESSAFI
0001,Agence Genas,AF215169,Ascenseur,Non,60 rue Alexandre Boutin,Villeurbanne,0027,SDC 60-62 rue Alexandre Boutin,Luc CHAROLLAIS
0001,Agence Genas,AF215170,Ascenseur,Non,62 rue Alexandre Boutin,Villeurbanne,0027,SDC 60-62 rue Alexandre Boutin,Luc CHAROLLAIS
0001,Agence Genas,AF215174,Ascenseur,Non,1 avenue Felix Faure,LYON,0045,SDC Felix Faure,Mohamed BESSAFI
0001,Agence Genas,HC215175,Rideau métallique,Non,10 avenue du Docteur Schweitzer,MEYZIEU,0058,SNC DOCTEUR SCWEITZER,Olivier VUILLAUME 
0001,Agence Genas,AF215177,Porte de garage,Non,23-25 rue Docteur Bonhomme - 119-121 cours Albert Thomas,LYON,0021,SDC LE VERSEAU,Romain RICORDEAU 
0001,Agence Genas,AF215187,Ascenseur,Non,181 à 203 boulevard Jean Jaurès ,LYON,0045,SCI de la Tannerie,Mohamed BESSAFI
0001,Agence Genas,AF215188,Ascenseur,Non,181 à 203 boulevard Jean Jaurès ,LYON,0045,SCI de la Tannerie,Mohamed BESSAFI
0001,Agence Genas,AF215189,Ascenseur,Non,181 à 203 boulevard Jean Jaurès ,LYON,0045,SCI de la Tannerie,Mohamed BESSAFI
0001,Agence Genas,AF215190,Ascenseur,Non,181 à 203 boulevard Jean Jaurès ,LYON,0045,SCI de la Tannerie,Mohamed BESSAFI
0001,Agence Genas,AF215191,Ascenseur,Non,5 rue du Général Mouton-Duvernet,LYON,0053,COMMISSARIAT MONTLUC,Christopher WILTORD
0001,Agence Genas,AF215192,Ascenseur,Non,5 rue du Général Mouton-Duvernet,LYON,0053,COMMISSARIAT MONTLUC,Christopher WILTORD
0001,Agence Genas,AF215193,Ascenseur,Oui,5 rue du Général Mouton-Duvernet,LYON,0053,COMMISSARIAT MONTLUC,Christopher WILTORD
0001,Agence Genas,AF215194,Ascenseur,Non,5 rue du Général Mouton-Duvernet,LYON,0053,COMMISSARIAT MONTLUC,Christopher WILTORD
0001,Agence Genas,AF215195,Ascenseur,Non,5 rue du Général Mouton-Duvernet,LYON,0053,COMMISSARIAT MONTLUC,Christopher WILTORD
0001,Agence Genas,AF215196,Ascenseur,Non,5 rue du Général Mouton-Duvernet,LYON,0053,COMMISSARIAT MONTLUC,Christopher WILTORD
0001,Agence Genas,AF215197,Ascenseur,Non,5 rue du Général Mouton-Duvernet,LYON,0053,COMMISSARIAT MONTLUC,Christopher WILTORD
0001,Agence Genas,AF215198,Ascenseur,Non,5 rue du Général Mouton-Duvernet,LYON,0053,COMMISSARIAT MONTLUC,Christopher WILTORD
0001,Agence Genas,AF215199,Portail,Non,5 Rue du Général Mouton-Duvernet,LYON,0021,COMMISSARIAT MONTLUC,Romain RICORDEAU 
0001,Agence Genas,AF215200,Portail,Non,5 Rue du Général Mouton-Duvernet,LYON,0021,COMMISSARIAT MONTLUC,Romain RICORDEAU 
0001,Agence Genas,AF215201,Portail,Non,5 Rue du Général Mouton-Duvernet,LYON,0021,COMMISSARIAT MONTLUC,Romain RICORDEAU 
0001,Agence Genas,AF215202,Portail,Non,5 Rue du Général Mouton-Duvernet,LYON,0021,COMMISSARIAT MONTLUC,Romain RICORDEAU 
0001,Agence Genas,AF215203,Portail,Non,5 Rue du Général Mouton-Duvernet,LYON,0021,COMMISSARIAT MONTLUC,Romain RICORDEAU 
0001,Agence Genas,AF215204,Portail,Non,5 Rue du Général Mouton-Duvernet,LYON,0021,COMMISSARIAT MONTLUC,Romain RICORDEAU 
0001,Agence Genas,AF215205,Portail,Non,5 Rue du Général Mouton-Duvernet,LYON,0021,COMMISSARIAT MONTLUC,Romain RICORDEAU 
0001,Agence Genas,AF215206,Portail,Non,5 Rue du Général Mouton-Duvernet,LYON,0021,COMMISSARIAT MONTLUC,Romain RICORDEAU 
0001,Agence Genas,AF215207,Portail,Non,5 Rue du Général Mouton-Duvernet,LYON,0021,COMMISSARIAT MONTLUC,Romain RICORDEAU 
0001,Agence Genas,AF215208,Portail,Non,5 Rue du Général Mouton-Duvernet,LYON,0021,COMMISSARIAT MONTLUC,Romain RICORDEAU 
0001,Agence Genas,AF215209,Barrière,Non,5 Rue du Général Mouton-Duvernet,LYON,0021,COMMISSARIAT MONTLUC,Romain RICORDEAU 
0001,Agence Genas,AF215210,Porte de garage,Non,5 Rue du Général Mouton-Duvernet,LYON,0021,COMMISSARIAT MONTLUC,Romain RICORDEAU 
0001,Agence Genas,AF215211,Barrière,Non,5 Rue du Général Mouton-Duvernet,LYON,0021,COMMISSARIAT MONTLUC,Romain RICORDEAU 
0001,Agence Genas,AF215212,Barrière,Non,5 Rue du Général Mouton-Duvernet,LYON,0021,COMMISSARIAT MONTLUC,Romain RICORDEAU 
0001,Agence Genas,AF215213,Barrière,Non,5 Rue du Général Mouton-Duvernet,LYON,0021,COMMISSARIAT MONTLUC,Romain RICORDEAU 
0001,Agence Genas,AF215214,Borne escamotable,Non,5 Rue du Général Mouton-Duvernet,LYON,0021,COMMISSARIAT MONTLUC,Romain RICORDEAU 
0001,Agence Genas,AF215215,Barrière,Non,5 Rue du Général Mouton-Duvernet,LYON,0021,COMMISSARIAT MONTLUC,Romain RICORDEAU 
0001,Agence Genas,AF215216,Barrière,Non,5 Rue du Général Mouton-Duvernet,LYON,0021,COMMISSARIAT MONTLUC,Romain RICORDEAU 
0001,Agence Genas,AF215217,Barrière,Non,5 Rue du Général Mouton-Duvernet,LYON,0021,COMMISSARIAT MONTLUC,Romain RICORDEAU 
0001,Agence Genas,AF215218,Barrière,Non,5 Rue du Général Mouton-Duvernet,LYON,0021,COMMISSARIAT MONTLUC,Romain RICORDEAU 
0001,Agence Genas,AF215219,Barrière,Non,5 Rue du Général Mouton-Duvernet,LYON,0021,COMMISSARIAT MONTLUC,Romain RICORDEAU 
0001,Agence Genas,AF215220,Borne escamotable,Non,5 Rue du Général Mouton-Duvernet,LYON,0021,COMMISSARIAT MONTLUC,Romain RICORDEAU 
0001,Agence Genas,AF215221,Borne escamotable,Non,5 Rue du Général Mouton-Duvernet,LYON,0021,COMMISSARIAT MONTLUC,Romain RICORDEAU 
0001,Agence Genas,AF215222,Borne escamotable,Non,5 Rue du Général Mouton-Duvernet,LYON,0021,COMMISSARIAT MONTLUC,Romain RICORDEAU 
0001,Agence Genas,AF215223,Borne escamotable,Non,5 Rue du Général Mouton-Duvernet,LYON,0021,COMMISSARIAT MONTLUC,Romain RICORDEAU 
0001,Agence Genas,AF215224,Portail,Non,5 Rue du Général Mouton-Duvernet,LYON,0021,COMMISSARIAT MONTLUC,Romain RICORDEAU 
0001,Agence Genas,AF215225,Portail,Non,5 Rue du Général Mouton-Duvernet,LYON,0021,COMMISSARIAT MONTLUC,Romain RICORDEAU 
0001,Agence Genas,AF215226,Borne escamotable,Non,5 Rue du Général Mouton-Duvernet,LYON,0021,COMMISSARIAT MONTLUC,Romain RICORDEAU 
0001,Agence Genas,AF215227,Borne escamotable,Non,5 Rue du Général Mouton-Duvernet,LYON,0021,COMMISSARIAT MONTLUC,Romain RICORDEAU 
0001,Agence Genas,AF215255,Ascenseur,Non,27 Cours Bayard,LYON,0056,Patio Presqu'ile,Yaya DOUCOURE 
0001,Agence Genas,AF215256,Ascenseur,Non,29 Cours Bayard,LYON,0056,Patio Presqu'ile,Yaya DOUCOURE 
0001,Agence Genas,AF215257,Ascenseur,Non,55 Rue Delandine,LYON,0056,Patio Presqu'ile,Yaya DOUCOURE 
0001,Agence Genas,AF215258,Ascenseur,Non,57 Rue Delandine,LYON,0056,Patio Presqu'ile,Yaya DOUCOURE 
0001,Agence Genas,AF215259,EPMR elevtr pr pers a mobilité reduite,Non,55-57 Rue Delandine,LYON,0056,Patio Presqu'ile,Yaya DOUCOURE 
0001,Agence Genas,AF215260,Ascenseur,Non,25 rue Henri Pensier,LYON,0045,SDC 25 RUE HENRI PENSIER,Mohamed BESSAFI
0001,Agence Genas,AF215262,Ascenseur,Non,11 montée de verdun - Allée A,TASSIN LA DEMI LUNE,0006,SDC 11 Montée de Verdun ,Aurélien GUERIN
0001,Agence Genas,AF215263,Ascenseur,Non,11 montée de verdun - Allée B,TASSIN LA DEMI LUNE,0006,SDC 11 Montée de Verdun ,Aurélien GUERIN
0001,Agence Genas,AF215264,Ascenseur,Non,3 rue Antoine Vacher,Meyzieu,0070,SDC SWEET CITY,Guillaume LANGLOIS
0001,Agence Genas,AF215265,Ascenseur,Non,7 rue Antoine Vacher,Meyzieu,0070,SDC SWEET CITY,Guillaume LANGLOIS
0001,Agence Genas,AF215266,Ascenseur,Non,2 rue du commerce,Meyzieu,0070,SDC SWEET CITY,Guillaume LANGLOIS
0001,Agence Genas,AF215267,Porte de garage,Non,2 rue du Commerce,Meyzieu,0070,SDC SWEET CITY,Guillaume LANGLOIS
0001,Agence Genas,AF215268,Ascenseur,Non,12 CHEMIN DE LA MAIRIE ,JANNEYRIAS,0070,LE CLOS DES GLYCINES,Guillaume LANGLOIS
0001,Agence Genas,AF215269,Barrière,Non,"8-10-12 , Rue de Lattre de Tassigny ",LA MULATIERE,0073,SDC LA MULATINE,Yann GENIEIS
0001,Agence Genas,AF215275,Ascenseur,Non,77 rue Coste,CALUIRE ET CUIRE,0047,SDC LE FERRY,Nefis ALIOUCHE
0001,Agence Genas,AF215276,Ascenseur,Non,79 rue Coste,CALUIRE ET CUIRE,0047,SDC LE FERRY,Nefis ALIOUCHE
0001,Agence Genas,AF215277,Ascenseur,Non,81 rue Coste,CALUIRE ET CUIRE,0047,SDC LE FERRY,Nefis ALIOUCHE
0001,Agence Genas,AF215278,Ascenseur,Non,81 Bis rue Coste,CALUIRE ET CUIRE,0047,SDC LE FERRY,Nefis ALIOUCHE
0001,Agence Genas,AF215280,Ascenseur,Non,83 rue Coste,CALUIRE ET CUIRE,0047,SDC LE FERRY,Nefis ALIOUCHE
0001,Agence Genas,AF215281,Ascenseur,Non,83 Bis rue Coste,CALUIRE ET CUIRE,0047,SDC LE FERRY,Nefis ALIOUCHE
0001,Agence Genas,AF215295,Ascenseur,Non,2 RUE PIERRE DUPONT,LYON 01,0056,SDC COTE SAONE,Yaya DOUCOURE 
0001,Agence Genas,AF215296,Ascenseur,Non,15 COURS GENERAL GIRAUD,LYON 01,0056,SDC COTE SAONE,Yaya DOUCOURE 
0001,Agence Genas,AF215297,Ascenseur,Non,13 PLACE TABAREAU,LYON,0047,SDC VILLA TABAREAU,Nefis ALIOUCHE
0001,Agence Genas,AF215298,Ascenseur,Non,7 Rue Jean Louis Maubant,VILLEURBANNE,0027,SDC CENTRAL PARC,Luc CHAROLLAIS
0001,Agence Genas,AF215309,Ascenseur,Non,793 RUE DE LA REPUBLIQUE,SATHONAY CAMP,0070,SDC CASTELLANE - FAURE - REPUBLIQUE,Guillaume LANGLOIS
0001,Agence Genas,AF215310,Ascenseur,Non,767 RUE DE LA REPUBLIQUE,SATHONAY CAMP,0070,SDC CASTELLANE - FAURE - REPUBLIQUE,Guillaume LANGLOIS
0001,Agence Genas,AF215311,Ascenseur,Non,7 B1 AVENUE FELIX FAURE,SATHONAY CAMP,0070,SDC CASTELLANE - FAURE - REPUBLIQUE,Guillaume LANGLOIS
0001,Agence Genas,AF215312,Ascenseur,Non,7 B2 AVENUE FELIX FAURE,SATHONAY CAMP,0070,SDC CASTELLANE - FAURE - REPUBLIQUE,Guillaume LANGLOIS
0001,Agence Genas,AF215313,Ascenseur,Non,4 RUE CASTELLANE,SATHONAY CAMP,0070,SDC CASTELLANE - FAURE - REPUBLIQUE,Guillaume LANGLOIS
0001,Agence Genas,AF215314,Ascenseur,Non,6 RUE CASTELLANE,SATHONAY CAMP,0070,SDC CASTELLANE - FAURE - REPUBLIQUE,Guillaume LANGLOIS
0001,Agence Genas,AF215315,Ascenseur,Non,132 RUE SALENGRO,VILLEURBANNE,0027,SDC LES ALLEES SALENGRO,Luc CHAROLLAIS
0001,Agence Genas,AF215316,Ascenseur,Non,134 AVENUE ROGER SALENGRO,VILLEURBANNE,0027,SDC LES ALLEES SALENGRO,Luc CHAROLLAIS
0001,Agence Genas,AF215317,Ascenseur,Non,2 RUE HENRY,VILLEURBANNE,0027,SDC LES ALLEES SALENGRO,Luc CHAROLLAIS
0001,Agence Genas,AF215322,Ascenseur,Non,42-44 RUE LAENNEC,LYON,0045,SDC Le Beryl,Mohamed BESSAFI
0001,Agence Genas,AF215323,Ascenseur,Non,17 RUE CREPET - DROIT,LYON 07,0045,L'INITIAL,Mohamed BESSAFI
0001,Agence Genas,AF215324,Ascenseur,Non,17 RUE CREPET - GAUCHE,LYON 07,0045,L'INITIAL,Mohamed BESSAFI
0001,Agence Genas,AF215325,Ascenseur,Non,30 RUE PRE GAUDRY - DROIT,LYON 07,0045,L'INITIAL,Mohamed BESSAFI
0001,Agence Genas,AF215326,Ascenseur,Non,30 RUE PRE GAUDRY - GAUCHE,LYON 07,0045,L'INITIAL,Mohamed BESSAFI
0001,Agence Genas,AF215327,Ascenseur,Non,25 RUE SAINT SIMON,LYON 09,0072,GREENOPOLIS BAT A01/A02,Nouredine BOUNAAS
0001,Agence Genas,AF215328,Ascenseur,Non,27 RUE SAINT SIMON,LYON 09,0072,GREENOPOLIS BAT A01/A02,Nouredine BOUNAAS
0001,Agence Genas,AF215329,Ascenseur,Non,29 RUE SAINT SIMON,LYON 09,0072,GREENOPOLIS BAT A01/A02,Nouredine BOUNAAS
0001,Agence Genas,AF215330,Ascenseur,Non,41 RUE LAURE DIEBOLD,LYON 09,0072,GREENOPOLIS BAT A01/A02,Nouredine BOUNAAS
0001,Agence Genas,AF215331,Ascenseur,Non,14 RUE BERJON,LYON 09,0072,GREENOPOLIS C01,Nouredine BOUNAAS
0001,Agence Genas,AF215332,Ascenseur,Non,20 RUE BERJON,LYON 09,0072,GREENOPOLIS C02,Nouredine BOUNAAS
0001,Agence Genas,AF215333,Ascenseur,Non,18 RUE BERJON,LYON 09,0072,GREENOPOLIS B02 - B03,Nouredine BOUNAAS
0001,Agence Genas,AF215334,Elévateur,Non,22 RUE BERJON ,LYON 09,0072,GREENOPOLIS B02 - B03,Nouredine BOUNAAS
0001,Agence Genas,AF215335,Ascenseur,Non,31 RUE SAINT SIMON,LYON 09,0072,GREENOPOLIS A03 - A04,Nouredine BOUNAAS
0001,Agence Genas,AF215336,Ascenseur,Non,33 RUE SAINT SIMON,LYON 09,0072,GREENOPOLIS A03 - A04,Nouredine BOUNAAS
0001,Agence Genas,AF215337,Ascenseur,Non,35 RUE SAINT SIMON,LYON 09,0072,GREENOPOLIS A03 - A04,Nouredine BOUNAAS
0001,Agence Genas,AF215338,Ascenseur,Non,37 RUE SAINT SIMON,LYON 09,0072,GREENOPOLIS A03 - A04,Nouredine BOUNAAS
0001,Agence Genas,AF215339,Ascenseur,Non,39 RUE SAINT SIMON,LYON 09,0072,GREENOPOLIS A03 - A04,Nouredine BOUNAAS
0001,Agence Genas,AF215340,Ascenseur,Non,8 RUE BERJON,LYON 09,0072,GREENOPOLIS D01-D02,Nouredine BOUNAAS
0001,Agence Genas,AF215341,Ascenseur,Non,31 RUE LAURE DIEBOLD,LYON 09,0072,GREENOPOLIS D01-D02,Nouredine BOUNAAS
0001,Agence Genas,AF215342,Ascenseur,Non,BAT C - 23 AVENUE DE POUMEYROL,CALUIRE ET CUIRE,0047,CITE PARK,Nefis ALIOUCHE
0001,Agence Genas,AF215343,Ascenseur,Non,2 RUE JEAN SARAZIN,LYON,0045,CLINIQUE ORTHOPEDIQUE PAUL SANTY,Mohamed BESSAFI
0001,Agence Genas,AF215344,Ascenseur,Non,2 RUE JEAN SARAZIN,LYON,0045,CLINIQUE ORTHOPEDIQUE PAUL SANTY,Mohamed BESSAFI
0001,Agence Genas,AF215345,Ascenseur,Non,4 RUE JEAN SARAZIN,LYON,0045,CENTRE PARAMEDICAL PAUL SANTY,Mohamed BESSAFI
0001,Agence Genas,AF215346,Ascenseur,Non,11 A RUE DES AULNES,LIMONEST,0006,LE CARRE D'ARGENT,Aurélien GUERIN
0001,Agence Genas,AF215347,Ascenseur,Non,4 AVENUE SIMONE VEIL,DECINES-CHARPIEU,0070,CENTRE CONSULTATION ET SOIN DECINES,Guillaume LANGLOIS
0001,Agence Genas,AF215348,Ascenseur,Non,4 AVENUE SIMONE VEIL,DECINES-CHARPIEU,0070,CENTRE CONSULTATION ET SOIN DECINES,Guillaume LANGLOIS
0001,Agence Genas,AF215350,Ascenseur,Non,2-4 AVENUE DES CANUTS,VAULX EN VELIN,0047,LE CHRYSALIS,Nefis ALIOUCHE
0001,Agence Genas,AF215351,Ascenseur,Non,2-4 AVENUE DES CANUTS,VAULX EN VELIN,0047,LE CHRYSALIS,Nefis ALIOUCHE
0001,Agence Genas,AF215352,Ascenseur,Non,2-4 AVENUE DES CANUTS,VAULX EN VELIN,0047,LE CHRYSALIS,Nefis ALIOUCHE
0001,Agence Genas,AF215353,Ascenseur,Non,2-4 AVENUE DES CANUTS,VAULX EN VELIN,0047,LE CHRYSALIS,Nefis ALIOUCHE
0001,Agence Genas,AF215354,Ascenseur,Non,2-4 AVENUE DES CANUTS,VAULX EN VELIN,0047,LE CHRYSALIS,Nefis ALIOUCHE
0001,Agence Genas,AF215355,Ascenseur,Non,2-4 AVENUE DES CANUTS,VAULX EN VELIN,0047,LE CHRYSALIS,Nefis ALIOUCHE
0001,Agence Genas,AF215356,Ascenseur,Non,34 RUE CHARLES DE GAULLE,LAGNIEU,0070,EHPAD BON ACCUEIL,Guillaume LANGLOIS
0001,Agence Genas,AF215357,Ascenseur,Non,34 RUE CHARLES DE GAULLE,LAGNIEU,0070,EHPAD BON ACCUEIL,Guillaume LANGLOIS
0001,Agence Genas,AF225364,Ascenseur,Non,15 rue Duhamel,LYON,0056,SDC 15 RUE DUHAMEL,Yaya DOUCOURE 
0001,Agence Genas,AF215365,Portail,Non,25 RUE DU PROGRES,SAINT PRIEST,0058,SNEF - Marché Orange Bron Fermeture,Olivier VUILLAUME 
0001,Agence Genas,AF215366,Porte de garage,Non,3 RUE DU REPOS,genas,0021,SDC PREAU D'AZIEU,Romain RICORDEAU 
0001,Agence Genas,AF215368,Portail,Non,3 RUE DU REPOS,genas,0021,SDC PREAU D'AZIEU,Romain RICORDEAU 
0001,Agence Genas,AF215396,EPMR elevtr pr pers a mobilité reduite,Non,181 boulevard Jean Jaurès ,LYON,0045,SCI de la Tannerie,Mohamed BESSAFI
0001,Agence Genas,AF215397,Barrière Levante,Non,"38, Rue Montferré",ST ETIENNE,0073,SDC 38 rue Montferré,Yann GENIEIS
0001,Agence Genas,AF215401,Portail,Non,1 All. du Levant,LA TOUR DE SALVAGNY,0073,Fédération départemental de Pêche du rhône,Yann GENIEIS
0001,Agence Genas,AF215402,Rideau,Non,"7,Place Louis Grenier",FEYZIN,0073,EUROFINS,Yann GENIEIS
0001,Agence Genas,AF215404,Portail,Non,12 rue Vaillant Couturier,VENISSIEUX,0073,SDC Arboresens,Yann GENIEIS
0001,Agence Genas,AF215405,Porte basculante,Non,12 rue Vaillant Couturier,VENISSIEUX,0073,SDC Arboresens,Yann GENIEIS
0001,Agence Genas,AF215409,Ascenseur,Non,91 rue Smith,LYON,0056,CUCCINA BELLA,Yaya DOUCOURE 
0001,Agence Genas,AF215410,Portail,Non,12 Rue Brigadier Voituret,LYON,0021,SNEF - Marché Orange Bron Fermeture,Romain RICORDEAU 
0001,Agence Genas,AF215411,Porte basculante,Non,"sise 7, 9 rue Faillebin",VILLEURBANNE,0021,SDC Akoya,Romain RICORDEAU 
0001,Agence Genas,AF215412,Ascenseur,Non,"94, Rue Jean Claude Raccourt",DAGNEUX,0070,SDC LE COTTEY,Guillaume LANGLOIS
0001,Agence Genas,AF215414,Portail,Non,141 rue des Maires André,BEYNOST,0058,Corinne KISTER,Olivier VUILLAUME 
0001,Agence Genas,AF215415,Porte de garage,Non,141 rue des Maires André,BEYNOST,0058,Corinne KISTER,Olivier VUILLAUME 
0001,Agence Genas,AF215423,Monte-Charge,Non,26 Rue Jean-Baptiste Say,LYON,0056,SAS LE MONTANA - BARABAAR,Yaya DOUCOURE 
0001,Agence Genas,AF215430,EPMR elevtr pr pers a mobilité reduite,Non,164 rue des Martyrs de la Libération,PIERRE BENITE,0071,Mosquée Pierre Bénite,Kenzy CHABBI
0001,Agence Genas,AF215435,Porte de garage,Non,8 rue Simone Veil ,ST LAURENT DE MURE,0058,LES JARDINS DE SAINT LAURENT,Olivier VUILLAUME 
0001,Agence Genas,AF215438,Portail,Non,20 boulevard Général de Gaulle,OULLINS,0073,Monsieur MALSH / SDC  Clos du Chêne,Yann GENIEIS
0001,Agence Genas,AF215444,Porte automatique,Non,10 rue Simon Jallade,STE FOY LES LYON,0073,Centre Witkowska,Yann GENIEIS
0001,Agence Genas,AF225447,Monte voiture,Non,5 Montée Georges Kubler,LYON,0047,LE PILATUS,Nefis ALIOUCHE
0001,Agence Genas,AF215451,Ascenseur,Non,13 Quai Général Sarrail,LYON,0056,SDC 13 QUAI GENERAL SARRAIL,Yaya DOUCOURE 
0001,Agence Genas,AF215473,Portail,Non,15 rue de l'Avenir,GENAS,0021,Parc Avenir,Romain RICORDEAU 
0001,Agence Genas,AF215474,Portail,Non,17 rue de l'Avenir,GENAS,0021,Parc Avenir,Romain RICORDEAU 
0001,Agence Genas,AF215475,Ascenseur,Non,5 rue du Général Mouton-Duvernet,LYON,0053,COMMISSARIAT MONTLUC,Christopher WILTORD
0001,Agence Genas,AF215476,Ascenseur,Non,1 rue colonel Chambonnet ,LYON,0056,Hôtel de l'Europe,Yaya DOUCOURE 
0001,Agence Genas,AF215477,Ascenseur,Non,1 Rue colonel Chambonnet,LYON,0056,Hôtel de l'Europe,Yaya DOUCOURE 
0001,Agence Genas,AF215485,Porte piétonne,Non,20 COURS CHARLEMAGNE,LYON,0021,TABAC DES VOUTES,Romain RICORDEAU 
0001,Agence Genas,AF215487,Rideau métallique,Non,20 COURS CHARLEMAGNE,LYON,0021,TABAC DES VOUTES,Romain RICORDEAU 
0001,Agence Genas,AF215488,Rideau métallique,Non,20 COURS CHARLEMAGNE,LYON,0021,TABAC DES VOUTES,Romain RICORDEAU 
0001,Agence Genas,AF215491,Ascenseur,Non,250D Rue des Erables,LYON,0072,SDC LES ERABLES NORD,Nouredine BOUNAAS
0001,Agence Genas,AF215492,Ascenseur,Non,251D Rue des Erables,LYON,0072,SDC LES ERABLES NORD,Nouredine BOUNAAS
0001,Agence Genas,AF215493,Ascenseur,Non,252D Rue des Erables,LYON,0072,SDC LES ERABLES NORD,Nouredine BOUNAAS
0001,Agence Genas,AF215494,Ascenseur,Non,253D Rue des Erables,LYON,0072,SDC LES ERABLES NORD,Nouredine BOUNAAS
0001,Agence Genas,AF215495,Ascenseur,Non,254D Rue des Erables,LYON,0072,SDC LES ERABLES NORD,Nouredine BOUNAAS
0001,Agence Genas,AF215496,Ascenseur,Non,255D Rue des Erables,LYON,0072,SDC LES ERABLES NORD,Nouredine BOUNAAS
0001,Agence Genas,HC215504,Monte Plats,Non,"168, route Nationale 6",LIMONEST,0006,Jordan Tomas - Pizza Mamamia Limonest,Aurélien GUERIN
0001,Agence Genas,AF215518,Ascenseur,Non,42 rue d'armenie,LYON,0053,Groupe Scolaire MARKARIAN,Christopher WILTORD
0001,Agence Genas,AF225522,Monte-Fût,Non,7 rue Neuve,LYON,0056,CARMELO,Yaya DOUCOURE 
0001,Agence Genas,AF225565,Ascenseur,Non,40 avenue Paul Kruger,VILLEURBANNE,0027,NCI SPV 7 FRA,Luc CHAROLLAIS
0001,Agence Genas,AF215566,Ascenseur,Non,2 chemin du Champ,COLLONGES AU MONT D OR,0006,SDC Les Terres de Tourvéon,Aurélien GUERIN
0001,Agence Genas,AF215567,Ascenseur,Non,2 chemin du Champ,COLLONGES AU MONT D OR,0006,SDC Les Terres de Tourvéon,Aurélien GUERIN
0001,Agence Genas,AF225585,Ascenseur,Non,42 rue de la Grange,LYON,0072,SDC LES ALLEES DU LUXEMBOURG,Nouredine BOUNAAS
0001,Agence Genas,AF225586,Ascenseur,Non,46 rue de la Grange,LYON,0072,SDC LES ALLEES DU LUXEMBOURG,Nouredine BOUNAAS
0001,Agence Genas,AF225592,Porte basculante,Non,1 rue colonel Chambonnet ,LYON,0021,Hôtel de l'Europe,Romain RICORDEAU 
0001,Agence Genas,AF225593,Porte sectionnelle motorisée,Non,1 Rue colonel Chambonnet,LYON,0021,Hôtel de l'Europe,Romain RICORDEAU 
0001,Agence Genas,AF225594,Ascenseur,Non,1 rue du Président Edouard Herriot ,LYON,0047,1 rue du Président Edouard Herriot - 2 rue Joseph ,Nefis ALIOUCHE
0001,Agence Genas,AF225595,Ascenseur,Oui,2 rue Joseph Serlin,LYON,0047,1 rue du Président Edouard Herriot - 2 rue Joseph ,Nefis ALIOUCHE
0001,Agence Genas,AF225596,Porte automatique,Non,2 rue Joseph Serlin,LYON,0021,1 rue du Président Edouard Herriot - 2 rue Joseph ,Romain RICORDEAU 
0001,Agence Genas,AF225597,Porte automatique,Non,1 rue du Président Edouard Herriot ,LYON,0021,1 rue du Président Edouard Herriot - 2 rue Joseph ,Romain RICORDEAU 
0001,Agence Genas,AF225598,Porte automatique,Non,17 cours Lafayette,LYON,0021,17 cours Lafayette,Romain RICORDEAU 
0001,Agence Genas,AF225599,Ascenseur,Non,97 Allée Alexandre Borodine,ST PRIEST,0065,MY RESTAURANT,Khalil BELLAL
0001,Agence Genas,AF225640,Barrière Levante,Non,3/5/7/9 RUE DE LA CHAPELLE DE BEL AIR,FRANCHEVILLE,0073,SDC LES MONTS,Yann GENIEIS
0001,Agence Genas,AF225643,Portail,Non,26 bis avenue du 8 mai 1945,TASSIN LA DEMI LUNE,0073,SNEF - Marché Orange Bron Fermeture,Yann GENIEIS
0001,Agence Genas,AF225644,Porte sectionnelle,Non,26 bis avenue du 8 mai 1945,TASSIN LA DEMI LUNE,0073,SNEF - Marché Orange Bron Fermeture,Yann GENIEIS
0001,Agence Genas,AF225664,Ascenseur,Non,10 rue des Trois Rois,LYON,0045,SDC Les Mages,Mohamed BESSAFI
0001,Agence Genas,AF225665,Porte de garage,Non,31 avenue Felix Faure,LYON,0021,SDC 31 AV FELIX FAURE,Romain RICORDEAU 
0001,Agence Genas,AF225666,Porte de garage,Non,31 avenue Felix Faure,LYON,0021,SDC 31 AV FELIX FAURE,Romain RICORDEAU 
0001,Agence Genas,AF225667,Ascenseur,Non,44 rue de la Grange,LYON,0072,SDC LES ALLEES DU LUXEMBOURG,Nouredine BOUNAAS
0001,Agence Genas,CM 000 050,Elévateur,Non,11 Impasse Jules Verne,ROUSSILLON,0070,Monsieur et Madame Leroy,Guillaume LANGLOIS
0001,Agence Genas,AF225682,Portail,Non,28 RUE CAMILLE,LYON,0021,SDC VILLA CAMILLE,Romain RICORDEAU 
0001,Agence Genas,AF225683,Porte de garage,Non,28 Rue Camille,LYON,0021,SDC VILLA CAMILLE,Romain RICORDEAU 
0001,Agence Genas,AF225684,Portail,Non,28 BIS RUE CAMILLE,LYON,0021,SDC VILLA CAMILLE,Romain RICORDEAU 
0001,Agence Genas,AF225686,Ascenseur,Non,3806 route de Meximieux,LOYETTES,0070,LION'S,Guillaume LANGLOIS
0001,Agence Genas,HC225688,Non défini,Non,14B rue Omer Louis,LYON,0021,SDC LA CASA LOU,Romain RICORDEAU 
0001,Agence Genas,AF255697,Ascenseur,Non,18 RUE DOMREMY,LYON,0053,SDC LE DOMREMY MONTCHAT,Christopher WILTORD
0001,Agence Genas,AF225702,Ascenseur,Non,Quai D’Herbouville ,SAINTE-COLOMBE,0070,MS AMADEUS PROVENCE ,Guillaume LANGLOIS
0001,Agence Genas,AF225704,Monte-Charge,Non,7 rue du Puits Gaillot,LYON,0056,Le Cavallo,Yaya DOUCOURE 
0001,Agence Genas,AF225820,Ascenseur,Non,97 rue Vauban,LYON,0056,SDC 97 RUE VAUBAN,Yaya DOUCOURE 
0001,Agence Genas,AF225832,Ascenseur,Non,630 Rue d'Allemagne,COLOMBIER SAUGNIEU,0027,DIRECTION GENERAL DE L'AVIATION CIVIL,Luc CHAROLLAIS
0001,Agence Genas,AF225834,Porte de garage,Non,37 rue de la République,MEYZIEU,0021,SDC EMPREINTE NATURE,Romain RICORDEAU 
0001,Agence Genas,AF225835,Porte de garage,Non,11 rue Henri Drevon,MEYZIEU,0021,SDC EMPREINTE NATURE,Romain RICORDEAU 
0001,Agence Genas,AF225836,Portail,Non,11 rue Henri Drevon,MEYZIEU,0021,SDC EMPREINTE NATURE,Romain RICORDEAU 
0001,Agence Genas,AF225839,Ascenseur,Non,30 rue Roger Radisson,LYON,0072,SDC LE COLISEE,Nouredine BOUNAAS
0001,Agence Genas,AF225843,Ascenseur,Non,101 rue Garibaldi,LYON,0056,SDC 97 RUE VAUBAN,Yaya DOUCOURE 
0001,Agence Genas,AF225845,EPMR elevtr pr pers a mobilité reduite,Non,13 quai Gailleton,LYON,0056,SNEF ORANGE ASCENSEURS BRON,Yaya DOUCOURE 
0001,Agence Genas,AF225870,Ascenseur,Non,11 Place Aristide Briand,LYON,0053,SDC LE PARC DU NOUVEAU CENTRE,Christopher WILTORD
0001,Agence Genas,AF225871,Ascenseur,Non,11 Place Aristide Briand,LYON,0053,SDC LE PARC DU NOUVEAU CENTRE,Christopher WILTORD
0001,Agence Genas,AF225872,Ascenseur,Non,11 Place Aristide Briand,LYON,0053,SDC LE PARC DU NOUVEAU CENTRE,Christopher WILTORD
0001,Agence Genas,AF225873,Ascenseur,Non,11 Place Aristide Briand,LYON,0053,SDC LE PARC DU NOUVEAU CENTRE,Christopher WILTORD
0001,Agence Genas,AF225874,Ascenseur,Non,11 Place Aristide Briand,LYON,0053,SDC LE PARC DU NOUVEAU CENTRE,Christopher WILTORD
0001,Agence Genas,AF225875,Ascenseur,Non,11 Place Aristide Briand,LYON,0053,SDC LE PARC DU NOUVEAU CENTRE,Christopher WILTORD
0001,Agence Genas,AF225876,Ascenseur,Non,11 place Aristide Briand,LYON,0053,SDC LE PARC DU NOUVEAU CENTRE,Christopher WILTORD
0001,Agence Genas,AF225877,Ascenseur,Non,11 Place Aristide Briand,LYON,0053,SDC LE PARC DU NOUVEAU CENTRE,Christopher WILTORD
0001,Agence Genas,AF225878,Ascenseur,Non,11 Place Aristide Briand,LYON,0053,SDC LE PARC DU NOUVEAU CENTRE,Christopher WILTORD
0001,Agence Genas,AF225879,Ascenseur,Non,11 Place Aristide Briand,LYON,0053,SDC LE PARC DU NOUVEAU CENTRE,Christopher WILTORD
0001,Agence Genas,AF225880,Ascenseur,Non,11 Place Aristide Briand,LYON,0053,SDC LE PARC DU NOUVEAU CENTRE,Christopher WILTORD
0001,Agence Genas,AF225881,Ascenseur,Non,11 Place Aristide Briand,LYON,0053,SDC LE PARC DU NOUVEAU CENTRE,Christopher WILTORD
0001,Agence Genas,AF225882,Ascenseur,Non,11 Place Aristide Briand,LYON,0053,SDC LE PARC DU NOUVEAU CENTRE,Christopher WILTORD
0001,Agence Genas,AF225891,Porte de garage,Non,30 rue Roger Radisson,LYON,0021,SDC LE COLISEE,Romain RICORDEAU 
0001,Agence Genas,AF225892,Barrière Levante,Non,30 rue Roger Radisson,LYON,0021,SDC LE COLISEE,Romain RICORDEAU 
0001,Agence Genas,AF225894,Ascenseur,Non,28 rue Roger Radisson,LYON,0072,SDC LE COLISEE,Nouredine BOUNAAS
0001,Agence Genas,AF225895,Ascenseur,Non,32 rue Roger Radisson,LYON,0072,SDC LE COLISEE,Nouredine BOUNAAS
0001,Agence Genas,AF225897,Portail,Non,35 rue D'YVOURS,IRIGNY,0073,SDC CHATEAU D'YVOURS,Yann GENIEIS
0001,Agence Genas,AF225931,Portail,Non,"161, Cours Albert Thomas ",LYON,0021,SDC 161 COURS ALBERT THOMAS,Romain RICORDEAU 
0001,Agence Genas,AF225983,Porte de garage,Non,3 RUE DE LA CHAPELLE DE BEL AIR,FRANCHEVILLE,0073,SDC LES MONTS,Yann GENIEIS
0001,Agence Genas,AF225984,Porte de garage,Non,9 RUE DE LA CHAPELLE DE BEL AIR,FRANCHEVILLE,0073,SDC LES MONTS,Yann GENIEIS
0001,Agence Genas,CM 000 049 ,EPMR elevtr pr pers a mobilité reduite,Non,22 bis rue président Kruger ,LYON,0045,EAP FRANCE SAS,Mohamed BESSAFI
0001,Agence Genas,AF226228,EPMR elevtr pr pers a mobilité reduite,Non,6 rue des Clercs,VIENNE,0070,Monsieur DESBAT,Guillaume LANGLOIS
0001,Agence Genas,AF226268,Porte automatique,Non,2 rue des Martyrs  de la résistance,CREMIEU,0058,EUROFINS,Olivier VUILLAUME 
0001,Agence Genas,AF226341,Ascenseur,Non,218 Avenue Franklin Roosevelt,BRON,0071,SDC Le Soleil d'Or,Kenzy CHABBI
0001,Agence Genas,AF226344,Barrière,Non,11 rue d'Arsonval,CHASSIEU,0058,ABB CHASSIEU,Olivier VUILLAUME 
0001,Agence Genas,AF226345,Porte Souple ,Non,11 rue d'Arsonval,CHASSIEU,0058,ABB CHASSIEU,Olivier VUILLAUME 
0001,Agence Genas,AF226346,Porte Souple ,Non,11 rue d'Arsonval,CHASSIEU,0058,ABB CHASSIEU,Olivier VUILLAUME 
0001,Agence Genas,AF226347,Rideau métallique,Non,11 rue d'Arsonval,CHASSIEU,0058,ABB CHASSIEU,Olivier VUILLAUME 
0001,Agence Genas,AF226348,Porte sectionnelle,Non,11 rue d'Arsonval,CHASSIEU,0058,ABB CHASSIEU,Olivier VUILLAUME 
0001,Agence Genas,AF226349,Porte sectionnelle,Non,11 rue d'Arsonval,CHASSIEU,0058,ABB CHASSIEU,Olivier VUILLAUME 
0001,Agence Genas,AF226350,Porte sectionnelle,Non,11 rue d'Arsonval,CHASSIEU,0058,ABB CHASSIEU,Olivier VUILLAUME 
0001,Agence Genas,AF226351,Porte sectionnelle,Non,11 rue d'Arsonval,CHASSIEU,0058,ABB CHASSIEU,Olivier VUILLAUME 
0001,Agence Genas,AF226352,Porte sectionnelle,Non,11 rue d'Arsonval,CHASSIEU,0058,ABB CHASSIEU,Olivier VUILLAUME 
0001,Agence Genas,AF226353,Niveleur de quai,Non,11 rue d'Arsonval,CHASSIEU,0058,ABB CHASSIEU,Olivier VUILLAUME 
0001,Agence Genas,AF226354,Niveleur de quai,Non,11 rue d'Arsonval,CHASSIEU,0058,ABB CHASSIEU,Olivier VUILLAUME 
0001,Agence Genas,AF226355,Niveleur de quai,Non,11 rue d'Arsonval,CHASSIEU,0058,ABB CHASSIEU,Olivier VUILLAUME 
0001,Agence Genas,AF226356,Porte sectionnelle,Non,11 rue d'Arsonval,CHASSIEU,0058,ABB CHASSIEU,Olivier VUILLAUME 
0001,Agence Genas,AF226357,Porte automatique,Non,117 rue Pierre Corneille ,LYON,0021,MEDIKSANTE,Romain RICORDEAU 
0001,Agence Genas,AF226366,Porte automatique,Non,2 place Kellermann,OULLINS,0073,Hotel Ibis Lyon Sud Oullins,Yann GENIEIS
0001,Agence Genas,AF226367,Porte automatique,Non,2 place Kellermann,OULLINS,0073,Hotel Ibis Lyon Sud Oullins,Yann GENIEIS
0001,Agence Genas,AF226378,Porte automatique,Non,2 rue Auguste Donna,VIENNE,0073,Eurofins Vienne,Yann GENIEIS
0001,Agence Genas,AF226379,Rideau métallique,Non,2 rue Auguste Donna ,VIENNE,0073,Eurofins Vienne,Yann GENIEIS
0001,Agence Genas,AF226380,Porte automatique,Non,28 Grande Rue,ST PRIEST,0058,EUROFINS,Olivier VUILLAUME 
0001,Agence Genas,AF226381,Rideau métallique,Non,28 Grande Rue,ST PRIEST,0058,EUROFINS,Olivier VUILLAUME 
0001,Agence Genas,AF226382,Porte automatique,Non,2 Rue Jules Velensaut,LYON,0073,EUROFINS,Yann GENIEIS
0001,Agence Genas,AF226383,Porte automatique,Non,51 Rue de la République ,OULLINS,0073,EUROFINS,Yann GENIEIS
0001,Agence Genas,AF226384,Rideau métallique,Non,51 Rue de la République ,OULLINS,0073,EUROFINS,Yann GENIEIS
0001,Agence Genas,AF226385,Porte automatique,Non,81 Avenue Francis de Pressensé,VENISSIEUX,0073,EUROFINS,Yann GENIEIS
0001,Agence Genas,AF226386,Rideau métallique,Non,81 Avenue Francis de Pressensé,VENISSIEUX,0073,EUROFINS,Yann GENIEIS
0001,Agence Genas,AF226387,Porte automatique,Non,30 Cours Richard Vitton,MONTCHAT,0021,EUROFINS,Romain RICORDEAU 
0001,Agence Genas,AF226388,Rideau métallique,Non,30 Cours Richard Vitton,MONTCHAT,0021,EUROFINS,Romain RICORDEAU 
0001,Agence Genas,AF226389,Rideau métallique,Non,4 Place de la Croix Rousse,LYON - CROIX ROUSSE ,0021,EUROFINS,Romain RICORDEAU 
0001,Agence Genas,AF226390,Rideau métallique,Non,2 Rue des Martyrs de la Résistance,CREMIEU,0058,EUROFINS,Olivier VUILLAUME 
0001,Agence Genas,AF226391,Porte automatique,Non,34 Rue Thimonnier,AMPLEPUIS,0073,EUROFINS,Yann GENIEIS
0001,Agence Genas,AF226396,Rideau métallique,Non,4 rue Maryse Bastié,BRON,0021,FLOW LINE INTEGRATION,Romain RICORDEAU 
0001,Agence Genas,AF226400,Ascenseur,Non,6 rue Jean Marie Chavant,LYON,0045,SDC LE SAXE GAMBETTA,Mohamed BESSAFI
0001,Agence Genas,CM 000 051,Elévateur,Non,274 impasse saint clair,YZERON,0006,Mr et Mme LHOPITAL,Aurélien GUERIN
0001,Agence Genas,CM 000 052,Ascenseur,Non,4 chemin du tapis vert ,OULLINS,0071,Mr et Mme HELLUY,Kenzy CHABBI
0001,Agence Genas,AF226421,Ascenseur,Non,2 rue Alice Guy Blache,ST PRIEST,0065,SPRELY,Khalil BELLAL
0001,Agence Genas,AF226422,Portail,Non,Rue Saint Simon ,LYON,0021,GREENOPOLIS LOT 1 - VOLUME 3 Parking,Romain RICORDEAU 
0001,Agence Genas,AF226423,Portail,Non,Rue Saint Simon,LYON,0021,GREENOPOLIS LOT 1 - VOLUME 3 Parking,Romain RICORDEAU 
0001,Agence Genas,AF226424,Barrière Levante,Non,Rue Saint Simon,LYON,0021,GREENOPOLIS D01-D02,Romain RICORDEAU 
0001,Agence Genas,AF226425,Portail,Non,Rue Berjon ,LYON,0021,ASL GREENOPOLIS,Romain RICORDEAU 
0001,Agence Genas,AF226426,Barrière Levante,Non,Rue Berjon,LYON,0021,GREENOPOLIS D01-D02,Romain RICORDEAU 
0001,Agence Genas,AF226427,Barrière Levante,Non,Rue Saint Simon,LYON,0021,GREENOPOLIS LOT 1 - VOLUME 3 Parking,Romain RICORDEAU 
0001,Agence Genas,AF226428,Portail,Non,Rue Berjon,LYON,0021,GREENOPOLIS D01-D02,Romain RICORDEAU 
0001,Agence Genas,AF226429,Porte basculante,Non,Rue Berjon,LYON,0021,GREENOPOLIS B05-B06,Romain RICORDEAU 
0001,Agence Genas,AF226430,Portail,Non,Rue Berjon,LYON,0021,ASL GREENOPOLIS,Romain RICORDEAU 
0001,Agence Genas,AF226431,Portail,Non,Rue Berjon,LYON,0021,GREENOPOLIS D01-D02,Romain RICORDEAU 
0001,Agence Genas,AF226432,Portail,Non,Rue Diebold,LYON,0021,ASL GREENOPOLIS,Romain RICORDEAU 
0001,Agence Genas,AF226433,Portail,Non,Rue Diebold,LYON,0021,ASL GREENOPOLIS,Romain RICORDEAU 
0001,Agence Genas,AF226434,Portail,Non,Rue Saint Simon,LYON,0021,GREENOPOLIS LOT 1 - VOLUME 3 Parking,Romain RICORDEAU 
0001,Agence Genas,AF226435,Portail,Non,Rue Saint Simon,LYON,0021,GREENOPOLIS LOT 1 - VOLUME 3 Parking,Romain RICORDEAU 
0001,Agence Genas,AF226436,Portail,Non,Rue Berjon,LYON,0021,ASL GREENOPOLIS,Romain RICORDEAU 
0001,Agence Genas,AF226437,Portail,Non,Rue Berjon,LYON,0021,ASL GREENOPOLIS,Romain RICORDEAU 
0001,Agence Genas,AF226438,Portail,Non,Rue Berjon,LYON,0021,ASL GREENOPOLIS,Romain RICORDEAU 
0001,Agence Genas,AF226439,Portail,Non,Rue Diebold,LYON,0021,ASL GREENOPOLIS,Romain RICORDEAU 
0001,Agence Genas,AF226440,Portail,Non,Rue Diebold,LYON,0021,ASL GREENOPOLIS,Romain RICORDEAU 
0001,Agence Genas,AF226441,Portail,Non,Rue Diebold,LYON,0021,ASL GREENOPOLIS,Romain RICORDEAU 
0001,Agence Genas,AF226442,Portail,Non,Rue Berjon ,LYON,0021,ASL GREENOPOLIS,Romain RICORDEAU 
0001,Agence Genas,AF226443,Portail,Non,Rue Saint Simon,LYON,0021,ASL GREENOPOLIS,Romain RICORDEAU 
0001,Agence Genas,AF226444,Portail,Non,2 rue Alice Guy Blache,ST PRIEST,0058,SPRELY,Olivier VUILLAUME 
0001,Agence Genas,AF226445,Porte sectionnelle,Non,2 rue Alice Guy Blache,ST PRIEST,0058,SPRELY,Olivier VUILLAUME 
0001,Agence Genas,AF226446,Porte sectionnelle,Non,2 rue Alice Guy Blache,ST PRIEST,0058,SPRELY,Olivier VUILLAUME 
0001,Agence Genas,AF226450,Porte automatique,Non,3 place Jules Ferry ,LYON,0021,BRASSERIE LE SPLENDID,Romain RICORDEAU 
0001,Agence Genas,AF226456,Elévateur,Non,8 Chemin du Ru,MEYRIEU LES ETANGS,0070,Mr et Mme JOLY,Guillaume LANGLOIS
0001,Agence Genas,2206691,Monte-Charge,Non,692 RUE DES MERCIERES,RILLIEUX LA PAPE,0047,LOMATY,Nefis ALIOUCHE
0001,Agence Genas,AF226466,EPMR elevtr pr pers a mobilité reduite,Non,588 chemin du Panorama,CALUIRE ET CUIRE,0047,Mme Hamm,Nefis ALIOUCHE
0001,Agence Genas,AF226510,Porte Sectionnelle manuelle,Non,19 rue Calmette,GENAS,0058,FEDEX GENAS,Olivier VUILLAUME 
0001,Agence Genas,AF226511,Porte Sectionnelle manuelle,Non,19 rue Calmette,GENAS,0058,FEDEX GENAS,Olivier VUILLAUME 
0001,Agence Genas,AF226512,Porte Sectionnelle manuelle,Non,19 rue Calmette,GENAS,0058,FEDEX GENAS,Olivier VUILLAUME 
0001,Agence Genas,AF226513,Porte Sectionnelle manuelle,Non,19 rue Calmette,GENAS,0058,FEDEX GENAS,Olivier VUILLAUME 
0001,Agence Genas,AF226515,Porte Sectionnelle manuelle,Non,19 rue Calmette,GENAS,0058,FEDEX GENAS,Olivier VUILLAUME 
0001,Agence Genas,AF226517,Porte Sectionnelle manuelle,Non,19 rue Calmette,GENAS,0058,FEDEX GENAS,Olivier VUILLAUME 
0001,Agence Genas,AF226518,Porte Sectionnelle manuelle,Non,19 rue Calmette,GENAS,0058,FEDEX GENAS,Olivier VUILLAUME 
0001,Agence Genas,AF226519,Porte Sectionnelle manuelle,Non,19 rue Calmette,GENAS,0058,FEDEX GENAS,Olivier VUILLAUME 
0001,Agence Genas,AF226520,Porte Sectionnelle manuelle,Non,19 rue Calmette,GENAS,0058,FEDEX GENAS,Olivier VUILLAUME 
0001,Agence Genas,AF226522,Porte Sectionnelle manuelle,Non,19 rue Calmette,GENAS,0058,FEDEX GENAS,Olivier VUILLAUME 
0001,Agence Genas,AF226523,Porte Sectionnelle manuelle,Non,19 rue Calmette,GENAS,0058,FEDEX GENAS,Olivier VUILLAUME 
0001,Agence Genas,HC226553,Portail,Non,106 Boulevard Vivier Merle ,LYON,0021,VELUM,Romain RICORDEAU 
0001,Agence Genas,AF226555,EPMR elevtr pr pers a mobilité reduite,Non,14 rue des remparts d'Ainay,LYON,0056,Boulangerie Paul,Yaya DOUCOURE 
0001,Agence Genas,AF226558,Portail,Non,57 avenue Valioud,STE FOY LES LYON,0073,SDC LE VAL ROSE ,Yann GENIEIS
0001,Agence Genas,AF226559,Porte de garage,Non,59 avenue Valioud,STE FOY LES LYON,0073,SDC LE VAL ROSE ,Yann GENIEIS
0001,Agence Genas,AF226601,Ascenseur,Non,2/4 RUE ELISABETH BOSELLI,LYON,0045,SDC LATITUDE 8,Mohamed BESSAFI
0001,Agence Genas,AF226602,Ascenseur,Non,2/4 RUE ELISABETH BOSELLI,LYON,0045,SDC LATITUDE 8,Mohamed BESSAFI
0001,Agence Genas,AF226603,Ascenseur,Non,2/4 RUE ELISABETH BOSELLI,LYON,0045,SDC LATITUDE 8,Mohamed BESSAFI
0001,Agence Genas,CM 000 045,Elévateur,Non,QUARTIER OSTERODE,RILLIEUX LA PAPE,0027,KOMAKS FRANCE,Luc CHAROLLAIS
0001,Agence Genas,AF226606,Elévateur,Non,9 Rue Des Provinces,CHARVIEU CHAVAGNEUX,0070,GEORGES BOYER,Guillaume LANGLOIS
0001,Agence Genas,AF226612,Porte piétonne,Non,14 rue des Deux Frères,VILLEURBANNE,0071,SDC 14 rue des Deux Frères,Kenzy CHABBI
0001,Agence Genas,AF226613,Porte piétonne,Non,14 rue des Deux Frères,VILLEURBANNE,0071,SDC 14 rue des Deux Frères,Kenzy CHABBI
0001,Agence Genas,AF226614,Porte piétonne,Non,14 rue des Deux Frères,VILLEURBANNE,0071,SDC 14 rue des Deux Frères,Kenzy CHABBI
0001,Agence Genas,AF226617,Porte de garage,Non,38 rue du repos,LYON,0021,SDC PARC BLANDAN,Romain RICORDEAU 
0001,Agence Genas,AF226618,Ascenseur,Non,25 rue Sully,LYON,0056,SDC 25 rue Sully,Yaya DOUCOURE 
0001,Agence Genas,AF226624,Monte-Fût,Non,48-50 rue de la République,LYON,0056,PARADIS DU FRUITS,Yaya DOUCOURE 
0001,Agence Genas,AF226625,Monte Plats,Non,48-50 rue de la République,LYON,0056,PARADIS DU FRUITS,Yaya DOUCOURE 
0001,Agence Genas,AF226626,Monte Plats,Non,48-50 rue de la République,LYON,0056,PARADIS DU FRUITS,Yaya DOUCOURE 
0001,Agence Genas,AF226627,Monte-Charge,Non,39 rue des Frères Amadéo,VENISSIEUX,0065,LES PRODUCTIONS RINO BALDI,Khalil BELLAL
0001,Agence Genas,AF226632,Porte piétonne,Non,654 Cours du 3ème Millenaire,ST PRIEST,0058,SNEF - Marché Orange Bron Fermeture,Olivier VUILLAUME 
0001,Agence Genas,AF226634,Ascenseur,Non,35 Avenue Barthélemy Buyer,LYON,0072,SDC LE CLOS DE TRION,Nouredine BOUNAAS
0001,Agence Genas,AF226635,Ascenseur,Non,35 Avenue Barthélemy Buyer,LYON,0072,SDC LE CLOS DE TRION,Nouredine BOUNAAS
0001,Agence Genas,AF226638,Porte de garage,Non,"132, Rue Bossuet",LYON,0021,REGUS,Romain RICORDEAU 
0001,Agence Genas,AF226642,Porte de garage,Non,218 avenue Franklin Roosevelt,BRON,0021,SDC Le Soleil d'Or,Romain RICORDEAU 
0001,Agence Genas,AF226647,EPMR elevtr pr pers a mobilité reduite,Non,29 rue Laborde,BRON,0071,Mr Baysal Ozkan,Kenzy CHABBI
0001,Agence Genas,AF226651,Ascenseur,Non,50 rue de la République,LYON,0056,Boutique Orange Ascenseurs - LYON,Yaya DOUCOURE 
0001,Agence Genas,AF226658,Rideau,Non,25 rue des Sayes,L ISLE D ABEAU,0058,Boutique Orange fermeture - LYON,Olivier VUILLAUME 
0001,Agence Genas,AF226671,Rideau,Non,Chemin Jean Marie Vianney,ECULLY,0073,Boutique Orange fermeture - LYON,Yann GENIEIS
0001,Agence Genas,AF226675,Rideau,Non,50 rue de la République,LYON,0021,Boutique Orange fermeture - LYON,Romain RICORDEAU 
0001,Agence Genas,AF226676,Porte automatique,Non,50 rue de la République,LYON,0021,Boutique Orange fermeture - LYON,Romain RICORDEAU 
0001,Agence Genas,AF226677,Porte automatique,Non,50 rue de la République,LYON,0021,Boutique Orange fermeture - LYON,Romain RICORDEAU 
0001,Agence Genas,AF226678,Rideau,Non,50 rue de la République,LYON,0021,Boutique Orange fermeture - LYON,Romain RICORDEAU 
0001,Agence Genas,AF226681,Rideau,Non,17 rue du Docteur Bouchut,LYON,0021,Boutique Orange fermeture - LYON,Romain RICORDEAU 
0001,Agence Genas,AF226784,Ascenseur,Non,12 Zone d'Activités Les Sambètes ,SAINT ROMAIN DE JALIONAS ,0070,TERRE & LOGIS ,Guillaume LANGLOIS
0001,Agence Genas,CM 000 057,EPMR elevtr pr pers a mobilité reduite,Non,134 chemin du Puts,VIRIVILLE,0030,EAP FRANCE SAS,Karim MOKNECHE
0001,Agence Genas,AF226790,Portail,Non,3 route de St Symphorien d'Ozon,CORBAS,0073,SDC 3 route de St Symphorien d'Ozon,Yann GENIEIS
0001,Agence Genas,AF226791,Elévateur,Non,2 impasse de villa,AUBERIVES SUR VAREZE,0070,Monsieur Vitte-Rouby,Guillaume LANGLOIS
0001,Agence Genas,AF226807,Portail,Non,"Agence Rhone - Impasse Louis Verd, ZI le Broteau ",IRIGNY,0073,PROXIMARK,Yann GENIEIS
0001,Agence Genas,CM 000 046,Elévateur,Non,113 bis Grande rue,TOUSSIEU,0065,EAP FRANCE SAS,Khalil BELLAL
0001,Agence Genas,AF226817,Ascenseur,Non,7 Avenue Roger Salengro,VILLEURBANNE,0057,SDC SIGNATURE,Anouar BEN MESSAOUD
0001,Agence Genas,AF226819,Porte de garage,Non,7-7bis-9 Avenue Roger Salengro,VILLEURBANNE,0021,SDC SIGNATURE,Romain RICORDEAU 
0001,Agence Genas,AF226875,Ascenseur,Non,"21, Rue Henri Drevon ",MEYZIEU,0070,SDC DOMAINE DU PARC EQUILIBRE,Guillaume LANGLOIS
0001,Agence Genas,AF226876,Ascenseur,Non,"21, Rue Henri Drevon ",MEYZIEU,0070,SDC DOMAINE DU PARC EQUILIBRE,Guillaume LANGLOIS
0001,Agence Genas,AF226877,Ascenseur,Non,23 Rue Henri Drevon ,MEYZIEU,0070,SDC DOMAINE DU PARC EQUILIBRE,Guillaume LANGLOIS
0001,Agence Genas,AF226878,Ascenseur,Non,23 Rue Henri Drevon ,MEYZIEU,0070,SDC DOMAINE DU PARC EQUILIBRE,Guillaume LANGLOIS
0001,Agence Genas,AF226885,Ascenseur,Non,97 Boulevard des Belges,LYON,0056,SDC 97 Boulevard des Belges,Yaya DOUCOURE 
0001,Agence Genas,AF226892,Ascenseur,Non,9 Place Aristide Briand,LYON,0053,SDC 9 Place Aristide Briand,Christopher WILTORD
0001,Agence Genas,AF226894,Portail,Non,6 chemin de PUTET,ST GENIS LAVAL,0073,SDC LE GRAND PARC,Yann GENIEIS
0001,Agence Genas,AF226895,Ascenseur,Non,13 rue Hector Berlioz,DECINES CHARPIEU,0070,SCI L'ORANGERIE,Guillaume LANGLOIS
0001,Agence Genas,AF226896,Ascenseur,Non,16 rue Hector Berlioz,DECINES CHARPIEU,0070,SCI L'ORANGERIE,Guillaume LANGLOIS
0001,Agence Genas,AF236897,Monte Plats,Non,28 Av. des Frères Montgolfier,CHASSIEU,0070,TED,Guillaume LANGLOIS
0001,Agence Genas,AF226919,Rideau,Non,Impasse Louis Verd,IRIGNY,0073,PROXIMARK,Yann GENIEIS
0001,Agence Genas,AF226920,Porte sectionnelle,Non,Impasse Louis Verd,IRIGNY,0073,PROXIMARK,Yann GENIEIS
0001,Agence Genas,AF226928,Portail,Oui,"30, Avenue Auguste Wissel ",NEUVILLE-SUR-SAONE,0021,SDC ECRIN VERDE,Romain RICORDEAU 
0001,Agence Genas,AF226934,PUBLIC,Non,6 Rue du Marchil,ST CHEF,0070,SDC LES CHARMILLES,Guillaume LANGLOIS
0001,Agence Genas,AF226936,Porte de garage,Non,"161, Cours Albert Thomas ",LYON,0021,SDC 161 COURS ALBERT THOMAS,Romain RICORDEAU 
0001,Agence Genas,AF226943,Ascenseur,Non,1 Avenue Louis Mouillard,BRON,0071,DIRECTION GENERAL DE L'AVIATION CIVIL,Kenzy CHABBI
0001,Agence Genas,AF226946,Portail,Non,12 RUE DU CREUZAT,L ISLE D ABEAU,0058,SNEF - Marché Orange Nord Isère Fermeture,Olivier VUILLAUME 
0001,Agence Genas,AF226947,Portail,Non,12 RUE DU CREUZAT,L ISLE D ABEAU,0058,SNEF - Marché Orange Nord Isère Fermeture,Olivier VUILLAUME 
0001,Agence Genas,AF226949,Ascenseur,Non,12 RUE DU CREUZAT,ISLE D'ABEAU,0070,SNEF ORANGE ASCENSEURS BRON,Guillaume LANGLOIS
0001,Agence Genas,CM 000 058,Elévateur,Non,Domaine de Chanille,ST MARCEL BEL ACCUEIL,0064,EAP FRANCE SAS,Jimmy LARGETEAU 
0001,Agence Genas,AF226962,Porte de garage,Non,47 rue du Docteur Ollier,VILLEURBANNE,0021,SDC 47 RUE DU DOCTEUR OLLIER,Romain RICORDEAU 
0001,Agence Genas,2210691,EPMR elevtr pr pers a mobilité reduite,Non,172 rue Francis de Pressensé,VILLEURBANNE,0027,LOMATY,Luc CHAROLLAIS
0001,Agence Genas,AF226992,Portail,Non,54 avenue de Valioud,STE FOY LES LYON,0073,SDC LES CRETES I,Yann GENIEIS
0001,Agence Genas,AF226993,Ascenseur,Non,17 rue Marcel Mérieux,CORBAS,0065,WORLDMARECHAL,Khalil BELLAL
0001,Agence Genas,AF227004,Ascenseur,Non,204 rue du Chat Botté,BEYNOST,0070,SDC Le 1084,Guillaume LANGLOIS
0001,Agence Genas,AF227005,Porte de garage,Non,40 Rue Condorcet,VAULX MILIEU,0021,SENSO PUR / NEOREV,Romain RICORDEAU 
0001,Agence Genas,AF227006,Porte de garage,Non,40 Rue Condorcet,VAULX MILIEU,0021,SENSO PUR / NEOREV,Romain RICORDEAU 
0001,Agence Genas,AF237010,Porte de garage,Non,59 rue général Degoutte,MIRIBEL,0058,SDC LES TERRASSES DU CANAL,Olivier VUILLAUME 
0001,Agence Genas,AF237016,Ascenseur,Non,18 rue Docteur Edmond Locard,LYON,0072,SNEF - CNFPT,Nouredine BOUNAAS
0001,Agence Genas,AF237017,Ascenseur,Non,18 rue Docteur Edouard Locard,LYON,0072,SNEF - CNFPT,Nouredine BOUNAAS
0001,Agence Genas,AF237018,Ascenseur,Non,18 rue Docteur Edmond Locard,LYON,0072,SNEF - CNFPT,Nouredine BOUNAAS
0001,Agence Genas,AF237019,Plate-Forme,Non,18 rue Docteur Edmond Locard,LYON,0072,SNEF - CNFPT,Nouredine BOUNAAS
0001,Agence Genas,AF237021,Barrière Levante,Non,18 rue Docteur Edmond Locard,LYON,0021,SNEF - CNFPT,Romain RICORDEAU 
0001,Agence Genas,AF237022,Barrière Levante,Non,18 rue Docteur Edmond Locard,LYON,0021,SNEF - CNFPT,Romain RICORDEAU 
0001,Agence Genas,AF237023,Porte de garage,Non,18 rue Docteur Edmond Locard,LYON,0021,SNEF - CNFPT,Romain RICORDEAU 
0001,Agence Genas,AF237024,Porte automatique,Non,41 cours de la Liberté,LYON,0021,REGUS,Romain RICORDEAU 
0001,Agence Genas,AF237025,Porte de garage,Non,41 cours de la Liberté,LYON,0021,REGUS,Romain RICORDEAU 
0001,Agence Genas,AF237026,Ascenseur,Non,13 avenue Charles de Gaulle,CHARBONNIERES LES BAINS,0006,SDC LE RICHELIEU,Aurélien GUERIN
0001,Agence Genas,AF237052,Ascenseur,Non,203 cours Emile Zola,VILLEURBANNE,0027,SDC RESIDENCE HENRY BERTRAND,Luc CHAROLLAIS
0001,Agence Genas,AF237054,Porte sectionnelle,Non,1 rue d'Allemagne,MIONS,0058,STILL,Olivier VUILLAUME 
0001,Agence Genas,AF237055,Porte sectionnelle,Non,1 rue d'Allemagne,MIONS,0058,STILL,Olivier VUILLAUME 
0001,Agence Genas,AF237056,Rideau,Non,1 rue d'Allemagne,MIONS,0058,STILL,Olivier VUILLAUME 
0001,Agence Genas,AF237057,Porte basculante,Non,19 rue de Montbrillant,LYON,0021,SDC Le Valmont,Romain RICORDEAU 
0001,Agence Genas,AF237059,Ascenseur,Non,37 rue Duquesne,LYON,0056,SDC 37 rue Duquesne,Yaya DOUCOURE 
0001,Agence Genas,AF237060,Porte sectionnelle,Non,10 rue Simon Jallade,STE FOY LES LYON,0073,Centre Witkowska,Yann GENIEIS
0001,Agence Genas,AF237061,Porte sectionnelle,Non,10 rue Simon Jallade,STE FOY LES LYON,0073,Centre Witkowska,Yann GENIEIS
0001,Agence Genas,AF237078,Porte sectionnelle,Non,5 Rue Nicephore Niepce,ST ETIENNE,0073,RTE ST ETIENNE ,Yann GENIEIS
0001,Agence Genas,AF237080,Portail,Non,52-54-56 rue du 24 Avril 1915,MEYZIEU,0021,SDC EMERAUDE,Romain RICORDEAU 
0001,Agence Genas,AF237081,Portail,Non,52-54-56 rue du 24 Avril 1915,MEYZIEU,0021,SDC EMERAUDE,Romain RICORDEAU 
0001,Agence Genas,AF237082,EPMR elevtr pr pers a mobilité reduite,Oui,512 Route des Gantières ,MEYRIEU LES ETANGS,0070,Mme BOYET ,Guillaume LANGLOIS
0001,Agence Genas,AF237089,Ascenseur,Non,38 rue du Sergent Michel Berthet,LYON,0072,FIDUCIAL,Nouredine BOUNAAS
0001,Agence Genas,AF237090,Ascenseur,Non,38 rue du Sergent Michel Berthet,LYON,0072,FIDUCIAL,Nouredine BOUNAAS
0001,Agence Genas,AF237091,Ascenseur,Non,38 rue du Sergent Michel Berthet,LYON,0072,FIDUCIAL,Nouredine BOUNAAS
0001,Agence Genas,AF237092,Ascenseur,Non,38 rue du Sergent Michel Berthet,LYON,0072,FIDUCIAL,Nouredine BOUNAAS
0001,Agence Genas,AF237093,Ascenseur,Non,38 rue du Sergent Michel Berthet,LYON,0072,FIDUCIAL,Nouredine BOUNAAS
0001,Agence Genas,AF237094,Ascenseur,Non,38 rue du Sergent Michel Berthet,LYON,0072,FIDUCIAL,Nouredine BOUNAAS
0001,Agence Genas,AF237095,Ascenseur,Non,38 rue du Sergent Michel Berthet,LYON,0072,FIDUCIAL,Nouredine BOUNAAS
0001,Agence Genas,AF237096,Ascenseur,Non,38 rue du Sergent Michel Berthet,LYON,0072,FIDUCIAL,Nouredine BOUNAAS
0001,Agence Genas,AF237097,Ascenseur,Non,38 rue du Sergent Michel Berthet,LYON,0072,FIDUCIAL,Nouredine BOUNAAS
0001,Agence Genas,AF237098,Ascenseur,Non,19 rue COTTIN,LYON,0072,FIDUCIAL,Nouredine BOUNAAS
0001,Agence Genas,AF237099,Ascenseur,Non,19 rue COTTIN,LYON,0072,FIDUCIAL,Nouredine BOUNAAS
0001,Agence Genas,AF237100,Monte-Charge,Non,19 rue COTTIN,LYON,0072,FIDUCIAL,Nouredine BOUNAAS
0001,Agence Genas,AF237101,Porte sectionnelle,Non,11 allée Général Benoist,BRON,0021,SNEF Site de Bron,Romain RICORDEAU 
0001,Agence Genas,AF237102,Porte sectionnelle,Non,11 allée Général Benoist,BRON,0021,SNEF Site de Bron,Romain RICORDEAU 
0001,Agence Genas,AF237103,Porte sectionnelle,Non,11 allée Général Benoist,BRON,0021,SNEF Site de Bron,Romain RICORDEAU 
0001,Agence Genas,AF237104,Portail,Non,11 allée Général Benoist,BRON,0021,SNEF Site de Bron,Romain RICORDEAU 
0001,Agence Genas,AF237107,Rideau,Non,"7,Place Louis Grenier",FEYZIN,0073,EUROFINS,Yann GENIEIS
0001,Agence Genas,AF237120,Porte sectionnelle,Non,5 Rue Nicephore Niepce,ST ETIENNE,0073,RTE ST ETIENNE ,Yann GENIEIS
0001,Agence Genas,AF237121,Porte sectionnelle,Non,5 Rue Nicephore Niepce,ST ETIENNE,0073,RTE ST ETIENNE ,Yann GENIEIS
0001,Agence Genas,AF237122,Porte sectionnelle,Non,5 Rue Nicephore Niepce,ST ETIENNE,0073,RTE ST ETIENNE ,Yann GENIEIS
0001,Agence Genas,AF237123,Porte sectionnelle,Non,5 Rue Nicephore Niepce,ST ETIENNE,0073,RTE ST ETIENNE ,Yann GENIEIS
0001,Agence Genas,AF237124,Porte sectionnelle,Non,5 Rue Nicephore Niepce,ST ETIENNE,0073,RTE ST ETIENNE ,Yann GENIEIS
0001,Agence Genas,AF237125,Porte sectionnelle,Non,5 Rue Nicephore Niepce,ST ETIENNE,0073,RTE ST ETIENNE ,Yann GENIEIS
0001,Agence Genas,AF237126,Porte sectionnelle,Non,5 Rue Nicephore Niepce,ST ETIENNE,0073,RTE ST ETIENNE ,Yann GENIEIS
0001,Agence Genas,AF237127,Porte sectionnelle,Non,5 Rue Nicephore Niepce,ST ETIENNE,0073,RTE ST ETIENNE ,Yann GENIEIS
0001,Agence Genas,AF237128,Porte sectionnelle,Non,5 Rue Nicephore Niepce,ST ETIENNE,0073,RTE ST ETIENNE ,Yann GENIEIS
0001,Agence Genas,AF237129,Porte sectionnelle,Oui,5 Rue Nicephore Niepce,ST ETIENNE,0073,RTE ST ETIENNE ,Yann GENIEIS
0001,Agence Genas,AF237130,Porte sectionnelle,Non,5 Rue Nicephore Niepce,ST ETIENNE,0073,RTE ST ETIENNE ,Yann GENIEIS
0001,Agence Genas,AF237131,Porte sectionnelle,Non,5 Rue Nicephore Niepce,ST ETIENNE,0073,RTE ST ETIENNE ,Yann GENIEIS
0001,Agence Genas,AF237132,Porte sectionnelle,Non,5 Rue Nicephore Niepce,ST ETIENNE,0073,RTE ST ETIENNE ,Yann GENIEIS
0001,Agence Genas,AF237133,Porte sectionnelle,Non,5 Rue Nicephore Niepce,ST ETIENNE,0073,RTE ST ETIENNE ,Yann GENIEIS
0001,Agence Genas,AF237134,Porte sectionnelle,Non,5 Rue Nicephore Niepce,ST ETIENNE,0073,RTE ST ETIENNE ,Yann GENIEIS
0001,Agence Genas,AF237135,Porte sectionnelle,Non,5 Rue Nicephore Niepce,ST ETIENNE,0073,RTE ST ETIENNE ,Yann GENIEIS
0001,Agence Genas,AF237136,Porte sectionnelle,Non,26 rue Docteur Fernand Merlin,ST ETIENNE,0073,RTE ST ETIENNE ,Yann GENIEIS
0001,Agence Genas,AF237140,Porte sectionnelle,Non,26 rue Docteur Fernand Merlin,ST ETIENNE,0073,RTE ST ETIENNE ,Yann GENIEIS
0001,Agence Genas,AF237141,Porte sectionnelle,Non,26 rue Docteur Fernand Merlin,ST ETIENNE,0073,RTE ST ETIENNE ,Yann GENIEIS
0001,Agence Genas,AF237142,Porte sectionnelle,Non,26 rue Docteur Fernand Merlin,ST ETIENNE,0073,RTE ST ETIENNE ,Yann GENIEIS
0001,Agence Genas,AF237143,Porte sectionnelle,Non,26 rue Docteur Fernand Merlin,ST ETIENNE,0073,RTE ST ETIENNE ,Yann GENIEIS
0001,Agence Genas,AF237144,Porte sectionnelle,Non,26 rue Docteur Fernand Merlin,ST ETIENNE,0073,RTE ST ETIENNE ,Yann GENIEIS
0001,Agence Genas,AF237145,Ascenseur,Non,36 rue Maréchal de Lattre de Tassigny,LYON,0072,SDC LE PAREDOR,Nouredine BOUNAAS
0001,Agence Genas,AF237146,Ascenseur,Non,38 rue Maréchal de Lattre de Tassigny,LYON,0072,SDC LE PAREDOR,Nouredine BOUNAAS
0001,Agence Genas,AF237147,Ascenseur,Non,40 rue Maréchal de Lattre de tassigny,LYON,0072,SDC LE PAREDOR,Nouredine BOUNAAS
0001,Agence Genas,AF237148,Rideau métallique,Non,5 Rue Nicephore Niepce,ST ETIENNE,0073,RTE ST ETIENNE ,Yann GENIEIS
0001,Agence Genas,AF237149,Rideau métallique,Non,5 Rue Nicephore Niepce,ST ETIENNE,0073,RTE ST ETIENNE ,Yann GENIEIS
0001,Agence Genas,AF237150,Rideau métallique,Non,5 Rue Nicephore Niepce,ST ETIENNE,0073,RTE ST ETIENNE ,Yann GENIEIS
0001,Agence Genas,AF237151,Rideau métallique,Non,26 rue Docteur Fernand Merlin,ST ETIENNE,0073,RTE ST ETIENNE ,Yann GENIEIS
0001,Agence Genas,AF237152,Rideau métallique,Non,26 rue Docteur Fernand Merlin,ST ETIENNE,0073,RTE ST ETIENNE ,Yann GENIEIS
0001,Agence Genas,AF237153,Rideau métallique,Non,26 rue Docteur Fernand Merlin,ST ETIENNE,0073,RTE ST ETIENNE ,Yann GENIEIS
0001,Agence Genas,AF237154,Rideau métallique,Non,26 rue Docteur Fernand Merlin,ST ETIENNE,0073,RTE ST ETIENNE ,Yann GENIEIS
0001,Agence Genas,AF237155,Rideau métallique,Non,26 rue Docteur Fernand Merlin,ST ETIENNE,0073,RTE ST ETIENNE ,Yann GENIEIS
0001,Agence Genas,AF237156,Rideau métallique,Non,26 rue Docteur Fernand Merlin,ST ETIENNE,0073,RTE ST ETIENNE ,Yann GENIEIS
0001,Agence Genas,AF237157,Ascenseur,Non,121 rue Pierre Audry,LYON,0072,SDC VILLAS LATINES,Nouredine BOUNAAS
0001,Agence Genas,AF237158,Porte automatique,Non,5 Rue Nicephore Niepce,ST ETIENNE,0073,RTE ST ETIENNE ,Yann GENIEIS
0001,Agence Genas,AF237159,Portail,Non,5 Rue Nicephore Niepce,ST ETIENNE,0073,RTE ST ETIENNE ,Yann GENIEIS
0001,Agence Genas,AF237160,Monte-Charge,Non,5 Rue Nicephore Niepce,ST ETIENNE,0071,RTE ST ETIENNE ,Kenzy CHABBI
0001,Agence Genas,AF237161,Ascenseur,Non,121 rue Pierre Audry,LYON,0072,SDC VILLAS LATINES,Nouredine BOUNAAS
0001,Agence Genas,AF237162,Ascenseur,Non,123 rue Pierre Audry,LYON,0072,SDC VILLAS LATINES,Nouredine BOUNAAS
0001,Agence Genas,AF237163,Ascenseur,Non,125 rue Pierre Audry,LYON,0072,SDC VILLAS LATINES,Nouredine BOUNAAS
0001,Agence Genas,AF237166,Barrière Levante,Non,26-28 avenue René Cassin,LYON,0021,Heron Building ,Romain RICORDEAU 
0001,Agence Genas,AF237167,Porte basculante,Non,26-28 avenue René Cassin,LYON,0021,Heron Building ,Romain RICORDEAU 
0001,Agence Genas,CM 000 061,Elévateur,Non,273 route de Thurins,YZERON,0006,Monsieur Daniel LAVENU,Aurélien GUERIN
0001,Agence Genas,AF237186,Porte Souple ,Non,11 rue d'Arsonval,CHASSIEU,0058,ABB CHASSIEU,Olivier VUILLAUME 
0001,Agence Genas,AF237193,Ascenseur,Non,189 cours Emile Zola,VILLEURBANNE,0027,SDC RESIDENCE HENRY BERTRAND,Luc CHAROLLAIS
0001,Agence Genas,AF237196,Ascenseur,Non,191 cours Emile Zola,VILLEURBANNE,0027,SDC RESIDENCE HENRY BERTRAND,Luc CHAROLLAIS
0001,Agence Genas,AF237197,Ascenseur,Non,193 cours Emile Zola,VILLEURBANNE,0027,SDC RESIDENCE HENRY BERTRAND,Luc CHAROLLAIS
0001,Agence Genas,AF237198,Ascenseur,Non,195 cours Emile Zola,VILLEURBANNE,0027,SDC RESIDENCE HENRY BERTRAND,Luc CHAROLLAIS
0001,Agence Genas,AF237199,Ascenseur,Non,197 cours Emile Zola,VILLEURBANNE,0027,SDC RESIDENCE HENRY BERTRAND,Luc CHAROLLAIS
0001,Agence Genas,AF237200,Ascenseur,Non,199 cours Emile Zola,VILLEURBANNE,0027,SDC RESIDENCE HENRY BERTRAND,Luc CHAROLLAIS
0001,Agence Genas,AF237201,Ascenseur,Non,11 rue Branly,VILLEURBANNE,0027,SDC RESIDENCE HENRY BERTRAND,Luc CHAROLLAIS
0001,Agence Genas,AF237204,Ascenseur,Non,11 Rue Branly,VILLEURBANNE,0027,SDC RESIDENCE HENRY BERTRAND,Luc CHAROLLAIS
0001,Agence Genas,AF237205,Ascenseur,Non,13 Rue Branly,VILLEURBANNE,0027,SDC RESIDENCE HENRY BERTRAND,Luc CHAROLLAIS
0001,Agence Genas,AF237206,Ascenseur,Non,13 Rue Branly,VILLEURBANNE,0027,SDC RESIDENCE HENRY BERTRAND,Luc CHAROLLAIS
0001,Agence Genas,AF237208,Ascenseur,Non,201 cours Emile Zola,VILLEURBANNE,0027,SDC RESIDENCE HENRY BERTRAND,Luc CHAROLLAIS
0001,Agence Genas,HC7226,Ascenseur,Non,3 RUE DE LA CHAPELLE DE BEL AIR ,FRANCHEVILLE,0006,SDC LES MONTS,Aurélien GUERIN
0001,Agence Genas,AF237230,Portail,Non,20 Boulevard Général de Gaulle,OULLINS,0073,SDC RESIDENCE CLOS DU CHENE,Yann GENIEIS
0001,Agence Genas,AF237236,Ascenseur,Non,2 Rue du Palais de Justice,LYON,0072,SDC 2 RUE DU PALAIS DE JUSTICE,Nouredine BOUNAAS
0001,Agence Genas,AF237244,Portail,Non,TRIBUNAL JUDICIAIRE ,VIENNE,0073,Cours d'Appel de Grenoble ,Yann GENIEIS
0001,Agence Genas,AF237245,Portail,Non,TRIBUNAL JUDICIAIRE ,VIENNE,0073,Cours d'Appel de Grenoble ,Yann GENIEIS
0001,Agence Genas,AF237246,Porte automatique,Non,TRIBUNAL JUDICIAIRE ,VIENNE,0073,Cours d'Appel de Grenoble ,Yann GENIEIS
0001,Agence Genas,AF227257,Portail,Non,"55/65, Boulevard des Castors ",LYON,0021,SDC LES CASTORS DE SAINT IRENEE,Romain RICORDEAU 
0001,Agence Genas,AF237258,Portail,Non,"55/65, Boulevard des Castors ",LYON,0021,SDC LES CASTORS DE SAINT IRENEE,Romain RICORDEAU 
0001,Agence Genas,AF237261,Ascenseur,Non,13 quai Pierre Scize,LYON,0072,LA ROCHE QUAI PIERRE-SCIZE,Nouredine BOUNAAS
0001,Agence Genas,AF237262,Ascenseur,Non,13 bis quai Pierre Scize,LYON,0072,LA ROCHE QUAI PIERRE-SCIZE,Nouredine BOUNAAS
0001,Agence Genas,AF237263,Ascenseur,Non,13 ter quai Pierre Scize,LYON,0072,LA ROCHE QUAI PIERRE-SCIZE,Nouredine BOUNAAS
0001,Agence Genas,AF237264,Ascenseur,Non,14 quai Pierre Scize,LYON,0072,LA ROCHE QUAI PIERRE-SCIZE,Nouredine BOUNAAS
0001,Agence Genas,AF237265,Ascenseur,Non,14 bis quai Pierre Scize,LYON,0072,LA ROCHE QUAI PIERRE-SCIZE,Nouredine BOUNAAS
0001,Agence Genas,AF237266,Ascenseur,Non,14 ter quai Pierre Scize,LYON,0072,LA ROCHE QUAI PIERRE-SCIZE,Nouredine BOUNAAS
0001,Agence Genas,AF237276,Ascenseur,Non,222 Avenue Jean Jaurès,DECINES CHARPIEU,0070,SDC LE CLOS FLEURI,Guillaume LANGLOIS
0001,Agence Genas,AF237277,Ascenseur,Non,222 Avenue Jean Jaurès,DECINES CHARPIEU,0070,SDC LE CLOS FLEURI,Guillaume LANGLOIS
0001,Agence Genas,AF237278,Ascenseur,Non,224 Avenue Jean Jaurès,DECINES CHARPIEU,0070,SDC LE CLOS FLEURI,Guillaume LANGLOIS
0001,Agence Genas,AF237279,Portail,Non,222 Avenue Jean Jaurès,DECINES CHARPIEU,0070,SDC LE CLOS FLEURI,Guillaume LANGLOIS
0001,Agence Genas,AF237281,Porte de garage,Non,9 Rue Marat,DECINES CHARPIEU,0021,SDC LE CLOS FLEURI,Romain RICORDEAU 
0001,Agence Genas,AF237284,Portail,Non,29 Quai Tilsitt,LYON,0021,SDC 29 QUAI TILSITT,Romain RICORDEAU 
0001,Agence Genas,2305011,EPMR elevtr pr pers a mobilité reduite,Non,29 Rue Dr Charcot,SAINT DENIS EN BUGEY,0070,LOMATY,Guillaume LANGLOIS
0001,Agence Genas,AF237302,Monte voiture,Non,13 Avenue Pierre Million,LYON,0045,SDC GREY CEDAR,Mohamed BESSAFI
0001,Agence Genas,AF237303,Porte de garage,Non,13 Avenue Pierre Million,LYON,0045,SDC GREY CEDAR,Mohamed BESSAFI
0001,Agence Genas,AF237305,Portail,Non,5 Avenue louis Bleriot ,CHASSIEU,0058,ATTILA GESTION,Olivier VUILLAUME 
0001,Agence Genas,AF237306,Monte Plats,Non,65 Avenue Franklin Roosevelt,DECINES CHARPIEU,0070,HTI TEHNOLOGIES,Guillaume LANGLOIS
0001,Agence Genas,AF237307,Monte Plats,Non,49 Avenue Franklin Roosevelt,DECINES CHARPIEU,0070,HTI TEHNOLOGIES,Guillaume LANGLOIS
0001,Agence Genas,AF237313,Monte-escaliers ,Non,2 Rue des Quinilles,SALAISE SUR SANNE,0070,Mme Jeannette MOREL,Guillaume LANGLOIS
0001,Agence Genas,AF237321,Ascenseur,Non,54 Avenue Valioud,STE FOY LES LYON,0071,SDC LES CRETES I,Kenzy CHABBI
0001,Agence Genas,AF237322,Ascenseur,Non,54 Avenue Valioud,STE FOY LES LYON,0071,SDC LES CRETES I,Kenzy CHABBI
0001,Agence Genas,AF237325,Porte de garage,Non,8 Chemin des Villas ,FRANCHEVILLE,0073,LES NATUR'L,Yann GENIEIS
0001,Agence Genas,AF237330,Ascenseur,Non,1 Rue Cadets De La France Libre,LYON,0053,LES ALLEES DU CHATEAU,Christopher WILTORD
0001,Agence Genas,AF237331,Ascenseur,Non,5 Rue Cadets De La France Libre,LYON,0053,LES ALLEES DU CHATEAU,Christopher WILTORD
0001,Agence Genas,AF237336,Ascenseur,Non,2 Rue de Longchamps,VILLEURBANNE,0027,SDC LE JARDIN DE LONGCHAMP ,Luc CHAROLLAIS
0001,Agence Genas,AF237341,Ascenseur,Non,9 B Rue Honoré De Balzac,VILLEURBANNE,0027,SDC VIA ANTONIN,Luc CHAROLLAIS
0001,Agence Genas,AF237343,Porte sectionnelle,Non,4 Rue Armand Peugeot,GENAS,0021,SWAGELOCK,Romain RICORDEAU 
0001,Agence Genas,2307011,EPMR elevtr pr pers a mobilité reduite,Non,62 Route de Lyon,BELIGNEUX,0070,LOMATY,Guillaume LANGLOIS
0001,Agence Genas,CM 000 029,Ascenseur,Non,205 Rue du Château,DOLOMIEU,0070,DOMAINE DE DOLOMIEU,Guillaume LANGLOIS
0001,Agence Genas,CM 000 030,Ascenseur,Non,205 Rue du Château,DOLOMIEU,0070,DOMAINE DE DOLOMIEU,Guillaume LANGLOIS
0001,Agence Genas,CM 000 031,Ascenseur,Non,205 Rue du Château,DOLOMIEU,0070,DOMAINE DE DOLOMIEU,Guillaume LANGLOIS
0001,Agence Genas,CM 000 033,Monte Plats,Non,205 Rue du Château,DOLOMIEU,0070,DOMAINE DE DOLOMIEU,Guillaume LANGLOIS
0001,Agence Genas,CM 000 032,Monte-Charge,Non,205 Rue du Château,DOLOMIEU,0070,DOMAINE DE DOLOMIEU,Guillaume LANGLOIS
0001,Agence Genas,AF237362,Ascenseur,Non,630 Rue d'Allemagne,COLOMBIER SAUGNIEU,0027,DIRECTION GENERAL DE L'AVIATION CIVIL,Luc CHAROLLAIS
0001,Agence Genas,AF237363,Ascenseur,Non,630 Rue d'Allemagne,COLOMBIER SAUGNIEU,0027,DIRECTION GENERAL DE L'AVIATION CIVIL,Luc CHAROLLAIS
0001,Agence Genas,AF237370,Ascenseur,Non,101 Rue du Champ de Foire,Meximieux,0070,SDC L'ENDROIT,Guillaume LANGLOIS
0001,Agence Genas,AF237371,Ascenseur,Non,125 Rue du Champ de Foire,Meximieux,0070,SDC L'ENDROIT,Guillaume LANGLOIS
0001,Agence Genas,AF237374,Ascenseur,Non,11 Rue de l'ESPERANCE,LYON,0053,SDC CARRE ESPERANCE,Christopher WILTORD
0001,Agence Genas,AF237386,Ascenseur,Non,111 Rue Robert,LYON,0056,SDC 111 RUE ROBERT,Yaya DOUCOURE 
0001,Agence Genas,AF237416,Porte de garage,Non,50 /50 BIS / 52 Rue Severine,VILLEURBANNE,0021,VILLA SOI,Romain RICORDEAU 
0001,Agence Genas,AF237422,Barrière Levante,Non,42 Rue Laure Diebold,LYON,0021,ASL GREENOPOLIS,Romain RICORDEAU 
0001,Agence Genas,AF237424,Ascenseur,Non,47 Rue Antonin Perrin,VILLEURBANNE,0027,SDC VIA ANTONIN,Luc CHAROLLAIS
0001,Agence Genas,AF237426,Porte de garage,Non,9 B Rue Honoré de Balzac,VILLEURBANNE,0021,SDC VIA ANTONIN,Romain RICORDEAU 
0001,Agence Genas,AF237427,Ascenseur,Non,Allée 3 du Professeur A. Lacassagne,BEYNOST,0070,SDC Coeur Village,Guillaume LANGLOIS
0001,Agence Genas,AF237428,Ascenseur,Non,Allée 4 du Professeur A. Lacassagne,BEYNOST,0070,SDC Coeur Village,Guillaume LANGLOIS
0001,Agence Genas,AF237429,Ascenseur,Non,Allée 10 du Professeur A. Lacassagne,BEYNOST,0070,SDC Coeur Village,Guillaume LANGLOIS
0001,Agence Genas,AF247431,Portail,Non,29 rue des frères Lumières,CHASSIEU,0058,SOGETREL,Olivier VUILLAUME 
0001,Agence Genas,AF237443,Portail,Non,222 boulevard de Lacroix Laval,MARCY L ETOILE,0073,SNEF - Marché Orange Bron Fermeture,Yann GENIEIS
0001,Agence Genas,AF215061,Ascenseur,Non,13 quai Gailleton,LYON,0056,ORANGE SA,Yaya DOUCOURE 
0001,Agence Genas,AF237511,Portail,Oui,49 avenue Lacassagne,LYON,0021,SDC 49 Lacassagne,Romain RICORDEAU 
0001,Agence Genas,AF237515,Porte sectionnelle,Non,11 rue Jean Rony,ST MARCELLIN,0030,VILLE DE ST MARCELLIN ,Karim MOKNECHE
0001,Agence Genas,2002381,EPMR elevtr pr pers a mobilité reduite,Non,61 rue du Travail,PONT DE CHERUY,0070,LOMATY,Guillaume LANGLOIS
0001,Agence Genas,AF237561,Porte de garage,Non,212 rue de la Cure,VILLIEU LOYES MOLLON,0058,SDC La Cure,Olivier VUILLAUME 
0001,Agence Genas,AF237562,Ascenseur,Non,21 rue Arago,VILLEURBANNE,0027,SDC L'Estagel,Luc CHAROLLAIS
0001,Agence Genas,AF237563,Ascenseur,Non,23 rue Arago,VILLEURBANNE,0027,SDC L'Estagel,Luc CHAROLLAIS
0001,Agence Genas,AF237596,Porte piétonne,Non,12 RUE DU CREUZAT,L ISLE D ABEAU,0058,SNEF - Marché Orange Nord Isère Fermeture,Olivier VUILLAUME 
0001,Agence Genas,AF247616,Porte sectionnelle,Non,73-189 Route de Lentilly,CHESSY LES MINES,0073,GI HEKIPIA - SCI DE CHESSY,Yann GENIEIS
0001,Agence Genas,AF237633,Porte automatique,Non,18 rue Docteur Edmond Locard,LYON,0021,SNEF - CNFPT,Romain RICORDEAU 
0001,Agence Genas,AF237662,Ascenseur,Non,341A rue de la Piemente,LYON,0072,SDC Le Balmont,Nouredine BOUNAAS
0001,Agence Genas,AF237663,Ascenseur,Non,341B rue de la Piemente,LYON,0072,SDC Le Balmont,Nouredine BOUNAAS
0001,Agence Genas,AF237664,Ascenseur,Non,341C rue de la Piemente,LYON,0072,SDC Le Balmont,Nouredine BOUNAAS
0001,Agence Genas,AF237665,Ascenseur,Non,341D rue de la Piemente,LYON,0072,SDC Le Balmont,Nouredine BOUNAAS
0001,Agence Genas,AF237666,Ascenseur,Non,342A rue de la Piemente,LYON,0072,SDC Le Balmont,Nouredine BOUNAAS
0001,Agence Genas,AF237667,Ascenseur,Non,342B rue de la Piemente,LYON,0072,SDC Le Balmont,Nouredine BOUNAAS
0001,Agence Genas,AF237668,Ascenseur,Non,342C rue de la Piemente,LYON,0072,SDC Le Balmont,Nouredine BOUNAAS
0001,Agence Genas,AF237669,Ascenseur,Non,342D rue de la Piemente,LYON,0072,SDC Le Balmont,Nouredine BOUNAAS
0001,Agence Genas,AF237674,Ascenseur,Non,19 avenue Général Leclerc,TASSIN LA DEMI LUNE,0006,SDC Leclerc,Aurélien GUERIN
0001,Agence Genas,AF237675,Ascenseur,Non,19 bis avenue Général Leclerc,TASSIN LA DEMI LUNE,0006,SDC Leclerc,Aurélien GUERIN
0001,Agence Genas,AF237676,Ascenseur,Non,21 avenue Général Leclerc,TASSIN LA DEMI LUNE,0006,SDC Leclerc,Aurélien GUERIN
0001,Agence Genas,AF237677,Ascenseur,Non,21 avenue Général Leclerc,TASSIN LA DEMI LUNE,0006,SDC Leclerc,Aurélien GUERIN
0001,Agence Genas,AF237678,Ascenseur,Non,21 bis avenue Général Leclerc,TASSIN LA DEMI LUNE,0006,SDC Leclerc,Aurélien GUERIN
0001,Agence Genas,AF237679,Ascenseur,Non,21 ter avenue Général Leclerc,TASSIN LA DEMI LUNE,0006,SDC Leclerc,Aurélien GUERIN
0001,Agence Genas,AF237690,Ascenseur,Non,81 Grande rue de Saint Clair,CALUIRE ET CUIRE,0047,SDC Les Berges de Saint Clair,Nefis ALIOUCHE
0001,Agence Genas,AF237691,Ascenseur,Non,85 Grande rue de Saint Clair,CALUIRE ET CUIRE,0047,SDC Les Berges de Saint Clair,Nefis ALIOUCHE
0001,Agence Genas,AF247693,Ascenseur,Oui,1 rue Adolphe Max,LYON,0072,SDC 1 rue Adolphe Max,Nouredine BOUNAAS
0001,Agence Genas,2401699,EPMR elevtr pr pers a mobilité reduite,Non,16 rue des Guillandes,BRON,0071,LOMATY,Kenzy CHABBI
0001,Agence Genas,AF247700,Ascenseur,Non,13 rue Professeur Roux,VENISSIEUX,0065,SDC Moulin à Vent,Khalil BELLAL
0001,Agence Genas,AF247701,Ascenseur,Non,15 rue Professeur Roux,VENISSIEUX,0065,SDC Moulin à Vent,Khalil BELLAL
0001,Agence Genas,AF247702,Ascenseur,Non,17 rue Professeur Roux,VENISSIEUX,0065,SDC Moulin à Vent,Khalil BELLAL
0001,Agence Genas,AF247703,Ascenseur,Non,19 rue Professeur Roux,VENISSIEUX,0065,SDC Moulin à Vent,Khalil BELLAL
0001,Agence Genas,AF247704,Ascenseur,Non,25 rue Professeur Roux,VENISSIEUX,0065,SDC Moulin à Vent,Khalil BELLAL
0001,Agence Genas,AF247705,Ascenseur,Non,5 rue Pierre Brossolette,VENISSIEUX,0065,SDC Moulin à Vent,Khalil BELLAL
0001,Agence Genas,AF247706,Ascenseur,Non,7 rue Pierre Brossolette,VENISSIEUX,0065,SDC Moulin à Vent,Khalil BELLAL
0001,Agence Genas,AF247707,Ascenseur,Non,9 rue Pierre Brossolette,VENISSIEUX,0065,SDC Moulin à Vent,Khalil BELLAL
0001,Agence Genas,AF247708,Ascenseur,Non,11 rue Pierre Brossolette,VENISSIEUX,0065,SDC Moulin à Vent,Khalil BELLAL
0001,Agence Genas,AF247709,Ascenseur,Non,13 rue Pierre Brossolette,VENISSIEUX,0065,SDC Moulin à Vent,Khalil BELLAL
0001,Agence Genas,AF247710,Ascenseur,Non,30 av Francis de Pressensé,VENISSIEUX,0065,SDC Moulin à Vent,Khalil BELLAL
0001,Agence Genas,AF247711,Ascenseur,Non,30B Av Francis de Pressensé,VENISSIEUX,0065,SDC Moulin à Vent,Khalil BELLAL
0001,Agence Genas,AF247712,Portail,Non,72 avenue Jean Jaurès,ST PRIEST,0058,ASL Le Clos des Cèdres,Olivier VUILLAUME 
0001,Agence Genas,AF247715,Ascenseur,Non,23 Avenue Lionel TERRAY ,JONAGE,0070,RTE CAMPUS,Guillaume LANGLOIS
0001,Agence Genas,AF247716,Ascenseur,Non,23 Avenue Lionel TERRAY ,JONAGE,0070,RTE CAMPUS,Guillaume LANGLOIS
0001,Agence Genas,AF247717,Ascenseur,Non,23 Avenue Lionel TERRAY ,JONAGE,0070,RTE CAMPUS,Guillaume LANGLOIS
0001,Agence Genas,AF247718,Ascenseur,Non,23 Avenue Lionel TERRAY ,JONAGE,0070,RTE CAMPUS,Guillaume LANGLOIS
0001,Agence Genas,AF247719,Ascenseur,Non,23 Avenue Lionel TERRAY ,JONAGE,0070,RTE CAMPUS,Guillaume LANGLOIS
0001,Agence Genas,AF247720,Ascenseur,Non,23 Avenue Lionel TERRAY ,JONAGE,0070,RTE CAMPUS,Guillaume LANGLOIS
0001,Agence Genas,AF247721,Ascenseur,Non,23 Avenue Lionel TERRAY ,JONAGE,0070,RTE CAMPUS,Guillaume LANGLOIS
0001,Agence Genas,AF247722,Ascenseur,Non,23 Avenue Lionel TERRAY ,JONAGE,0070,RTE CAMPUS,Guillaume LANGLOIS
0001,Agence Genas,AF237726,Portail,Non,9 Rue Marat,DECINES CHARPIEU,0070,SDC LE CLOS FLEURI,Guillaume LANGLOIS
0001,Agence Genas,AF247757,Ascenseur,Non,87 Grande rue de Saint Clair,CALUIRE ET CUIRE,0047,SDC Les Berges de Saint Clair,Nefis ALIOUCHE
0001,Agence Genas,AF247773,Ascenseur,Non,27 rue Vaubecour,LYON,0056,SCI SARAH LION,Yaya DOUCOURE 
0001,Agence Genas,AF247774,Ascenseur,Non,207 Avenue Barthélémy Buyer,LYON,0072,SDC LE BELLEMAIN,Nouredine BOUNAAS
0001,Agence Genas,AF247775,Ascenseur,Non,209 Avenue Barthélémy Buyer,LYON,0072,SDC LE BELLEMAIN,Nouredine BOUNAAS
0001,Agence Genas,AF247776,Ascenseur,Non,211 Avenue Barthélémy Buyer,LYON,0072,SDC LE BELLEMAIN,Nouredine BOUNAAS
0001,Agence Genas,AF247777,Ascenseur,Non,6 Place Benoît Crepu,LYON,0072,LYON PARC AUTO (maitre d'ouvrage),Nouredine BOUNAAS
0001,Agence Genas,AF247778,Ascenseur,Non,6 Place Benoît Crepu,LYON,0072,LYON PARC AUTO (maitre d'ouvrage),Nouredine BOUNAAS
0001,Agence Genas,AF247779,Ascenseur,Non,6 Place Benoît Crepu,LYON,0072,LYON PARC AUTO (maitre d'ouvrage),Nouredine BOUNAAS
0001,Agence Genas,AF247780,Ascenseur,Non,6 Place Benoît Crepu,LYON,0072,LYON PARC AUTO (maitre d'ouvrage),Nouredine BOUNAAS
0001,Agence Genas,AF247788,Ascenseur,Non,8 RUE ARMAND MENZIKIAN,VAULX EN VELIN,0047,AMARANTE,Nefis ALIOUCHE
0001,Agence Genas,AF247789,Ascenseur,Non,8 RUE ARMAND MENZIKIAN,VAULX EN VELIN,0047,AMARANTE,Nefis ALIOUCHE
0001,Agence Genas,AF247790,Ascenseur,Non,48 chemin Beckensteiner ,CHARBONNIERES LES BAINS,0006,Le Sélect,Aurélien GUERIN
0001,Agence Genas,AF2407791,Ascenseur,Non,154 COURS ALBERT THOMAS,LYON,0053,SDC 154/156/158 cours Albert Thomas,Christopher WILTORD
0001,Agence Genas,AF2407792,Ascenseur,Non,156 COURS ALBERT THOMAS,LYON,0053,SDC 154/156/158 cours Albert Thomas,Christopher WILTORD
0001,Agence Genas,AF2407793,Ascenseur,Non,158 COURS ALBERT THOMAS,LYON,0053,SDC 154/156/158 cours Albert Thomas,Christopher WILTORD
0001,Agence Genas,CM 000 060,EPMR elevtr pr pers a mobilité reduite,Non,134 RUE JEAN VIVIER MERLE ,VINDRY SUR TURDINE,0006,LOTISSEMENT LA MADONE,Aurélien GUERIN
0001,Agence Genas,AF247797,Ascenseur,Non,RUE LUDOVIC BONIN-ALLEE 10,VENISSIEUX,0065,SDC MOULIN A VENT,Khalil BELLAL
0001,Agence Genas,AF247798,Ascenseur,Non,RUE LUDOVIC BONIN- ALLEE 12,VENISSIEUX,0065,SDC MOULIN A VENT,Khalil BELLAL
0001,Agence Genas,AF247799,Monte-Charge,Non,RUE LUDOVIC BONIN- ALLEE 12,VENISSIEUX,0065,SDC MOULIN A VENT,Khalil BELLAL
0001,Agence Genas,AF247800,Ascenseur,Non,RUE LUDOVIC BONIN -ALLEE 14,VENISSIEUX,0065,SDC MOULIN A VENT,Khalil BELLAL
0001,Agence Genas,34441975,Ascenseur,Non,29 RUE BONNEL ,LYON,0053,WeMaintain,Christopher WILTORD
0001,Agence Genas,52859622,Ascenseur,Non,29 RUE BONNEL ,LYON,0053,WeMaintain,Christopher WILTORD
0001,Agence Genas,AF225898,Ascenseur,Non,315 route de Savigny,SAIN BEL,0006,LES TERRASSES DE CHAURAN,Aurélien GUERIN
0001,Agence Genas,AF2407836,Portail,Non,57 avenue Viviani,LYON,0021,SDC LES AMANDIERS,Romain RICORDEAU 
0001,Agence Genas,AF2407841,Porte sectionnelle,Non,463 RUE DE LA STEIDA,AOSTE,0062,RTE GMR LYONNAIS,Olivier VUILLAUME 
0001,Agence Genas,AF2407842,Portail,Non,105 Chemin de molières ,LENTILLY,0073,RTE GMR LYONNAIS,Yann GENIEIS
0001,Agence Genas,AF2407843,Porte sectionnelle,Non,10 RUE ROQUETTE,LYON,0021,RTE GMR LYONNAIS,Romain RICORDEAU 
0001,Agence Genas,AF2407844,Rideau,Non,10 RUE ROQUETTE,LYON,0021,RTE GMR LYONNAIS,Romain RICORDEAU 
0001,Agence Genas,AF2407846,Portail,Non,471 Rue de la Pré Mayeux,LA BOISSE,0058,RTE GMR LYONNAIS,Olivier VUILLAUME 
0001,Agence Genas,AF2407847,Portail,Non,2 Avenue du docteur Scheitzer,MEYZIEU,0021,RTE GMR LYONNAIS,Romain RICORDEAU 
0001,Agence Genas,AF2407848,Porte sectionnelle,Non,RUE DE LA RONTA,SATOLACE ET BONCE,0058,RTE GMR LYONNAIS,Olivier VUILLAUME 
0001,Agence Genas,AF2407849,Portail,Non,RUE DE LA RONTA,SATOLACE ET BONCE,0058,RTE GMR LYONNAIS,Olivier VUILLAUME 
0001,Agence Genas,AF2407850,Portail,Non,RUE DE LA RONTA,SATOLACE ET BONCE,0058,RTE GMR LYONNAIS,Olivier VUILLAUME 
0001,Agence Genas,AF2407851,Portail,Non,ROUTE D'HEYRIEUX ,MIONS,0058,RTE GMR LYONNAIS,Olivier VUILLAUME 
0001,Agence Genas,AF2407852,Portail,Non,ROUTE D'HEYRIEUX ,MIONS,0058,RTE GMR LYONNAIS,Olivier VUILLAUME 
0001,Agence Genas,AF2407853,Portail,Non,85 RUE DE SURVILLE,LYON,0021,RTE GMR LYONNAIS,Romain RICORDEAU 
0001,Agence Genas,AF2407854,Rideau,Non,18 RUE DE SAINT AMOUR,LYON,0021,RTE GMR LYONNAIS,Romain RICORDEAU 
0001,Agence Genas,AF2407855,Portail,Non,Boulevard de parilly,VENISSIEUX,0058,RTE GMR LYONNAIS,Olivier VUILLAUME 
0001,Agence Genas,AF2407856,Rideau,Non,Boulevard de parilly,VENISSIEUX,0058,RTE GMR LYONNAIS,Olivier VUILLAUME 
0001,Agence Genas,AF2407857,Rideau,Non,Boulevard de parilly,VENISSIEUX,0058,RTE GMR LYONNAIS,Olivier VUILLAUME 
0001,Agence Genas,AF2407858,Rideau,Non,Boulevard de parilly,VENISSIEUX,0058,RTE GMR LYONNAIS,Olivier VUILLAUME 
0001,Agence Genas,HC247863,Porte automatique,Non,11 Chemin du vinatier,BRON,0057,JOINT TECHNIQUE LYONNAIS,Anouar BEN MESSAOUD
0001,Agence Genas,AF247867,Ascenseur,Oui,61 RUE FELIX BRUN,LYON,0045,PAVILLON BRUN,Mohamed BESSAFI
0001,Agence Genas,AF2407870,Portail,Oui,71/73 CHEMIN DU GRAND ROULE,LA MULATIERE,0021,SDC LE SQUARE DU GRAND ROULE,Romain RICORDEAU 
0001,Agence Genas,AF247871,Ascenseur,Non,9 RUE FRANCOIS MERMET,TASSIN LA DEMI LUNE,0006,SDC LE SELEN,Aurélien GUERIN
0001,Agence Genas,AF2407872,Portail,Non,135 Rue André Citroen,GENAS,0021,AIR LIQUID,Romain RICORDEAU 
0001,Agence Genas,AF2407875,Ascenseur,Non,110 rue de la République,LE PEAGE DE ROUSSILLON,0070,BANQUE POPULAIRE,Guillaume LANGLOIS
0001,Agence Genas,AF2407879,Elévateur,Non,88 ave Edouard Millaud,CRAPONNE,0006,BANQUE POPULAIRE,Aurélien GUERIN
0001,Agence Genas,AF2407887,Ascenseur,Non,11 COURS SUCHET,LYON,0056,SITE SNCF,Yaya DOUCOURE 
0001,Agence Genas,AF2407888,Ascenseur,Non,2 PLACE DE PARIS,LYON,0072,SITE SNCF,Nouredine BOUNAAS
0001,Agence Genas,AF2407889,Ascenseur,Non,64 RUE DE LA CROIX BARRET,LYON,0045,SITE SNCF,Mohamed BESSAFI
0001,Agence Genas,AF247890,Portail,Non,73-189 Route de Lentilly,CHESSY LES MINES,0073,GI HEKIPIA - SCI DE CHESSY,Yann GENIEIS
0001,Agence Genas,AF2407891,Ascenseur,Non,15 BIS RUE DE FONTENILLE,ROANNE,0006,SDC CAP ETUDES FONTENILLE,Aurélien GUERIN
0001,Agence Genas,AF247893,Portail,Non,130 Impasse de Cyprès,Saint Vulbas ,0058,Centre de formation,Olivier VUILLAUME 
0001,Agence Genas,AF247894,Ascenseur,Non,46 RUE JULIEN,LYON,0053,SDC 7 A MONTCHAT,Christopher WILTORD
0001,Agence Genas,AF247895,Ascenseur,Non,28-30 RUE LANCON,VILLEURBANNE,0027,SDC LES COUREES DE LANCON,Luc CHAROLLAIS
0001,Agence Genas,AF247897,Porte de garage,Non,33/43 RUE LOUIS GUERIN-RUE GEORGES MELIES,VILLEURBANNE,0021,SDC MELIES,Romain RICORDEAU 
0001,Agence Genas,AF247898,Porte de garage,Non,33/43 RUE LOUIS GUERIN-RUE GEORGES MELIES,VILLEURBANNE,0021,SDC MELIES,Romain RICORDEAU 
0001,Agence Genas,AF247900,Porte piétonne,Non,5 RUE JEAN CARMET,ST PRIEST,0058,GSE CECOLYON,Olivier VUILLAUME 
0001,Agence Genas,AF247901,Portail,Non,5 RUE JEAN CARMET,ST PRIEST,0058,GSE CECOLYON,Olivier VUILLAUME 
0001,Agence Genas,66378380 ,Ascenseur,Non,2 RUE MAURICE MOISSONNIER,VAULX EN VELIN,0047,WeMaintain,Nefis ALIOUCHE
0001,Agence Genas,56635467,Ascenseur,Non,2 RUE MAURICE MOISSONNIER,VAULX EN VELIN,0047,WeMaintain,Nefis ALIOUCHE
0001,Agence Genas,67511982,Ascenseur,Non,2 RUE MAURICE MOISSONNIER,VAULX EN VELIN,0047,WeMaintain,Nefis ALIOUCHE
0001,Agence Genas,3809656,Ascenseur,Non,2 RUE MAURICE MOISSONNIER,VAULX EN VELIN,0047,WeMaintain,Nefis ALIOUCHE
0001,Agence Genas,AF247910,Monte-Charge,Non,3 ROUTE DE LYON,GENAS,0070,RESTAURANT L'ESCALE,Guillaume LANGLOIS
0001,Agence Genas,AF247914,Ascenseur,Non,25 RUE HENRI DREVON,MEYZIEU,0070,SDC ESPRIT NATURE,Guillaume LANGLOIS
0001,Agence Genas,AF247915,Ascenseur,Non,27 RUE HENRI DREVON,MEYZIEU,0070,SDC ESPRIT NATURE,Guillaume LANGLOIS
0001,Agence Genas,AF247922,Ascenseur,Non,47 Avenue Esquirol,LYON,0053,SDC LE MONTAIGNE,Christopher WILTORD
0001,Agence Genas,AF247923,Ascenseur,Non,109 rue de Montagny,LYON,0053,SDC Le Saint Vincent,Christopher WILTORD
0001,Agence Genas,AF247924,Ascenseur,Non,111 rue de Montagny,LYON,0053,SDC Le Saint Vincent,Christopher WILTORD
0001,Agence Genas,AF247925,Ascenseur,Non,113 rue de Montagny,LYON,0053,SDC Le Saint Vincent,Christopher WILTORD
0001,Agence Genas,AF247926,Ascenseur,Non,115 rue de Montagny,LYON,0053,SDC Le Saint Vincent,Christopher WILTORD
0001,Agence Genas,AF247927,Ascenseur,Non,117 rue de Montagny,LYON,0053,SDC Le Saint Vincent,Christopher WILTORD
0001,Agence Genas,AF247928,Ascenseur,Non,184 route de Vienne,LYON,0053,SDC Le Saint Vincent,Christopher WILTORD
0001,Agence Genas,AF247929,Ascenseur,Non,186 route de Vienne,LYON,0053,SDC Le Saint Vincent,Christopher WILTORD
0001,Agence Genas,AF247930,Ascenseur,Non,188 route de Vienne,LYON,0053,SDC Le Saint Vincent,Christopher WILTORD
0001,Agence Genas,AF247947,Portail,Non,4 BIS LIONNEL TERRAY,MEYZIEU,0021,ACI RENAULT ,Romain RICORDEAU 
0001,Agence Genas,AF247948,Ascenseur,Non,36 Route de Lyon,BOURGOIN JALLIEU,0070,LE PARC DES SAPINS,Guillaume LANGLOIS
0001,Agence Genas,AF247949,Ascenseur,Non,36 Route de Lyon,BOURGOIN JALLIEU,0070,LE PARC DES SAPINS,Guillaume LANGLOIS
0001,Agence Genas,AF247950,Barrière Levante,Non,4 BIS AVENUE LIONNEL TERRAY,MEYZIEU,0021,ACI RENAULT ,Romain RICORDEAU 
0001,Agence Genas,AF247951,Barrière Levante,Non,4 BIS AVENUE LIONNEL TERRAY,MEYZIEU,0021,ACI RENAULT ,Romain RICORDEAU 
0001,Agence Genas,AF247952,Portail,Non,4 BIS AVENUE LIONNEL TERRAY,MEYZIEU,0021,ACI RENAULT ,Romain RICORDEAU 
0001,Agence Genas,AF247953,Portail,Non,4 BIS AVENUE LIONNEL TERRAY,MEYZIEU,0021,ACI RENAULT ,Romain RICORDEAU 
0001,Agence Genas,AF247954,Portail,Non,4 BIS AVENUE LIONNEL TERRAY,MEYZIEU,0021,ACI RENAULT ,Romain RICORDEAU 
0001,Agence Genas,AF247956,Portail,Oui,36 Route de Lyon,BOURGOIN JALLIEU,0058,LE PARC DES SAPINS,Olivier VUILLAUME 
0001,Agence Genas,AF247957,Porte automatique,Non,36 Route de Lyon,BOURGOIN JALLIEU,0070,LE PARC DES SAPINS,Guillaume LANGLOIS
0001,Agence Genas,2403699,EPMR elevtr pr pers a mobilité reduite,Non,42 route de paris ,CHARBONNIERES LES BAINS,0006,LOMATY,Aurélien GUERIN
0001,Agence Genas,AF247969,Portail,Non,13 Rue Jules Ferry,GRIGNY,0073,SDC LE CLOS DE GRIGNY,Yann GENIEIS
0001,Agence Genas,AF247976,Elévateur,Non,554 Chemin du Vallier,VAUGNERAY,0006,M. PERRET Mme SCHOELER ,Aurélien GUERIN
0001,Agence Genas,AF247979,Ascenseur,Non,14 rue des Deux Frères,VILLEURBANNE,0027,SDC 14 rue des Deux Frères,Luc CHAROLLAIS
0001,Agence Genas,AF247999,Ascenseur,Non,48 chemin Beckensteiner ,CHARBONNIERES LES BAINS,0006,Le Sélect,Aurélien GUERIN
0001,Agence Genas,AF248001,Ascenseur,Non,11 RUE MARTIN BASSE,CALUIRE ET CUIRE,0047,LE BLEU DES CEDRES,Nefis ALIOUCHE
0001,Agence Genas,AF248002,Ascenseur,Non,13 RUE MARTIN BASSE,CALUIRE ET CUIRE,0047,LE BLEU DES CEDRES,Nefis ALIOUCHE
0001,Agence Genas,AF248004,Ascenseur,Non,22 RUE VENDOME,LYON,0056,VENDOME 22,Yaya DOUCOURE 
0001,Agence Genas,AF248067,Ascenseur,Non,41 rue Colin,VILLEURBANNE,0027,SNEF - France Travail RHONE,Luc CHAROLLAIS
0001,Agence Genas,AF248068,Ascenseur,Non,26 rue du Général Mouton Duvernet,Lyon,0053,SNEF - France Travail RHONE,Christopher WILTORD
0001,Agence Genas,AF248069,Ascenseur,Non,12-17 Boulevard Voltaire,TARARE,0006,SNEF - France Travail RHONE,Aurélien GUERIN
0001,Agence Genas,AF248070,Ascenseur,Non,41 rue Colin,VILLEURBANNE,0027,SNEF - France Travail RHONE,Luc CHAROLLAIS
0001,Agence Genas,AF248071,Ascenseur,Non,1 bis Avenue Salvador Allende,VAULX EN VELIN,0047,SNEF - France Travail RHONE,Nefis ALIOUCHE
0001,Agence Genas,AF248072,Ascenseur,Non,100 rue Aristide Briand,ST PRIEST,0065,SNEF - France Travail RHONE,Khalil BELLAL
0001,Agence Genas,AF248073,Ascenseur,Non,61 rue dussurgey,SAINT FONS,0065,SNEF - France Travail RHONE,Khalil BELLAL
0001,Agence Genas,AF248074,Ascenseur,Non,18 Grande Rue,OULLINS,0071,SNEF - France Travail RHONE,Kenzy CHABBI
0001,Agence Genas,AF248075,Ascenseur,Non,3-7 rue Abraham Bloch,Lyon,0045,SNEF - France Travail RHONE,Mohamed BESSAFI
0001,Agence Genas,AF248077,Rideau métallique,Non,18 rue Jacques Prévert,GIVORS,0073,SNEF - France Travail RHONE,Yann GENIEIS
0001,Agence Genas,AF248078,Rideau métallique,Non,41 rue Colin,Villeurbanne,0021,SNEF - France Travail RHONE,Romain RICORDEAU 
0001,Agence Genas,AF248079,Rideau métallique,Non,"27, avenue de la République",VENISSIEUX,0073,SNEF - France Travail RHONE,Yann GENIEIS
0001,Agence Genas,AF248080,Rideau métallique,Non,"27, avenue de la République",VENISSIEUX,0073,SNEF - France Travail RHONE,Yann GENIEIS
0001,Agence Genas,AF248081,Rideau métallique,Non,1 bis Avenue Salvador Allende,VAULX EN VELIN,0021,SNEF - France Travail RHONE,Romain RICORDEAU 
0001,Agence Genas,AF248082,Rideau métallique,Non,3 av du général Brosset,TASSIN LA DEMI LUNE,0073,SNEF - France Travail RHONE,Yann GENIEIS
0001,Agence Genas,AF248084,Rideau métallique,Non,100 rue Aristide Briand,SAINT PRIEST,0058,SNEF - France Travail RHONE,Olivier VUILLAUME 
0001,Agence Genas,AF248085,Rideau métallique,Non,61 rue dussurgey,SAINT FONS,0073,SNEF - France Travail RHONE,Yann GENIEIS
0001,Agence Genas,AF248086,Rideau métallique,Non,109 rue des Mercières,RILLIEUX LA PAPE,0021,SNEF - France Travail RHONE,Romain RICORDEAU 
0001,Agence Genas,AF248087,Rideau métallique,Non,18 Grande Rue,OULLINS,0073,SNEF - France Travail RHONE,Yann GENIEIS
0001,Agence Genas,AF248088,Rideau métallique,Non,3-7 rue Abraham Bloch,Lyon,0021,SNEF - France Travail RHONE,Romain RICORDEAU 
0001,Agence Genas,AF248089,Rideau métallique,Non,29 Rue Joannès Masset ,Lyon,0021,SNEF - France Travail RHONE,Romain RICORDEAU 
0001,Agence Genas,AF248090,Rideau métallique,Non,29 Rue Joannès Masset ,Lyon,0021,SNEF - France Travail RHONE,Romain RICORDEAU 
0001,Agence Genas,AF248091,Rideau métallique,Non,3 Avenue du 8 Mai 1945,BRON,0021,SNEF - France Travail RHONE,Romain RICORDEAU 
0001,Agence Genas,AF248092,Porte automatique,Non,3 Avenue du 8 Mai 1945,BRON,0021,SNEF - France Travail RHONE,Romain RICORDEAU 
0001,Agence Genas,AF248093,Porte automatique,Non,41 rue Colin,Villeurbanne,0021,SNEF - France Travail RHONE,Romain RICORDEAU 
0001,Agence Genas,AF248094,Porte automatique,Oui,41 rue Colin,Villeurbanne,0021,SNEF - France Travail RHONE,Romain RICORDEAU 
0001,Agence Genas,AF248095,Porte automatique,Non,41 rue Colin,Villeurbanne,0021,SNEF - France Travail RHONE,Romain RICORDEAU 
0001,Agence Genas,AF248096,Porte automatique,Non,41 rue Colin,Villeurbanne,0021,SNEF - France Travail RHONE,Romain RICORDEAU 
0001,Agence Genas,AF248097,Porte piétonne,Non,41 rue Colin,Villeurbanne,0021,SNEF - France Travail RHONE,Romain RICORDEAU 
0001,Agence Genas,AF248098,Porte piétonne,Non,41 rue Colin,Villeurbanne,0021,SNEF - France Travail RHONE,Romain RICORDEAU 
0001,Agence Genas,AF248099,Porte piétonne,Non,41 rue Colin,Villeurbanne,0021,SNEF - France Travail RHONE,Romain RICORDEAU 
0001,Agence Genas,AF248100,Porte piétonne,Non,41 rue Colin,Villeurbanne,0021,SNEF - France Travail RHONE,Romain RICORDEAU 
0001,Agence Genas,AF248101,Porte piétonne,Non,41 rue Colin,Villeurbanne,0021,SNEF - France Travail RHONE,Romain RICORDEAU 
0001,Agence Genas,AF248102,Porte piétonne,Non,41 rue Colin,Villeurbanne,0021,SNEF - France Travail RHONE,Romain RICORDEAU 
0001,Agence Genas,AF248103,Porte piétonne,Non,41 rue Colin,Villeurbanne,0021,SNEF - France Travail RHONE,Romain RICORDEAU 
0001,Agence Genas,AF248104,Porte piétonne,Non,41 rue Colin,Villeurbanne,0021,SNEF - France Travail RHONE,Romain RICORDEAU 
0001,Agence Genas,AF248105,Porte piétonne,Non,41 rue Colin,Villeurbanne,0021,SNEF - France Travail RHONE,Romain RICORDEAU 
0001,Agence Genas,AF248106,Porte piétonne,Oui,"27, avenue de la République",VENISSIEUX,0073,SNEF - France Travail RHONE,Yann GENIEIS
0001,Agence Genas,AF248107,Porte automatique,Non,1 bis Avenue Salvador Allende,VAULX EN VELIN,0021,SNEF - France Travail RHONE,Romain RICORDEAU 
0001,Agence Genas,AF248108,Porte automatique,Non,1 bis Avenue Salvador Allende,VAULX EN VELIN,0021,SNEF - France Travail RHONE,Romain RICORDEAU 
0001,Agence Genas,AF248109,Porte piétonne,Non,3 av du général Brosset,TASSIN LA DEMI LUNE,0073,SNEF - France Travail RHONE,Yann GENIEIS
0001,Agence Genas,AF248110,Porte piétonne,Non,3 av du général Brosset,TASSIN LA DEMI LUNE,0073,SNEF - France Travail RHONE,Yann GENIEIS
0001,Agence Genas,AF248111,Portail,Non,Rue des Acacias,SAIN BEL,0073,SNEF - France Travail RHONE,Yann GENIEIS
0001,Agence Genas,AF248112,Porte piétonne,Non,Rue des Acacias,SAIN BEL,0073,SNEF - France Travail RHONE,Yann GENIEIS
0001,Agence Genas,AF248113,Porte piétonne,Non,Rue des Acacias,SAIN BEL,0073,SNEF - France Travail RHONE,Yann GENIEIS
0001,Agence Genas,AF248114,Porte automatique,Non,100 rue Aristide Briand,SAINT PRIEST,0058,SNEF - France Travail RHONE,Olivier VUILLAUME 
0001,Agence Genas,AF248115,Porte basculante,Non,100 rue Aristide Briand,SAINT PRIEST,0058,SNEF - France Travail RHONE,Olivier VUILLAUME 
0001,Agence Genas,AF248116,Portail,Non,61 rue dussurgey,SAINT FONS,0073,SNEF - France Travail RHONE,Yann GENIEIS
0001,Agence Genas,AF248117,Porte piétonne,Non,61 rue dussurgey,SAINT FONS,0073,SNEF - France Travail RHONE,Yann GENIEIS
0001,Agence Genas,AF248118,Porte piétonne,Non,61 rue dussurgey,SAINT FONS,0073,SNEF - France Travail RHONE,Yann GENIEIS
0001,Agence Genas,AF248119,Porte piétonne,Non,109 rue des Mercières,RILLIEUX LA PAPE,0021,SNEF - France Travail RHONE,Romain RICORDEAU 
0001,Agence Genas,AF248120,Portail,Non,18 Grande Rue,OULLINS,0073,SNEF - France Travail RHONE,Yann GENIEIS
0001,Agence Genas,AF248121,Porte automatique,Non,68 Cours Albert Thomas,LYON,0021,SNEF - France Travail RHONE,Romain RICORDEAU 
0001,Agence Genas,AF248122,Porte automatique,Non,68 Cours Albert Thomas,LYON,0021,SNEF - France Travail RHONE,Romain RICORDEAU 
0001,Agence Genas,AF248123,Porte automatique,Non,49 rue de Cuire,LYON,0021,SNEF - France Travail RHONE,Romain RICORDEAU 
0001,Agence Genas,AF248124,Porte automatique,Non,29 Rue Joannès Masset ,Lyon,0021,SNEF - France Travail RHONE,Romain RICORDEAU 
0001,Agence Genas,AF248125,Porte automatique,Non,29 Rue Joannès Masset ,Lyon,0021,SNEF - France Travail RHONE,Romain RICORDEAU 
0001,Agence Genas,AF248126,Porte automatique,Non,18 rue Jacques Prévert,GIVORS,0073,SNEF - France Travail RHONE,Yann GENIEIS
0001,Agence Genas,AF248127,Barrière Levante,Non,41 rue Colin,Villeurbanne,0021,SNEF - France Travail RHONE,Romain RICORDEAU 
0001,Agence Genas,AF248128,Barrière Levante,Non,Rue des Acacias,SAIN BEL,0073,SNEF - France Travail RHONE,Yann GENIEIS
0001,Agence Genas,AF248129,Barrière Levante,Non,61 rue dussurgey,SAINT FONS,0073,SNEF - France Travail RHONE,Yann GENIEIS
0001,Agence Genas,AF248130,Barrière Levante,Non,29 Rue Joannès Masset ,Lyon,0021,SNEF - France Travail RHONE,Romain RICORDEAU 
0001,Agence Genas,AF248149,Rideau métallique,Non,39 Boulevard Gambetta,LA TOUR DU PIN,0058,SNEF - France Travail RHONE,Olivier VUILLAUME 
0001,Agence Genas,AF248160,Porte automatique,Non,Rue des Ecassaz,BELLEY,0058,SNEF - France Travail CHAMBERY,Olivier VUILLAUME 
0001,Agence Genas,AF248176,Ascenseur,Non,650 rue des Valets,MONTLUEL,0070,SNEF - France Travail RHONE,Guillaume LANGLOIS
0001,Agence Genas,AF248177,Ascenseur,Non,15 rue Vaucanson,TIGNIEU,0070,SNEF - France Travail RHONE,Guillaume LANGLOIS
0001,Agence Genas,AF248178,Ascenseur,Non,39 boulevard Gambetta,LA TOUR DU PIN,0070,SNEF - France Travail RHONE,Guillaume LANGLOIS
0001,Agence Genas,AF248180,Rideau métallique,Non,650 rue des Valets,MONTLUEL,0058,SNEF - France Travail RHONE,Olivier VUILLAUME 
0001,Agence Genas,AF248181,Rideau métallique,Non,315 Rue Serge Mauroit,VILLEFONTAINE,0021,SNEF - France Travail RHONE,Romain RICORDEAU 
0001,Agence Genas,AF248182,Rideau métallique,Non,15 rue Vaucanson,TIGNIEU,0058,SNEF - France Travail RHONE,Olivier VUILLAUME 
0001,Agence Genas,AF248183,Rideau métallique,Non,Rue Claude Chappe,BOURGOIN JALLEU,0058,SNEF - France Travail RHONE,Olivier VUILLAUME 
0001,Agence Genas,AF248186,Portail,Non,650 rue des Valets,MONTLUEL,0058,SNEF - France Travail RHONE,Olivier VUILLAUME 
0001,Agence Genas,AF248187,Porte automatique,Non,650 rue des Valets,MONTLUEL,0058,SNEF - France Travail RHONE,Olivier VUILLAUME 
0001,Agence Genas,AF248190,Portail,Non,650 rue des Valets,MONTLUEL,0058,SNEF - France Travail RHONE,Olivier VUILLAUME 
0001,Agence Genas,AF248191,Porte automatique,Non,650 rue des Valets,MONTLUEL,0058,SNEF - France Travail RHONE,Olivier VUILLAUME 
0001,Agence Genas,AF248192,Porte piétonne,Non,Rue Claude Chappe,BOURGOIN JALLEU,0058,SNEF - France Travail RHONE,Olivier VUILLAUME 
0001,Agence Genas,AF248193,Porte piétonne,Non,Rue Claude Chappe,BOURGOIN JALLEU,0058,SNEF - France Travail RHONE,Olivier VUILLAUME 
0001,Agence Genas,AF248194,Porte coulissante,Non,315 Rue Serge Mauroit,VILLEFONTAINE,0021,SNEF - France Travail RHONE,Romain RICORDEAU 
0001,Agence Genas,AF248195,Porte coulissante,Non,315 Rue Serge Mauroit,VILLEFONTAINE,0021,SNEF - France Travail RHONE,Romain RICORDEAU 
0001,Agence Genas,AF248196,Porte piétonne,Non,30 Avenue du Général Leclerc - Bat New Orléans,VIENNE,0073,SNEF - France Travail RHONE,Yann GENIEIS
0001,Agence Genas,AF248197,Porte piétonne,Non,30 Avenue du Général Leclerc - Bat New Orléans,VIENNE,0073,SNEF - France Travail RHONE,Yann GENIEIS
0001,Agence Genas,AF248198,Portail,Non,15 rue Vaucanson,TIGNIEU,0058,SNEF - France Travail RHONE,Olivier VUILLAUME 
0001,Agence Genas,AF248201,Ascenseur,Non,35 AVENUE DU DOCTEUR GEORGES LEVY -bâtiment 35,VENISSIEUX,0065,SPIE FACILITIES,Khalil BELLAL
0001,Agence Genas,AF248209,Ascenseur,Non,131 RUE LOUIS BECKER,VILLEURBANNE,0027,SDC 131 RUE Louis BECKER,Luc CHAROLLAIS
0001,Agence Genas,AF248210,Porte automatique,Non,18 rue Jacques Prévert,GIVORS,0073,SNEF - France Travail RHONE,Yann GENIEIS
0001,Agence Genas,AF248211,Portail,Non,Rue des mouettes,AMBERIEU EN BUGEY,0058,SNEF - France Travail RHONE,Olivier VUILLAUME 
0001,Agence Genas,AF248212,Porte automatique,Non,Rue des mouettes,AMBERIEU EN BUGEY,0058,SNEF - France Travail RHONE,Olivier VUILLAUME 
0001,Agence Genas,AF248213,Porte automatique,Non,Rue des mouettes,AMBERIEU EN BUGEY,0058,SNEF - France Travail RHONE,Olivier VUILLAUME 
0001,Agence Genas,AF248214,Ascenseur,Non,Rue des mouettes,AMBERIEU EN BUGEY,0070,SNEF - France Travail RHONE,Guillaume LANGLOIS
0001,Agence Genas,AF248215,Barrière Levante,Non,53 av Carnot,NEUVILLE SUR SOANE,0021,SNEF - France Travail RHONE,Romain RICORDEAU 
0001,Agence Genas,AF248216,Porte automatique,Non,53 av Carnot,NEUVILLE SUR SOANE,0021,SNEF - France Travail RHONE,Romain RICORDEAU 
0001,Agence Genas,AF248217,Porte automatique,Non,53 av Carnot,NEUVILLE SUR SOANE,0021,SNEF - France Travail RHONE,Romain RICORDEAU 
0001,Agence Genas,AF248229,Ascenseur,Non,29 rue Mathieu Misery,TASSIN LA DEMI LUNE,0006,Le Domaine,Aurélien GUERIN
0001,Agence Genas,AF248230,Ascenseur,Non,31 rue Mathieu Misery,TASSIN LA DEMI LUNE,0006,Le Domaine,Aurélien GUERIN
0001,Agence Genas,AF248231,Ascenseur,Non,33 rue Mathieu Misery,TASSIN LA DEMI LUNE,0006,Le Domaine,Aurélien GUERIN
0001,Agence Genas,AF248232,Ascenseur,Non,33 bis rue Mathieu Misery,TASSIN LA DEMI LUNE,0006,Le Domaine,Aurélien GUERIN
0001,Agence Genas,AF248236,Porte automatique,Oui,26 rue du Général Mouton Duvernet,Lyon,0021,SNEF - France Travail RHONE,Romain RICORDEAU 
0001,Agence Genas,AF248238,Porte sectionnelle,Non,51 Rue Dauphiné,ST PRIEST,0058,HORIZON ROIRET SERVICES,Olivier VUILLAUME 
0001,Agence Genas,AF248239,Porte sectionnelle,Non,51 Rue Dauphiné,ST PRIEST,0058,HORIZON ROIRET SERVICES,Olivier VUILLAUME 
0001,Agence Genas,AF248240,Portail,Non,51 Rue Dauphiné,ST PRIEST,0058,HORIZON ROIRET SERVICES,Olivier VUILLAUME 
0001,Agence Genas,AF248241,Portail,Non,51 Rue Dauphiné,ST PRIEST,0058,HORIZON ROIRET SERVICES,Olivier VUILLAUME 
0001,Agence Genas,AF248242,Ascenseur,Non,51 Rue Dauphiné,ST PRIEST,0065,HORIZON ROIRET SERVICES,Khalil BELLAL
0001,Agence Genas,AF248243,Ascenseur,Non,21 rue Pierre Baratin ,VILLEURBANNE,0027,21 rue Pierre Baratin ,Luc CHAROLLAIS
0001,Agence Genas,AF248244,Ascenseur,Non,SDC 17 rue Saint Cloud,LYON,0045,SDC 17 rue Saint Cloud,Mohamed BESSAFI
0001,Agence Genas,AF248255,Ascenseur,Non,57 AVENUE PAUL SANTY,LYON,0045,SDC LES FLORIANES DU CLOS VERGER,Mohamed BESSAFI
0001,Agence Genas,AF248268,Portail,Non,887 Chemin Pierre Drevet ,CALUIRE ET CUIRE,0021,887 chemin pierre Drevet ,Romain RICORDEAU 
0001,Agence Genas,AF248270,Ascenseur,Non,9 RUE IRENE JOLIOT CURIE,ST PRIEST,0065,EUROPARK LAKEPARC,Khalil BELLAL
0001,Agence Genas,AF248271,Ascenseur,Non,9 RUE IRENE JOLIOT CURIE,ST PRIEST,0065,EUROPARK LAKEPARC,Khalil BELLAL
0001,Agence Genas,AF248273,Ascenseur,Non,48 AVENUE PABLO PICASSO,VAULX EN VELIN,0047,VILLA PAOLA,Nefis ALIOUCHE
0001,Agence Genas,AF248274,Ascenseur,Non,46 AVENUE PABLO PICASSO,VAULX EN VELIN,0047,VILLA PAOLA,Nefis ALIOUCHE
0001,Agence Genas,AF248275,Portail,Non,6 BIS RUE DES LANDES,CRAPONNE,0073,SDC 6 BIS RUE DES LANDES,Yann GENIEIS
0001,Agence Genas,AF248285,Ascenseur,Non,2 AVENUE DU LOUP PENDU,RILLIEUX LA PAPE,0047,BOUCHERIES ANDRE RILLIEUX,Nefis ALIOUCHE
0001,Agence Genas,AF248286,Ascenseur,Non,2 AVENUE DU LOUP PENDU,RILLIEUX LA PAPE,0047,BOUCHERIES ANDRE RILLIEUX,Nefis ALIOUCHE
0001,Agence Genas,AF248300,Portail,Non,3 RUE DES VERGERS,LIMONEST,0073,SWEN PARK,Yann GENIEIS
0001,Agence Genas,AF248301,Portail,Non,3 RUE DES VERGERS,LIMONEST,0073,SWEN PARK,Yann GENIEIS
0001,Agence Genas,AF248302,Portail,Non,3 RUE DES VERGERS,LIMONEST,0073,SWEN PARK,Yann GENIEIS
0001,Agence Genas,AF248304,Ascenseur,Non,SDC 10 Rue Mazenod,LYON,0053,SDC 10 Rue Mazenod,Christopher WILTORD
0001,Agence Genas,AF248305,Ascenseur,Non,83 Grande rue de Saint Clair,CALUIRE ET CUIRE,0047,SDC Les Berges de Saint Clair,Nefis ALIOUCHE
0001,Agence Genas,AF248309,Porte piétonne,Non,39 Boulevard Gambetta,LA TOUR DU PIN,0058,SNEF - France Travail RHONE,Olivier VUILLAUME 
0001,Agence Genas,AF248310,Porte piétonne,Non,39 Boulevard Gambetta,LA TOUR DU PIN,0058,SNEF - France Travail RHONE,Olivier VUILLAUME 
0001,Agence Genas,AF248311,Portail,Non,39 Boulevard Gambetta,LA TOUR DU PIN,0058,SNEF - France Travail RHONE,Olivier VUILLAUME 
0001,Agence Genas,AF248312,Portail,Non,39 Boulevard Gambetta,LA TOUR DU PIN,0058,SNEF - France Travail RHONE,Olivier VUILLAUME 
0001,Agence Genas,AF248313,Rideau métallique,Non,26 rue du Général Mouton Duvernet,Lyon,0021,SNEF - France Travail RHONE,Romain RICORDEAU 
0001,Agence Genas,AF248314,Ascenseur,Non,3-7 rue Abraham Bloch,Lyon,0045,SNEF - France Travail RHONE,Mohamed BESSAFI
0001,Agence Genas,AF248315,Rideau métallique,Non,49 rue de Cuire,LYON,0021,SNEF - France Travail RHONE,Romain RICORDEAU 
0001,Agence Genas,AF248316,Rideau métallique,Non,68 Cours Albert Thomas,LYON,0021,SNEF - France Travail RHONE,Romain RICORDEAU 
0001,Agence Genas,AF248317,Rideau métallique,Non,53 av Carnot,NEUVILLE SUR SOANE,0021,SNEF - France Travail RHONE,Romain RICORDEAU 
0001,Agence Genas,AF248322,Porte piétonne,Non,12-17 Boulevard Voltaire,TARARE,0073,SNEF - France Travail RHONE,Yann GENIEIS
0001,Agence Genas,AF248323,Porte piétonne,Non,12-17 Boulevard Voltaire,TARARE,0073,SNEF - France Travail RHONE,Yann GENIEIS
0001,Agence Genas,AF248354,Portail,Oui,8 Rue Anatole France,ROUSSILLON,0073,SNEF - France Travail VALENCE,Yann GENIEIS
0001,Agence Genas,AF248355,Porte automatique,Non,8 Rue Anatole France,ROUSSILLON,0073,SNEF - France Travail VALENCE,Yann GENIEIS
0001,Agence Genas,AF248366,Ascenseur,Non,13 RUE BUGEAUD,LYON,0056,13 RUE BUGEAUD,Yaya DOUCOURE 
0001,Agence Genas,AF248391,Ascenseur,Non,145 A ROUTE DU CIMETIERE,SERPAIZE,0070,LES MURIERS,Guillaume LANGLOIS
0001,Agence Genas,AF248392,Ascenseur,Non,145 B ROUTE DU CIMETIERE,SERPAIZE,0070,LES MURIERS,Guillaume LANGLOIS
0001,Agence Genas,AF248397,Ascenseur,Non,20 Boulevard Charles de Gaulle,DECINES CHARPIEU,0070,CENTRE EDUCATIF ET LOISIRS DECINOIS,Guillaume LANGLOIS
0001,Agence Genas,AF248399,Ascenseur,Non,25 Rue Pauline Kergomard,LYON,0045,LE FLOOR 7,Mohamed BESSAFI
0001,Agence Genas,AF248405,Ascenseur,Non,2 chemin de Bel Air ,CALUIRE ET CUIRE,0047,Maison Saint Claire,Nefis ALIOUCHE
0001,Agence Genas,AF248410,Ascenseur,Non,23 Bis Rue Des Rancy,LYON,0053,LE RANCY PART DIEU,Christopher WILTORD
0001,Agence Genas,AF248411,Ascenseur,Non,25 Rue Des Rancy,LYON,0053,LE RANCY PART DIEU,Christopher WILTORD
0001,Agence Genas,AF248413,Ascenseur,Non,10 ALLEE LEOPOLD SEDAR SENGHOR,LYON,0045,PAVILLON BRUN,Mohamed BESSAFI
0001,Agence Genas,AF248415,Ascenseur,Non,223 COURS EMILE ZOLA,VILLEURBANNE,0027,COMMISSARIAT VILLEURBANNE,Luc CHAROLLAIS
0001,Agence Genas,AF248416,Ascenseur,Non,223 COURS EMILE ZOLA,VILLEURBANNE,0027,COMMISSARIAT VILLEURBANNE,Luc CHAROLLAIS
0001,Agence Genas,AF248417,Ascenseur,Non,223 COURS EMILE ZOLA,VILLEURBANNE,0027,COMMISSARIAT VILLEURBANNE,Luc CHAROLLAIS
0001,Agence Genas,AF248418,Elévateur,Non,82 avenue de la République,TASSIN LA DEMI LUNE,0006,GARD'EDEN,Aurélien GUERIN
0001,Agence Genas,AF248425,Porte automatique,Non,8 Rue Anatole France,ROUSSILLON,0073,SNEF - France Travail VALENCE,Yann GENIEIS
0001,Agence Genas,AF248426,Rideau,Non,8 Rue Anatole France,ROUSSILLON,0073,SNEF - France Travail VALENCE,Yann GENIEIS
0001,Agence Genas,AF248427,Barrière,Non,8 Rue Anatole France,ROUSSILLON,0073,SNEF - France Travail VALENCE,Yann GENIEIS
0001,Agence Genas,AF248432,Rideau métallique,Non,20 rue de la république ,MEYZIEU,0021,SNEF - France Travail RHONE,Romain RICORDEAU 
0001,Agence Genas,AF248443,Rideau métallique,Non,41 rue Colin,Villeurbanne,0021,SNEF - France Travail RHONE,Romain RICORDEAU 
0001,Agence Genas,AF248444,Rideau métallique,Non,41 rue Colin,Villeurbanne,0021,SNEF - France Travail RHONE,Romain RICORDEAU 
0001,Agence Genas,AF248445,Porte automatique,Non,41 rue Colin,Villeurbanne,0021,SNEF - France Travail RHONE,Romain RICORDEAU 
0001,Agence Genas,AF248446,Porte automatique,Non,41 rue Colin,Villeurbanne,0021,SNEF - France Travail RHONE,Romain RICORDEAU 
0001,Agence Genas,AF248447,Portail,Non,41 rue Colin,Villeurbanne,0021,SNEF - France Travail RHONE,Romain RICORDEAU 
0001,Agence Genas,AF248448,Portail,Non,41 rue Colin,Villeurbanne,0021,SNEF - France Travail RHONE,Romain RICORDEAU 
0001,Agence Genas,AF248452,Ascenseur,Non,8 PLACE DU DR LAZARE GOUJON,VILLEURBANNE,0027,TNP VILLEURBANNE,Luc CHAROLLAIS
0001,Agence Genas,AF248453,Ascenseur,Non,8 PLACE DU DR LAZARE GOUJON,VILLEURBANNE,0027,TNP VILLEURBANNE,Luc CHAROLLAIS
0001,Agence Genas,AF248454,Ascenseur,Non,8 PLACE DU DR LAZARE GOUJON,VILLEURBANNE,0027,TNP VILLEURBANNE,Luc CHAROLLAIS
0001,Agence Genas,AF248455,Ascenseur,Non,8 PLACE DU DR LAZARE GOUJON,VILLEURBANNE,0027,TNP VILLEURBANNE,Luc CHAROLLAIS
0001,Agence Genas,AF248456,Ascenseur,Non,8 PLACE DU DR LAZARE GOUJON,VILLEURBANNE,0027,TNP VILLEURBANNE,Luc CHAROLLAIS
0001,Agence Genas,AF248457,Monte-Charge,Non,8 PLACE DU DR LAZARE GOUJON,VILLEURBANNE,0027,TNP VILLEURBANNE,Luc CHAROLLAIS
0001,Agence Genas,AF248458,Elévateur,Non,8 PLACE DU DR LAZARE GOUJON,VILLEURBANNE,0057,TNP VILLEURBANNE,Anouar BEN MESSAOUD
0001,Agence Genas,AF248459,Portail,Non,260 ROUTE DE REYRIEUX,TREVOUX,0058,SNEF - Marché Orange Bron Fermeture,Olivier VUILLAUME 
0001,Agence Genas,AF237384,Ascenseur,Non,4/6 rue des rosiers,SAVIGNY,0006,Résidence Saint Louis ,Aurélien GUERIN
0001,Agence Genas,AF248463,Ascenseur,Non,74 RUE PIERRE AUDRY,LYON,0072,74/76 RUE PIERRE AUDRY,Nouredine BOUNAAS
0001,Agence Genas,AF248464,Ascenseur,Non,76 RUE PIERRE AUDRY,LYON,0072,74/76 RUE PIERRE AUDRY,Nouredine BOUNAAS
0001,Agence Genas,AF248468,Ascenseur,Non,31/35 RUE DENUZIERE,LYON,0056,SDC LE DENUZIERE,Yaya DOUCOURE 
0001,Agence Genas,AF248469,Ascenseur,Non,31/35 RUE DENUZIERE,LYON,0056,SDC LE DENUZIERE,Yaya DOUCOURE 
0001,Agence Genas,AF248477,Ascenseur,Non,25 rue du Onze Novembre,MIONS,0071,Résidence Marie Josephe Plantin,Kenzy CHABBI
0001,Agence Genas,AF248489,Ascenseur,Non,23 Rue Saint Simon,LYON,0072,GREENOPOLIS BAT A01/A02,Nouredine BOUNAAS
0001,Agence Genas,AF248491,Ascenseur,Non,18 rue Alexandre Boutin,VILLEURBANNE,0027,LES TERRASSES DES CHARMETTES,Luc CHAROLLAIS
0001,Agence Genas,AF248502,EPMR elevtr pr pers a mobilité reduite,Non,913 avenue des temps modernes,ST PRIEST,0065,AMAZON,Khalil BELLAL
0001,Agence Genas,AF248508,Portail,Non,5 RUE SIEGFRIED,VILLEURBANNE,0021,SDC 5 RUE SIEGFRIED,Romain RICORDEAU 
0001,Agence Genas,AF248515,Monte-escaliers ,Non,29 Quai Tilsit ,LYON,0056,Christophe d'Harcourt,Yaya DOUCOURE 
0001,Agence Genas,AF248517,Porte automatique,Non,246 rue Garibaldi,LYON,0021,SDC 246-248 rue Garibaldi ,Romain RICORDEAU 
0001,Agence Genas,AF248518,Porte automatique,Non,248 rue Garibaldi,LYON,0021,SDC 246-248 rue Garibaldi ,Romain RICORDEAU 
0001,Agence Genas,AF248520,Ascenseur,Non,63 BIS RUE MARYSE BASTIE,LYON,0057,SDC 63 BIS RUE MARYSE BASTIE,Anouar BEN MESSAOUD
0001,Agence Genas,AF248524,Monte voiture,Non,14 RUE DES TABLES CLAUDIENNES,LYON,0072,LES TABLES CLAUDIENNES,Nouredine BOUNAAS
0001,Agence Genas,AF248525,Monte voiture,Non,14 RUE DES TABLES CLAUDIENNES,LYON,0072,LES TABLES CLAUDIENNES,Nouredine BOUNAAS
0001,Agence Genas,AF248527,Ascenseur,Non,4 RUE AUGUSTE PAYANT,LYON,0045,SDC LES TERRASSES,Mohamed BESSAFI
0001,Agence Genas,AF248528,Ascenseur,Non, 4 A AVENUE CABIAS,LYON,0047,SDC 4 A AVENUE CABIAS,Nefis ALIOUCHE
0001,Agence Genas,AF248530,Portail,Non,29/31/33/33 BIS rue Mathieu Misery,TASSIN LA DEMI LUNE,0073,Le Domaine,Yann GENIEIS
0001,Agence Genas,AF248531,Porte de garage,Non,29/31/33/33 BIS rue Mathieu Misery,TASSIN LA DEMI LUNE,0073,Le Domaine,Yann GENIEIS
0001,Agence Genas,AF248538,Ascenseur,Non,1 CHEMIN DE L ARBALETIERE,ST DIDIER AU MONT D OR,0047,LE DOMAINE DE L ARBALETIERE,Nefis ALIOUCHE
0001,Agence Genas,AF248539,Ascenseur,Non,177 Grande Rue de la Guillotiere,LYON,0045,TOURVILLE 2,Mohamed BESSAFI
0001,Agence Genas,AF248556,Porte de garage,Non,262-264 AVENUE FRANCIS DE PRESSENSE,VILLEURBANNE,0021,SDC PAR DESSUS LES TOITS,Romain RICORDEAU 
0001,Agence Genas,AF248557,Ascenseur,Non,262 AVENUE FRANCIS DE PRESSENSE,VILLEURBANNE,0027,SDC PAR DESSUS LES TOITS,Luc CHAROLLAIS
0001,Agence Genas,AF248558,Ascenseur,Non,264 AVENUE FRANCIS DE PRESSENSE,VILLEURBANNE,0027,SDC PAR DESSUS LES TOITS,Luc CHAROLLAIS
0001,Agence Genas,AF248559,Ascenseur,Non,64 Rue Greuze Impasse Progrès,VILLEURBANNE,0027,SDC PAR DESSUS LES TOITS,Luc CHAROLLAIS
0001,Agence Genas,AF248579,Ascenseur,Non,1 RUE CREPET ,LYON,0045,VILLA RTE,Mohamed BESSAFI
0001,Agence Genas,AF248580,Monte-Charge,Non,1 RUE CREPET ,LYON,0045,VILLA RTE,Mohamed BESSAFI
0001,Agence Genas,AF258629,Ascenseur,Non,123 RUE CUVIER,LYON,0056,SDC LE CARRE MARIGNY,Yaya DOUCOURE 
0001,Agence Genas,AF258630,Ascenseur,Non,64 RUE TETE D'OR,LYON,0056,SDC LE CARRE MARIGNY,Yaya DOUCOURE 
0001,Agence Genas,AF258638,Portail,Non,8 A 24 RUE FRANCISQUE AYNARD,VENISSIEUX,0073,GROUPE AYNARD,Yann GENIEIS
0001,Agence Genas,AF258639,Porte piétonne,Non,8 A 24 RUE FRANCISQUE AYNARD,VENISSIEUX,0073,GROUPE AYNARD,Yann GENIEIS
0001,Agence Genas,AF258640,Portail,Non,8 A 24 RUE FRANCISQUE AYNARD,VENISSIEUX,0073,GROUPE AYNARD,Yann GENIEIS
0001,Agence Genas,AF258641,Porte piétonne,Non,8 A 24 RUE FRANCISQUE AYNARD,VENISSIEUX,0073,GROUPE AYNARD,Yann GENIEIS
0001,Agence Genas,AF258642,Portail,Non,8 A 24 RUE FRANCISQUE AYNARD,VENISSIEUX,0073,GROUPE AYNARD,Yann GENIEIS
0001,Agence Genas,AF258643,Porte piétonne,Non,8 A 24 RUE FRANCISQUE AYNARD,VENISSIEUX,0073,GROUPE AYNARD,Yann GENIEIS
0001,Agence Genas,AF258644,Portail,Non,1 IMPASSE DU LIARD,ST ROMAIN DE JALIONAS,0021,SDC LES VILLAS DU PEILLARD,Romain RICORDEAU 
0001,Agence Genas,AF258645,Ascenseur,Non,110 RUE CHAT BOTTE,BEYNOST,0070,SPIE FACILITIES,Guillaume LANGLOIS
0001,Agence Genas,AF258647,Ascenseur,Non,18 RUE ALBERT CAMUS,BRON,0071,SPIE SBS,Kenzy CHABBI
0001,Agence Genas,AF258649,Ascenseur,Non,63 RUE VICTOR HUGO,LYON,0056,SDC 63 RUE VICTOR HUGO,Yaya DOUCOURE 
0001,Agence Genas,AF258653,Ascenseur,Non,28 RUE DES BORNIERES,INJOUX GENISSIAT,0012,RTE,Heithem ABID
0001,Agence Genas,AF258654,Elévateur,Non,757 RUE DU PRE MAYEUX,LA BOISSE,0070,RTE,Guillaume LANGLOIS
0001,Agence Genas,AF258655,Ascenseur,Non,1 CHEMIN DE L ARBALETIERE,ST DIDIER AU MONT D OR,0047,LE DOMAINE DE L ARBALETIERE,Nefis ALIOUCHE
0001,Agence Genas,AF258687,Porte de garage,Non,42 Q RUE GAMBETTA,GENAS,0021,SDC LES JARDINS DE THOMAS,Romain RICORDEAU 
0001,Agence Genas,AF258688,Ascenseur,Non,196 RUE DU GENERAL DE GAULLE,BRIGNAIS,0071,SDC LES CHARMES,Kenzy CHABBI
0001,Agence Genas,AF258700,Ascenseur,Non,1 RUE CREPET ,LYON,0045,VILLA RTE,Mohamed BESSAFI
0001,Agence Genas,AF258701,Ascenseur,Non,1 RUE CREPET ,LYON,0045,VILLA RTE,Mohamed BESSAFI
0001,Agence Genas,AF258702,Monte-Charge,Non,4 RUE JOSEPH SERLIN,LYON,0056,BOULANGERIE AUGUSTIN,Yaya DOUCOURE 
0001,Agence Genas,AF258711,Ascenseur,Non,SDC 72 RUE GARIBALDI,LYON,0056,SDC 72 RUE GARIBALDI,Yaya DOUCOURE 
0001,Agence Genas,AF258712,Porte automatique,Non,8 RUE DU DAUPHINE,LYON,0058,SNEF - Immeuble EVASION ,Olivier VUILLAUME 
0001,Agence Genas,AF258713,Porte automatique,Non,8 RUE DU DAUPHINE,LYON,0058,SNEF - Immeuble EVASION ,Olivier VUILLAUME 
0001,Agence Genas,AF258714,Porte de garage,Non,8 RUE DU DAUPHINE,LYON,0058,SNEF - Immeuble EVASION ,Olivier VUILLAUME 
0001,Agence Genas,AF258715,Porte de garage,Non,8 RUE DU DAUPHINE,LYON,0058,SNEF - Immeuble EVASION ,Olivier VUILLAUME 
0001,Agence Genas,AF258716,Porte de garage,Non,8 RUE DU DAUPHINE,LYON,0058,SNEF - Immeuble EVASION ,Olivier VUILLAUME 
0001,Agence Genas,AF258717,Porte automatique,Non,21-22 Bd des tchécoslovaques,LYON,0058,SNEF - Immeuble TANGRAM ,Olivier VUILLAUME 
0001,Agence Genas,AF258718,Porte automatique,Non,21-22 Bd des tchécoslovaques,LYON,0058,SNEF - Immeuble TANGRAM ,Olivier VUILLAUME 
0001,Agence Genas,AF258719,Porte automatique,Non,21-22 Bd des tchécoslovaques,LYON,0058,SNEF - Immeuble TANGRAM ,Olivier VUILLAUME 
0001,Agence Genas,AF258720,Porte automatique,Non,21-22 Bd des tchécoslovaques,LYON,0058,SNEF - Immeuble TANGRAM ,Olivier VUILLAUME 
0001,Agence Genas,AF258721,Porte de garage,Non,21-22 Bd des tchécoslovaques,LYON,0058,SNEF - Immeuble TANGRAM ,Olivier VUILLAUME 
0001,Agence Genas,AF258722,Porte de garage,Non,21-22 Bd des tchécoslovaques,LYON,0058,SNEF - Immeuble TANGRAM ,Olivier VUILLAUME 
0001,Agence Genas,AF258723,Porte de garage,Non,21-22 Bd des tchécoslovaques,LYON,0058,SNEF - Immeuble TANGRAM ,Olivier VUILLAUME 
0001,Agence Genas,AF258770,Ascenseur,Non,1 Rue des Combats du 24 Août 1944,VENISSIEUX,0065,IVECO,Khalil BELLAL
0001,Agence Genas,AF258779,Porte automatique,Non,2 RUE FRANKLIN,LYON,0021,SDC 2 RUE FRANKLIN,Romain RICORDEAU 
0001,Agence Genas,AF258780,Ascenseur,Non,39 rue Benoist Mary,LYON,0072,Les Jardins de Marie,Nouredine BOUNAAS
0001,Agence Genas,AF258786,PUBLIC,Non,29/31/33/33 BIS rue Mathieu Misery,TASSIN LA DEMI LUNE,0073,Le Domaine,Yann GENIEIS
0001,Agence Genas,AF258793,Ascenseur,Non,10 AVENUE DE VERDUN,MORNANT,0006,LE CLOS,Aurélien GUERIN
0001,Agence Genas,AF258797,Ascenseur,Non,10 COURS DOCTEUR DAMIDOT,VILLEURBANNE,0027,VILLA VOLGA,Luc CHAROLLAIS
0001,Agence Genas,AF258798,Porte de garage,Non,24A/24B RUE MARIUS PONCET,ST GENIS LES OLLIERES,0073,LE CLOS DES CERISIERS,Yann GENIEIS
0001,Agence Genas,AF258799,Portail,Non,8 10 ALLEE JEAN JACQUES ROUSSEAU,ST BONNET DE MURE,0058,SDC LE CLOS ROUSSEAU,Olivier VUILLAUME 
0001,Agence Genas,AF258801,Portail,Non,74 BOULEVARD DE L'EUROPE,PIERRE BENITE,0073,LE MOSAICA,Yann GENIEIS
0001,Agence Genas,AF248305,Ascenseur,Non,83 Grande rue de Saint Clair,CALUIRE ET CUIRE,0047,SDC Les Berges de Saint Clair,Nefis ALIOUCHE
0001,Agence Genas,AF258813,Portail,"Oui, Devis en attente de validation",23 BIS RUE JULES VERNE,ST PRIEST,0058,SDC LE JARDIN D'EDOUARD,Olivier VUILLAUME 
0001,Agence Genas,AF258814,Ascenseur,Non,4 RUE DE LA CAMILLE,OULLINS,0071,ALLIADE HABITAT- LOT 4- AO 2024,Kenzy CHABBI
0001,Agence Genas,AF258815,Ascenseur,Non,2 RUE DE LA CAMILLE,OULLINS,0071,ALLIADE HABITAT- LOT 4- AO 2024,Kenzy CHABBI
0001,Agence Genas,AF258816,Ascenseur,Non,17 RUE IMBERT COLOMES,LYON,0056,ALLIADE HABITAT- LOT 4- AO 2024,Yaya DOUCOURE 
0001,Agence Genas,AF258817,Ascenseur,Non,1 RUE FERNANDEZ,ST FONS,0065,ALLIADE HABITAT- LOT 4- AO 2024,Khalil BELLAL
0001,Agence Genas,AF258818,Ascenseur,Non,1 RUE FERNANDEZ,ST FONS,0065,ALLIADE HABITAT- LOT 4- AO 2024,Khalil BELLAL
0001,Agence Genas,AF258819,Ascenseur,Non,1 RUE FERNANDEZ,ST FONS,0065,ALLIADE HABITAT- LOT 4- AO 2024,Khalil BELLAL
0001,Agence Genas,AF258821,Ascenseur,Non,1 RUE FERNANDEZ,ST FONS,0065,ALLIADE HABITAT- LOT 4- AO 2024,Khalil BELLAL
0001,Agence Genas,AF258822,Ascenseur,Non,1 RUE FERNANDEZ,ST FONS,0065,ALLIADE HABITAT- LOT 4- AO 2024,Khalil BELLAL
0001,Agence Genas,AF258823,Ascenseur,Non,1 RUE FERNANDEZ,ST FONS,0065,ALLIADE HABITAT- LOT 4- AO 2024,Khalil BELLAL
0001,Agence Genas,AF258824,Ascenseur,Non,1 RUE FERNANDEZ,ST FONS,0065,ALLIADE HABITAT- LOT 4- AO 2024,Khalil BELLAL
0001,Agence Genas,AF258826,Ascenseur,Non,28 B RUE SANTOS DUMONT,LYON,0045,ALLIADE HABITAT- LOT 4- AO 2024,Mohamed BESSAFI
0001,Agence Genas,AF258827,Ascenseur,Non,8 CHEMIN SIMON BUISSON,CHAMPAGNE AU MONT D OR,0006,ALLIADE HABITAT- LOT 4- AO 2024,Aurélien GUERIN
0001,Agence Genas,AF258828,Ascenseur,Non,6 BIS RUE DU DRONAUD,VAUGNERAY,0006,ALLIADE HABITAT- LOT 4- AO 2024,Aurélien GUERIN
0001,Agence Genas,AF258829,Ascenseur,Non,17 RUE FRANCIS DE PRESSENSE ,LYON,0045,ALLIADE HABITAT- LOT 4- AO 2024,Mohamed BESSAFI
0001,Agence Genas,AF258830,Ascenseur,Oui,17 RUE FRANCIS DE PRESSENSE ,LYON,0045,ALLIADE HABITAT- LOT 4- AO 2024,Mohamed BESSAFI
0001,Agence Genas,AF258831,Ascenseur,Non,19 RUE FRANCIS DE PRESSENSE ,LYON,0045,ALLIADE HABITAT- LOT 4- AO 2024,Mohamed BESSAFI
0001,Agence Genas,AF258832,Ascenseur,Non,19 RUE FRANCIS DE PRESSENSE ,LYON,0045,ALLIADE HABITAT- LOT 4- AO 2024,Mohamed BESSAFI
0001,Agence Genas,AF258833,Ascenseur,Non,21 RUE FRANCIS DE PRESSENSE ,LYON,0045,ALLIADE HABITAT- LOT 4- AO 2024,Mohamed BESSAFI
0001,Agence Genas,AF258834,Ascenseur,Non,5 ET 7 IMPASSE LEONIE ROLLAND,CHAPONOST,0071,ALLIADE HABITAT- LOT 4- AO 2024,Kenzy CHABBI
0001,Agence Genas,AF258835,Ascenseur,Non,26 RUE ANDRE BOLLIER,LYON,0045,ALLIADE HABITAT- LOT 4- AO 2024,Mohamed BESSAFI
0001,Agence Genas,AF258836,Ascenseur,Non,8 D RUE EMILIE DECORPS,VILLEURBANNE,0027,ALLIADE HABITAT- LOT 4- AO 2024,Luc CHAROLLAIS
0001,Agence Genas,AF237690 ,Ascenseur,Non,81 Grande rue de Saint Clair,CALUIRE ET CUIRE,0047,SDC Les Berges de Saint Clair,Nefis ALIOUCHE
0001,Agence Genas,AF237691 ,Ascenseur,Non,85 Grande rue de Saint Clair,CALUIRE ET CUIRE,0047,SDC Les Berges de Saint Clair,Nefis ALIOUCHE
0001,Agence Genas,AF247757,Ascenseur,Non,87 Grande rue de Saint Clair,CALUIRE ET CUIRE,0047,SDC Les Berges de Saint Clair,Nefis ALIOUCHE
0001,Agence Genas,AF258854,Ascenseur,Non,7-9 Rue Jean-Marie Leclair,LYON,0072,GIE UPI LYON - BATIMENT LECLAIR - E47800,Nouredine BOUNAAS
0001,Agence Genas,AF258855,Ascenseur,Non,221 AVENUE JEAN JAURES,LYON,0045,SDC 221 AVENUE JEAN JAURES,Mohamed BESSAFI
0001,Agence Genas,AF258856,Ascenseur,Non,6 IMPASSE DES SOEURS,VILLEURBANNE,0027,VILLA FLEURIE,Luc CHAROLLAIS
0001,Agence Genas,AF258858,Porte automatique,Non,36 Boulevard de Schweighouse,BRIGNAIS,0073,SPIE MARCHE FM GRT GAZ TRM ,Yann GENIEIS
0001,Agence Genas,AF258859,Porte automatique,Non,36 Boulevard de Schweighouse,BRIGNAIS,0073,SPIE MARCHE FM GRT GAZ TRM ,Yann GENIEIS
0001,Agence Genas,AF258860,Porte automatique,Non,36 Boulevard de Schweighouse,BRIGNAIS,0073,SPIE MARCHE FM GRT GAZ TRM ,Yann GENIEIS
0001,Agence Genas,AF258861,Porte automatique,Non,36 Boulevard de Schweighouse,BRIGNAIS,0073,SPIE MARCHE FM GRT GAZ TRM ,Yann GENIEIS
0001,Agence Genas,AF258862,Porte automatique,Non,36 Boulevard de Schweighouse,BRIGNAIS,0073,SPIE MARCHE FM GRT GAZ TRM ,Yann GENIEIS
0001,Agence Genas,AF258863,Porte automatique,Non,36 Boulevard de Schweighouse,BRIGNAIS,0073,SPIE MARCHE FM GRT GAZ TRM ,Yann GENIEIS
0001,Agence Genas,AF258868,Porte sectionnelle,Non,14 Chemin des Ronzières,VOURLES,0073,SPIE MARCHE FM GRT GAZ TRM ,Yann GENIEIS
0001,Agence Genas,AF258869,Porte sectionnelle,Non,14 Chemin des Ronzières,VOURLES,0073,SPIE MARCHE FM GRT GAZ TRM ,Yann GENIEIS
0001,Agence Genas,AF258871,Porte sectionnelle,Non,14 Chemin des Ronzières,VOURLES,0073,SPIE MARCHE FM GRT GAZ TRM ,Yann GENIEIS
0001,Agence Genas,AF258873,Portail,Non,14 Chemin des Ronzières,VOURLES,0073,SPIE MARCHE FM GRT GAZ TRM ,Yann GENIEIS
0001,Agence Genas,AF258874,Barrière,Non,36 Boulevard de Schweighouse,BRIGNAIS,0073,SPIE MARCHE FM GRT GAZ TRM ,Yann GENIEIS
0001,Agence Genas,AF258875,Porte sectionnelle,Non,Route de Chasselay ,QUINCIEUX,0058,SPIE MARCHE FM GRT GAZ TRM ,Olivier VUILLAUME 
0001,Agence Genas,AF258876,Barrière,Non,36 Boulevard de Schweighouse,BRIGNAIS,0073,SPIE MARCHE FM GRT GAZ TRM ,Yann GENIEIS
0001,Agence Genas,AF258877,Porte sectionnelle,Non,Route de Chasselay ,QUINCIEUX,0058,SPIE MARCHE FM GRT GAZ TRM ,Olivier VUILLAUME 
0001,Agence Genas,AF258878,Porte sectionnelle,Non,36 Boulevard de Schweighouse,BRIGNAIS,0073,SPIE MARCHE FM GRT GAZ TRM ,Yann GENIEIS
0001,Agence Genas,AF258879,Porte sectionnelle,Non,Route de Chasselay ,QUINCIEUX,0058,SPIE MARCHE FM GRT GAZ TRM ,Olivier VUILLAUME 
0001,Agence Genas,AF258881,Porte sectionnelle,Non,Route de Chasselay,QUINCIEUX,0058,SPIE MARCHE FM GRT GAZ TRM ,Olivier VUILLAUME 
0001,Agence Genas,AF258883,Porte sectionnelle,Non,36 Boulevard de Schweighouse,BRIGNAIS,0073,SPIE MARCHE FM GRT GAZ TRM ,Yann GENIEIS
0001,Agence Genas,AF258884,Portail,Non,Route de Chasselay,QUINCIEUX,0058,SPIE MARCHE FM GRT GAZ TRM ,Olivier VUILLAUME 
0001,Agence Genas,AF258885,Porte sectionnelle,Non,36 Boulevard de Schweighouse,BRIGNAIS,0073,SPIE MARCHE FM GRT GAZ TRM ,Yann GENIEIS
0001,Agence Genas,AF258887,Porte sectionnelle,Non,36 Boulevard de Schweighouse,BRIGNAIS,0073,SPIE MARCHE FM GRT GAZ TRM ,Yann GENIEIS
0001,Agence Genas,AF258888,Porte sectionnelle,Non,70 Rue Raspail,DECINES,0058,SPIE MARCHE FM GRT GAZ TRM ,Olivier VUILLAUME 
0001,Agence Genas,AF258889,Porte sectionnelle,Non,36 Boulevard de Schweighouse,BRIGNAIS,0073,SPIE MARCHE FM GRT GAZ TRM ,Yann GENIEIS
0001,Agence Genas,AF258890,Porte sectionnelle,Non,70 Rue Raspail,DECINES,0058,SPIE MARCHE FM GRT GAZ TRM ,Olivier VUILLAUME 
0001,Agence Genas,AF258891,Porte sectionnelle,Non,36 Boulevard de Schweighouse,BRIGNAIS,0073,SPIE MARCHE FM GRT GAZ TRM ,Yann GENIEIS
0001,Agence Genas,AF258892,Porte sectionnelle,Non,70 Rue Raspail,DECINES,0058,SPIE MARCHE FM GRT GAZ TRM ,Olivier VUILLAUME 
0001,Agence Genas,AF258893,Porte sectionnelle,Non,36 Boulevard de Schweighouse,BRIGNAIS,0073,SPIE MARCHE FM GRT GAZ TRM ,Yann GENIEIS
0001,Agence Genas,AF258894,Porte sectionnelle,Non,70 Rue Raspail,DECINES,0058,SPIE MARCHE FM GRT GAZ TRM ,Olivier VUILLAUME 
0001,Agence Genas,AF258895,Porte sectionnelle,Non,36 Boulevard de Schweighouse,BRIGNAIS,0073,SPIE MARCHE FM GRT GAZ TRM ,Yann GENIEIS
0001,Agence Genas,AF258897,Porte sectionnelle,Non,36 Boulevard de Schweighouse,BRIGNAIS,0073,SPIE MARCHE FM GRT GAZ TRM ,Yann GENIEIS
0001,Agence Genas,AF258898,Portail,Non,70 Rue Raspail,DECINES,0058,SPIE MARCHE FM GRT GAZ TRM ,Olivier VUILLAUME 
0001,Agence Genas,AF258899,Porte sectionnelle,Non,36 Boulevard de Schweighouse,BRIGNAIS,0073,SPIE MARCHE FM GRT GAZ TRM ,Yann GENIEIS
0001,Agence Genas,AF258902,Portail,Non,36 Boulevard de Schweighouse,BRIGNAIS,0073,SPIE MARCHE FM GRT GAZ TRM ,Yann GENIEIS
0001,Agence Genas,AF258903,Porte sectionnelle,Non,36 Boulevard de Schweighouse,BRIGNAIS,0073,SPIE MARCHE FM GRT GAZ TRM ,Yann GENIEIS
0001,Agence Genas,AF258904,Portail,Non,36 Boulevard de Schweighouse,BRIGNAIS,0073,SPIE MARCHE FM GRT GAZ TRM ,Yann GENIEIS
0001,Agence Genas,AF258905,Porte sectionnelle,Non,36 Boulevard de Schweighouse,BRIGNAIS,0073,SPIE MARCHE FM GRT GAZ TRM ,Yann GENIEIS
0001,Agence Genas,AF258907,Porte sectionnelle,Non,36 Boulevard de Schweighouse,BRIGNAIS,0073,SPIE MARCHE FM GRT GAZ TRM ,Yann GENIEIS
0001,Agence Genas,AF258908,Ascenseur,Non,18 BOULEVARD DES BELGES,LYON,0056,SDC 18 BOULEVARD DES BELGES,Yaya DOUCOURE 
0001,Agence Genas,AF258910,Ascenseur,Non,36 Boulevard de Schweighouse,BRIGNAIS,0071,SPIE MARCHE FM GRT GAZ TRM ,Kenzy CHABBI
0001,Agence Genas,AF258914,Ascenseur,Non,15 RUE DE GERLAND,LYON,0071,LES ALLEES JEAN MACE,Kenzy CHABBI
0001,Agence Genas,AF258915,Ascenseur,Non,15 RUE DE GERLAND,LYON,0071,LES ALLEES JEAN MACE,Kenzy CHABBI
0001,Agence Genas,AF258916,Ascenseur,Non,15 RUE DE GERLAND,LYON,0071,LES ALLEES JEAN MACE,Kenzy CHABBI
0001,Agence Genas,AF258919,Portail,Non,1028 ROUTE DU CHATEAU GAILIARD - LE TIOLET,SEPTEME,0058,LES JARDINS D'ANTOINE,Olivier VUILLAUME 
0001,Agence Genas,AF258920,Monte-Charge,Non,223 COURS EMILE ZOLA,VILLEURBANNE,0027,COMMISSARIAT VILLEURBANNE,Luc CHAROLLAIS
0001,Agence Genas,AF258925,Ascenseur,Non,SDC 32 RUE JACQUES LOUIS HENON,LYON,0047,SDC 32 RUE JACQUES LOUIS HENON,Nefis ALIOUCHE
0001,Agence Genas,AF258926,Ascenseur,Non,SDC 32 RUE JACQUES LOUIS HENON,LYON,0047,SDC 32 RUE JACQUES LOUIS HENON,Nefis ALIOUCHE
0001,Agence Genas,AF258927,Parking automatisé,Non,13 RUE DE FONTANIRES / 4 RUE GEORGES CLEMENCEAU,VILLEURBANNE,0021,LE CLEMENCEAU,Romain RICORDEAU 
0001,Agence Genas,AF258929,Parking automatisé,Non,13 RUE DE FONTANIRES / 4 RUE GEORGES CLEMENCEAU,VILLEURBANNE,0021,LE CLEMENCEAU,Romain RICORDEAU 
0001,Agence Genas,AF258930,Parking automatisé,Non,13 RUE DE FONTANIRES / 4 RUE GEORGES CLEMENCEAU,VILLEURBANNE,0021,LE CLEMENCEAU,Romain RICORDEAU 
0001,Agence Genas,AF258932,Portail,Non,22-24 RUE PAUL BOVIER LAPIERRE,BRIGNAIS,0073,SNEF - Marché Orange Bron Fermeture,Yann GENIEIS
0001,Agence Genas,AF248934,Porte sectionnelle,Non,50 RUE JEAN ZAY BATIMENT C5,ST PRIEST,0058,SCF SPECIALISTE COURANT FAIBLE,Olivier VUILLAUME 
0001,Agence Genas,AF258936,Niveleur de quai,Non,77 Allée des Grandes Combes-ZI Ouest Beynost,MIRIBEL,0058,EFI AUTOMOTIVE Beynost,Olivier VUILLAUME 
0001,Agence Genas,AF258937,Niveleur de quai,Non,77 Allée des Grandes Combes-ZI Ouest,MIRIBEL,0058,EFI AUTOMOTIVE Beynost,Olivier VUILLAUME 
0001,Agence Genas,AF258938,Porte automatique,Non,77 Allée des Grandes Combes-ZI Ouest,MIRIBEL,0058,EFI AUTOMOTIVE Beynost,Olivier VUILLAUME 
0001,Agence Genas,AF258939,Porte automatique,Non,77 Allée des Grandes Combes-ZI Ouest,MIRIBEL,0058,EFI AUTOMOTIVE Beynost,Olivier VUILLAUME 
0001,Agence Genas,AF258940,Porte automatique,Non,77 Allée des Grandes Combes-ZI Ouest,MIRIBEL,0058,EFI AUTOMOTIVE Beynost,Olivier VUILLAUME 
0001,Agence Genas,AF258941,Porte automatique,Non,77 Allée des Grandes Combes-ZI Ouest,MIRIBEL,0058,EFI AUTOMOTIVE Beynost,Olivier VUILLAUME 
0001,Agence Genas,AF258942,Porte automatique,Non,77 Allée des Grandes Combes-ZI Ouest,MIRIBEL,0058,EFI AUTOMOTIVE Beynost,Olivier VUILLAUME 
0001,Agence Genas,AF258943,Porte automatique,Non,77 Allée des Grandes Combes-ZI Ouest,MIRIBEL,0058,EFI AUTOMOTIVE Beynost,Olivier VUILLAUME 
0001,Agence Genas,AF258944,Porte automatique,Non,77 Allée des Grandes Combes-ZI Ouest,MIRIBEL,0058,EFI AUTOMOTIVE Beynost,Olivier VUILLAUME 
0001,Agence Genas,AF258945,Porte automatique,Non,77 Allée des Grandes Combes-ZI Ouest,MIRIBEL,0058,EFI AUTOMOTIVE Beynost,Olivier VUILLAUME 
0001,Agence Genas,AF258946,Rideau,Non,77 Allée des Grandes Combes-ZI Ouest,MIRIBEL,0058,EFI AUTOMOTIVE Beynost,Olivier VUILLAUME 
0001,Agence Genas,AF258947,Rideau,Non,77 Allée des Grandes Combes-ZI Ouest,MIRIBEL,0058,EFI AUTOMOTIVE Beynost,Olivier VUILLAUME 
0001,Agence Genas,AF258948,Rideau,Non,77 Allée des Grandes Combes-ZI Ouest,MIRIBEL,0058,EFI AUTOMOTIVE Beynost,Olivier VUILLAUME 
0001,Agence Genas,AF258949,Rideau,Non,77 Allée des Grandes Combes-ZI Ouest,MIRIBEL,0058,EFI AUTOMOTIVE Beynost,Olivier VUILLAUME 
0001,Agence Genas,AF258950,Rideau,Non,77 Allée des Grandes Combes-ZI Ouest,MIRIBEL,0058,EFI AUTOMOTIVE Beynost,Olivier VUILLAUME 
0001,Agence Genas,AF258951,Rideau,Non,77 Allée des Grandes Combes-ZI Ouest,MIRIBEL,0058,EFI AUTOMOTIVE Beynost,Olivier VUILLAUME 
0001,Agence Genas,AF258952,Rideau,Oui,77 Allée des Grandes Combes-ZI Ouest,MIRIBEL,0058,EFI AUTOMOTIVE Beynost,Olivier VUILLAUME 
0001,Agence Genas,AF258953,Rideau,Non,77 Allée des Grandes Combes-ZI Ouest,MIRIBEL,0058,EFI AUTOMOTIVE Beynost,Olivier VUILLAUME 
0001,Agence Genas,AF258954,Rideau,Non,77 Allée des Grandes Combes-ZI Ouest,MIRIBEL,0058,EFI AUTOMOTIVE Beynost,Olivier VUILLAUME 
0001,Agence Genas,AF258955,Rideau,Non,77 Allée des Grandes Combes-ZI Ouest,MIRIBEL,0058,EFI AUTOMOTIVE Beynost,Olivier VUILLAUME 
0001,Agence Genas,AF258956,Rideau,Non,77 Allée des Grandes Combes-ZI Ouest,MIRIBEL,0058,EFI AUTOMOTIVE Beynost,Olivier VUILLAUME 
0001,Agence Genas,AF258957,Rideau,Non,77 Allée des Grandes Combes-ZI Ouest,MIRIBEL,0058,EFI AUTOMOTIVE Beynost,Olivier VUILLAUME 
0001,Agence Genas,AF258958,Porte sectionnelle,Non,77 Allée des Grandes Combes-ZI Ouest,MIRIBEL,0058,EFI AUTOMOTIVE Beynost,Olivier VUILLAUME 
0001,Agence Genas,AF258959,Porte sectionnelle,Non,77 Allée des Grandes Combes-ZI Ouest,MIRIBEL,0058,EFI AUTOMOTIVE Beynost,Olivier VUILLAUME 
0001,Agence Genas,AF258960,Porte sectionnelle,Non,77 Allée des Grandes Combes-ZI Ouest,MIRIBEL,0058,EFI AUTOMOTIVE Beynost,Olivier VUILLAUME 
0001,Agence Genas,AF258961,Porte sectionnelle,Non,77 Allée des Grandes Combes-ZI Ouest,MIRIBEL,0058,EFI AUTOMOTIVE Beynost,Olivier VUILLAUME 
0001,Agence Genas,AF258962,Porte sectionnelle,Non,77 Allée des Grandes Combes-ZI Ouest,MIRIBEL,0058,EFI AUTOMOTIVE Beynost,Olivier VUILLAUME 
0001,Agence Genas,AF258963,Rideau,Non,77 Allée des Grandes Combes-ZI Ouest,MIRIBEL,0058,EFI AUTOMOTIVE Beynost,Olivier VUILLAUME 
0001,Agence Genas,AF258964,Niveleur de quai,Non,77 Allée des Grandes Combes-ZI Ouest Beynost,MIRIBEL,0058,EFI AUTOMOTIVE Beynost,Olivier VUILLAUME 
0001,Agence Genas,AF258965,Niveleur de quai,Non,77 Allée des Grandes Combes-ZI Ouest Beynost,MIRIBEL,0058,EFI AUTOMOTIVE Beynost,Olivier VUILLAUME 
0001,Agence Genas,AF258966,Barrière,Non,77 Allée des Grandes Combes-ZI Ouest,MIRIBEL,0058,EFI AUTOMOTIVE Beynost,Olivier VUILLAUME 
0001,Agence Genas,AF258967,Barrière,Non,77 Allée des Grandes Combes-ZI Ouest,MIRIBEL,0058,EFI AUTOMOTIVE Beynost,Olivier VUILLAUME 
0001,Agence Genas,AF258968,Barrière,Non,77 Allée des Grandes Combes-ZI Ouest,MIRIBEL,0058,EFI AUTOMOTIVE Beynost,Olivier VUILLAUME 
0001,Agence Genas,AF258969,Barrière,Non,77 Allée des Grandes Combes-ZI Ouest,MIRIBEL,0058,EFI AUTOMOTIVE Beynost,Olivier VUILLAUME 
0001,Agence Genas,AF258970,Barrière,Non,77 Allée des Grandes Combes-ZI Ouest,MIRIBEL,0058,EFI AUTOMOTIVE Beynost,Olivier VUILLAUME 
0001,Agence Genas,AF258971,Barrière,Non,77 Allée des Grandes Combes-ZI Ouest,MIRIBEL,0058,EFI AUTOMOTIVE Beynost,Olivier VUILLAUME 
0001,Agence Genas,AF258972,Portail,Non,77 Allée des Grandes Combes-ZI Ouest,MIRIBEL,0058,EFI AUTOMOTIVE Beynost,Olivier VUILLAUME 
0001,Agence Genas,AF258973,Portail,Non,77 Allée des Grandes Combes-ZI Ouest,MIRIBEL,0058,EFI AUTOMOTIVE Beynost,Olivier VUILLAUME 
0001,Agence Genas,AF258974,Portail,Non,77 Allée des Grandes Combes-ZI Ouest,MIRIBEL,0058,EFI AUTOMOTIVE Beynost,Olivier VUILLAUME 
0001,Agence Genas,AF258975,Portail,Non,77 Allée des Grandes Combes-ZI Ouest,MIRIBEL,0058,EFI AUTOMOTIVE Beynost,Olivier VUILLAUME 
0001,Agence Genas,AF258979,Ascenseur,Non,2 RUE EDOUARD HERRIOT,BOURGOIN JAILLIEU,0070,VILLA REPUBLIQUE,Guillaume LANGLOIS
0001,Agence Genas,AF258980,Porte de garage,Non,2 RUE EDOUARD HERRIOT,BOURGOIN JAILLIEU,0058,VILLA REPUBLIQUE,Olivier VUILLAUME 
0001,Agence Genas,AF258987,Ascenseur,Non,49 BOULEVARD DE L EUROPE ,OULLINS PIERRE BENITE,0071,LES JARDINS D'ELSA,Kenzy CHABBI
0001,Agence Genas,AF258988,Ascenseur,Non,20 RUE  VOLTAIRE ,OULLINS PIERRE BENITE,0071,LES JARDINS D'ELSA,Kenzy CHABBI
0001,Agence Genas,AF258990,Ascenseur,Non,258 AVENUE DU GENERAL DE GAULLE,BRON,0071,ALIZEE,Kenzy CHABBI
0001,Agence Genas,AF258991,Ascenseur,Non,260 AVENUE DU GENERAL DE GAULLE,BRON,0071,ALIZEE,Kenzy CHABBI
0001,Agence Genas,AF258992,Porte de garage,Non,258/260 AVENUE DU GENERAL DE GAULLE,BRON,0021,ALIZEE,Romain RICORDEAU 
0001,Agence Genas,AF259001,Ascenseur,Non,6 RUE LEON FABRE,VILLEURBANNE,0027,COTE PARCS,Luc CHAROLLAIS
0001,Agence Genas,AF259002,Ascenseur,Non,7-9 Rue Jean-Marie Leclair,LYON,0072,GIE UPI LYON - BATIMENT LECLAIR - E47800,Nouredine BOUNAAS
0001,Agence Genas,AF259003,Ascenseur,Non,7-9 Rue Jean-Marie Leclair,LYON,0072,GIE UPI LYON - BATIMENT LECLAIR - E47800,Nouredine BOUNAAS
0001,Agence Genas,AF259004,Ascenseur,Non,7-9 Rue Jean-Marie Leclair,LYON,0072,GIE UPI LYON - BATIMENT LECLAIR - E47800,Nouredine BOUNAAS
0001,Agence Genas,AF259005,Ascenseur,Non,47 Rue Sergent Michel Berthet,LYON,0072,GIE UPI LYON - E47800,Nouredine BOUNAAS
0001,Agence Genas,AF259006,Ascenseur,Non,47 Rue Sergent Michel Berthet,LYON,0072,GIE UPI LYON - E47800,Nouredine BOUNAAS
0001,Agence Genas,AF259007,Ascenseur,Non,47 Rue Sergent Michel Berthet,LYON,0072,GIE UPI LYON - E47800,Nouredine BOUNAAS
0001,Agence Genas,AF259008,Ascenseur,Non,47 Rue Sergent Michel Berthet,LYON,0072,GIE UPI LYON - E47800,Nouredine BOUNAAS
0001,Agence Genas,AF259009,Ascenseur,Non,47 Rue Sergent Michel Berthet,LYON,0072,GIE UPI LYON - E47800,Nouredine BOUNAAS
0001,Agence Genas,AF259010,Ascenseur,Non,47 Rue Sergent Michel Berthet,LYON,0072,GIE UPI LYON - E47800,Nouredine BOUNAAS
0001,Agence Genas,AF259016,Portail,Non,SDC 72 RUE GARIBALDI,LYON,0021,SDC 72 RUE GARIBALDI,Romain RICORDEAU 
0001,Agence Genas,AF259017,Porte de garage,Non,SDC 60 COURS FRANKLIN ROOSEVELT,LYON,0021,SDC 60 COURS FRANKLIN ROOSEVELT,Romain RICORDEAU 
0001,Agence Genas,AF259018,Ascenseur,Non,SDC 60 COURS FRANKLIN ROOSEVELT,LYON,0056,SDC 60 COURS FRANKLIN ROOSEVELT,Yaya DOUCOURE 
0001,Agence Genas,AF259020,Ascenseur,Non,1 CHEMIN DES RAZES,STE FOY LES LYON,0071,LES HAUTS DU BOIS,Kenzy CHABBI
0001,Agence Genas,AF259021,Ascenseur,Non,3 CHEMIN DES RAZES,STE FOY LES LYON,0071,LES HAUTS DU BOIS,Kenzy CHABBI
0001,Agence Genas,AF259022,Ascenseur,Non,5 CHEMIN DES RAZES,STE FOY LES LYON,0071,LES HAUTS DU BOIS,Kenzy CHABBI
0001,Agence Genas,AF259023,Ascenseur,Non,7 CHEMIN DES RAZES,STE FOY LES LYON,0071,LES HAUTS DU BOIS,Kenzy CHABBI
0001,Agence Genas,AF259024,Ascenseur,Non,9 CHEMIN DES RAZES,STE FOY LES LYON,0071,LES HAUTS DU BOIS,Kenzy CHABBI
0001,Agence Genas,AF259025,Ascenseur,Non,11 CHEMIN DES RAZES,STE FOY LES LYON,0071,LES HAUTS DU BOIS,Kenzy CHABBI
0001,Agence Genas,AF259026,Ascenseur,Non,13 CHEMIN DES RAZES,STE FOY LES LYON,0071,LES HAUTS DU BOIS,Kenzy CHABBI
0001,Agence Genas,AF259027,Ascenseur,Non,2 RUE LEON GRANIER,STE FOY LES LYON,0071,LES HAUTS DU BOIS,Kenzy CHABBI
0001,Agence Genas,AF259028,Ascenseur,Non,4 RUE LEON GRANIER,STE FOY LES LYON,0071,LES HAUTS DU BOIS,Kenzy CHABBI
0001,Agence Genas,AF259029,Ascenseur,Non,6 RUE LEON GRANIER,STE FOY LES LYON,0071,LES HAUTS DU BOIS,Kenzy CHABBI
0001,Agence Genas,AF259030,Ascenseur,Non,8 RUE LEON GRANIER,STE FOY LES LYON,0071,LES HAUTS DU BOIS,Kenzy CHABBI
0001,Agence Genas,AF259031,Ascenseur,Non,10 RUE LEON GRANIER,STE FOY LES LYON,0071,LES HAUTS DU BOIS,Kenzy CHABBI
0001,Agence Genas,AF259032,Ascenseur,Non,12 RUE LEON GRANIER,STE FOY LES LYON,0071,LES HAUTS DU BOIS,Kenzy CHABBI
0001,Agence Genas,AF259033,Rideau,Non,77 Allée des Grandes Combes-ZI Ouest,MIRIBEL,0058,EFI AUTOMOTIVE Beynost,Olivier VUILLAUME 
0001,Agence Genas,AF259039,Ascenseur,Non,124 COURS GAMBETTA,LYON,0045,SDC LE LOMBARD - PAVILLON GAMBETTA,Mohamed BESSAFI
0001,Agence Genas,AF259040,Ascenseur,Non,124 COURS GAMBETTA,LYON,0045,SDC LE LOMBARD - PAVILLON GAMBETTA,Mohamed BESSAFI
0001,Agence Genas,HC259052,Portail,Non,2 RUE D'ALSACE - 25 RUE PAUL BERT,DECINES CHARPIEU,0058,2 RUE D'ALSACE,Olivier VUILLAUME 
0001,Agence Genas,AF259053,Portail,Non,1 AVENUE GASTON MONMOUSSEAU ,VAULX EN VELIN,0021,SNEF - Marché Orange Bron Fermeture,Romain RICORDEAU 
0001,Agence Genas,AF259054,Porte de garage,Non,2 RUE RENAN,LYON,0021,LE PRADO,Romain RICORDEAU 
0001,Agence Genas,AF259059,Ascenseur,Non,73 BIS RUE PASTEUR,CALUIRE ET CUIRE,0047,JADE,Nefis ALIOUCHE
0001,Agence Genas,AF259060,Ascenseur,Non,73 TER RUE PASTEUR,CALUIRE ET CUIRE,0047,JADE,Nefis ALIOUCHE
0001,Agence Genas,HC259068,Porte automatique,Non,92 AVENUE FELIX FAURE ,LYON,0021,MMA FELIX FAURE,Romain RICORDEAU 
0001,Agence Genas,AF259069,Porte de garage,Non,2 Rue des IRIS,BRON,0021,Résidence le THEODORE ,Romain RICORDEAU 
0001,Agence Genas,AF259075,Ascenseur,Non,6 Rue Georges Lyvet ,VENISSIEUX,0065,LE NOUVEAU MONTCHAUD,Khalil BELLAL
0001,Agence Genas,AF259076,Ascenseur,Non,8 Rue Georges Lyvet ,VENISSIEUX,0065,LE NOUVEAU MONTCHAUD,Khalil BELLAL
0001,Agence Genas,AF259077,Ascenseur,Non,10 Rue Georges Lyvet ,VENISSIEUX,0065,LE NOUVEAU MONTCHAUD,Khalil BELLAL
0001,Agence Genas,AF259078,Ascenseur,Non,12 Rue Georges Lyvet ,VENISSIEUX,0065,LE NOUVEAU MONTCHAUD,Khalil BELLAL
0001,Agence Genas,AF259079,Ascenseur,Non,14 Rue Georges Lyvet ,VENISSIEUX,0065,LE NOUVEAU MONTCHAUD,Khalil BELLAL
0001,Agence Genas,AF259080,Ascenseur,Non,16 Rue Georges Lyvet ,VENISSIEUX,0065,LE NOUVEAU MONTCHAUD,Khalil BELLAL
0001,Agence Genas,AF259081,Ascenseur,Non,18 Rue Georges Lyvet ,VENISSIEUX,0065,LE NOUVEAU MONTCHAUD,Khalil BELLAL
0001,Agence Genas,AF259082,Ascenseur,Non,20 Rue Georges Lyvet ,VENISSIEUX,0065,LE NOUVEAU MONTCHAUD,Khalil BELLAL
0001,Agence Genas,AF259083,Ascenseur,Non,9 Avenue Jean Cagne,VENISSIEUX,0065,LE NOUVEAU MONTCHAUD,Khalil BELLAL
0001,Agence Genas,AF259084,Ascenseur,Non,11 Avenue Jean Cagne,VENISSIEUX,0065,LE NOUVEAU MONTCHAUD,Khalil BELLAL
0001,Agence Genas,AF259085,Ascenseur,Non,13 Avenue Jean Cagne,VENISSIEUX,0065,LE NOUVEAU MONTCHAUD,Khalil BELLAL
0001,Agence Genas,AF259087,Ascenseur,Non,18 BOULEVARD DES BELGES,LYON,0056,SDC 18 BOULEVARD DES BELGES,Yaya DOUCOURE 
0001,Agence Genas,AF259099,Ascenseur,Non,64 boulevard 11 novembre 1918,VILLEURBANNE,0027,IMMEUBLE GLASSDOOR MATERI'ACT ,Luc CHAROLLAIS
0001,Agence Genas,AF259100,Ascenseur,Non,64 boulevard 11 novembre 1918,VILLEURBANNE,0027,IMMEUBLE GLASSDOOR MATERI'ACT ,Luc CHAROLLAIS
0001,Agence Genas,AF259108,EPMR elevtr pr pers a mobilité reduite,Non,89 RUE DU CUNIER,LIMONEST,0006,89 RUE DU CUNIER,Aurélien GUERIN
0001,Agence Genas,AF259109,Porte piétonne,Non,9 RUE ALFRED DE MUSSET,VILLEURBANNE,0021,EASTWOOD B - SNC BEL AIR,Romain RICORDEAU 
0001,Agence Genas,AF259110,Borne escamotable,Non,205 Rue du Château,DOLOMIEU,0058,DOMAINE DE DOLOMIEU,Olivier VUILLAUME 
0001,Agence Genas,AF259111,Borne escamotable,Non,205 Rue du Château,DOLOMIEU,0058,DOMAINE DE DOLOMIEU,Olivier VUILLAUME 
0001,Agence Genas,AF259112,Borne escamotable,Non,205 Rue du Château,DOLOMIEU,0058,DOMAINE DE DOLOMIEU,Olivier VUILLAUME 
0001,Agence Genas,AF259115,Rideau,Non,42 RUE DE BREST,LYON,0021,MILLET MOUNTAIN GROUP,Romain RICORDEAU 
0001,Agence Genas,AF259117,Barrière Levante,Oui,913 AV DES TEMPS MODERNES,ST PRIEST,0021,AMAZON,Romain RICORDEAU 
0001,Agence Genas,AF259118,Barrière Levante,Non,913 AV DES TEMPS MODERNES,ST PRIEST,0021,AMAZON,Romain RICORDEAU 
0001,Agence Genas,AF259119,Portail,Oui,913 AV DES TEMPS MODERNES,ST PRIEST,0021,AMAZON,Romain RICORDEAU 
0001,Agence Genas,AF259120,Portail,Non,913 AV DES TEMPS MODERNES,ST PRIEST,0021,AMAZON,Romain RICORDEAU 
0001,Agence Genas,AF259124,Niveleur de quai,Non,913 AV DES TEMPS MODERNES,ST PRIEST,0021,AMAZON,Romain RICORDEAU 
0001,Agence Genas,AF259125,Niveleur de quai,Non,913 AV DES TEMPS MODERNES,ST PRIEST,0021,AMAZON,Romain RICORDEAU 
0001,Agence Genas,AF259126,Niveleur de quai,Non,913 AV DES TEMPS MODERNES,ST PRIEST,0021,AMAZON,Romain RICORDEAU 
0001,Agence Genas,AF259127,Niveleur de quai,Non,913 AV DES TEMPS MODERNES,ST PRIEST,0021,AMAZON,Romain RICORDEAU 
0001,Agence Genas,AF259128,Porte automatique,Non,913 AV DES TEMPS MODERNES,ST PRIEST,0021,AMAZON,Romain RICORDEAU 
0001,Agence Genas,AF259129,Porte sectionnelle,Non,913 AV DES TEMPS MODERNES,ST PRIEST,0021,AMAZON,Romain RICORDEAU 
0001,Agence Genas,AF259130,Porte sectionnelle,Non,913 AV DES TEMPS MODERNES,ST PRIEST,0021,AMAZON,Romain RICORDEAU 
0001,Agence Genas,AF259131,Porte sectionnelle,Non,913 AV DES TEMPS MODERNES,ST PRIEST,0021,AMAZON,Romain RICORDEAU 
0001,Agence Genas,AF259132,Porte sectionnelle,Non,913 AV DES TEMPS MODERNES,ST PRIEST,0021,AMAZON,Romain RICORDEAU 
0001,Agence Genas,AF259133,Porte sectionnelle,Non,913 AV DES TEMPS MODERNES,ST PRIEST,0021,AMAZON,Romain RICORDEAU 
0001,Agence Genas,AF259134,Porte sectionnelle,Non,913 AV DES TEMPS MODERNES,ST PRIEST,0021,AMAZON,Romain RICORDEAU 
0001,Agence Genas,AF259135,Porte sectionnelle,Non,913 AV DES TEMPS MODERNES,ST PRIEST,0021,AMAZON,Romain RICORDEAU 
0001,Agence Genas,AF259136,Porte sectionnelle,Non,913 AV DES TEMPS MODERNES,ST PRIEST,0021,AMAZON,Romain RICORDEAU 
0001,Agence Genas,AF259137,Porte sectionnelle,Non,913 AV DES TEMPS MODERNES,ST PRIEST,0021,AMAZON,Romain RICORDEAU 
0001,Agence Genas,AF259138,Porte sectionnelle,Non,913 AV DES TEMPS MODERNES,ST PRIEST,0021,AMAZON,Romain RICORDEAU 
0001,Agence Genas,AF259139,Porte sectionnelle,Non,913 AV DES TEMPS MODERNES,ST PRIEST,0021,AMAZON,Romain RICORDEAU 
0001,Agence Genas,AF259140,Barrière Levante,Non,913 AV DES TEMPS MODERNES,ST PRIEST,0021,AMAZON,Romain RICORDEAU 
0001,Agence Genas,AF259141,Barrière Levante,Non,913 AV DES TEMPS MODERNES,ST PRIEST,0021,AMAZON,Romain RICORDEAU 
0001,Agence Genas,AF259143,Portail,Non,913 AV DES TEMPS MODERNES,ST PRIEST,0021,AMAZON,Romain RICORDEAU 
0001,Agence Genas,AF259142,Porte automatique,Non,913 AV DES TEMPS MODERNES,ST PRIEST,0021,AMAZON,Romain RICORDEAU 
0001,Agence Genas,AF259144,Porte automatique,Non,913 AV DES TEMPS MODERNES,ST PRIEST,0021,AMAZON,Romain RICORDEAU 
0001,Agence Genas,AF259145,Ascenseur,Non,50 RUE GEORGES COURTELINE,VILLEURBANNE,0027,FOYER LE PRE VERT,Luc CHAROLLAIS
0001,Agence Genas,AF259146,Ascenseur,Non,50 RUE GEORGES COURTELINE,VILLEURBANNE,0027,FOYER LE PRE VERT,Luc CHAROLLAIS
0001,Agence Genas,AF214955,Ascenseur,Non,35 rue Cavenne,LYON,0057,SDC MERIEUX,Anouar BEN MESSAOUD
0001,Agence Genas,2507699,EPMR elevtr pr pers a mobilité reduite,Non,20 impasse des tilleuls,VILLEURBANNE,0027,LOMATY,Luc CHAROLLAIS
0001,Agence Genas,AF259168,Ascenseur,Non,45 ROUTE DE VIENNE,LYON,0045,45 ROUTE DE VIENNE,Mohamed BESSAFI
0001,Agence Genas,AF259173,Portail,Non,1-11 RUE JEAN PAUL CHARRA,Vaulx en Velin,0021,SDC LE VERT HORIZON,Romain RICORDEAU 
0001,Agence Genas,AF259175,Ascenseur,Non,54/57 QUAI PERRACHE,LYON,0071,CAMPUS GALILEO,Kenzy CHABBI
0001,Agence Genas,AF259176,Ascenseur,Non,54/57 QUAI PERRACHE,LYON,0071,CAMPUS GALILEO,Kenzy CHABBI
0001,Agence Genas,AF259177,Ascenseur,Non,54/57 QUAI PERRACHE,LYON,0071,CAMPUS GALILEO,Kenzy CHABBI
0001,Agence Genas,AF259178,Ascenseur,Non,54/57 QUAI PERRACHE,LYON,0071,CAMPUS GALILEO,Kenzy CHABBI
0001,Agence Genas,AF259179,Ascenseur,Non,54/57 QUAI PERRACHE,LYON,0071,CAMPUS GALILEO,Kenzy CHABBI
0001,Agence Genas,AF259183,Ascenseur,Non,SDC 21 RUE JUSTIN GODART,LYON,0047,SDC 21 RUE JUSTIN GODART,Nefis ALIOUCHE
0001,Agence Genas,AF259184,Porte sectionnelle,Non,11 rue d'Arsonval,CHASSIEU,0058,ABB CHASSIEU,Olivier VUILLAUME 
0001,Agence Genas,AF259185,Rideau,Non,25 rue des Sayes,L ISLE D ABEAU,0058,Boutique Orange fermeture - LYON,Olivier VUILLAUME 
0001,Agence Genas,AF259221,Ascenseur,Non,4 RUE AUGUSTE PAYANT,LYON,0045,SDC LES TERRASSES,Mohamed BESSAFI
0001,Agence Genas,AF259222,Ascenseur,Non,6 RUE AUGUSTE PAYANT,LYON,0045,SDC LES TERRASSES,Mohamed BESSAFI
0001,Agence Genas,AF259223,Ascenseur,Non,6 RUE AUGUSTE PAYANT,LYON,0045,SDC LES TERRASSES,Mohamed BESSAFI
0001,Agence Genas,AF259263,Monte Plats,Non,2 Place Amédée Bonnet,LYON,0056,Restaurant SHIYO,Yaya DOUCOURE 
0001,Agence Genas,AF259264,Monte Plats,Non,2 Place Amédée Bonnet,LYON,0056,Restaurant SHIYO,Yaya DOUCOURE 
0001,Agence Genas,AF259266,Porte automatique,Non,51 Bd Marius Vivier Merle,LYON,0021,REGUS,Romain RICORDEAU 
0001,Agence Genas,AF259267,Ascenseur,Non,30 RUE TETE D'OR,LYON,0056,SDC 30 RUE TETE D'OR,Yaya DOUCOURE 
0001,Agence Genas,AF259279,Ascenseur,Non,23 RUE DE LA CROIX DE L'ORME,ST ETIENNE,0006,FONDATION ARALIS - AO,Aurélien GUERIN
0001,Agence Genas,AF259280,Ascenseur,Non,23 RUE DE LA CROIX DE L'ORME,ST ETIENNE,0006,FONDATION ARALIS - AO,Aurélien GUERIN
0001,Agence Genas,AF259281,Ascenseur,Non,31 RUE DE LA BOURGOGNE,LYON,0057,FONDATION ARALIS - AO,Anouar BEN MESSAOUD
0001,Agence Genas,AF259282,Ascenseur,Non,33 RUE DE LA CORDIERE,SAINT PRIEST,0065,FONDATION ARALIS - AO,Khalil BELLAL
0001,Agence Genas,AF259283,Ascenseur,Non,15 RUE DU DAUPHINE,LYON,0057,FONDATION ARALIS - AO,Anouar BEN MESSAOUD
0001,Agence Genas,AF259284,Ascenseur,Non,94 RUE DEDIEU,VILLEURBANNE,0057,FONDATION ARALIS - AO,Anouar BEN MESSAOUD
0001,Agence Genas,AF259285,Ascenseur,Non,41 RUE DUQUESNE,LYON,0056,FONDATION ARALIS - AO,Yaya DOUCOURE 
0001,Agence Genas,AF259286,Ascenseur,Non,115 COURS EMILE ZOLA,VILLEURBANNE,0057,FONDATION ARALIS - AO,Anouar BEN MESSAOUD
0001,Agence Genas,AF259287,Ascenseur,Non,112 RUE GABRIEL PERI,SAINT ETIENNE,0006,FONDATION ARALIS - AO,Aurélien GUERIN
0001,Agence Genas,AF259288,Ascenseur,Non,102 AVENUE GENERAL FRERE ,LYON,0045,FONDATION ARALIS - AO,Mohamed BESSAFI
0001,Agence Genas,AF259289,Ascenseur,Non,19 RUE LIEUTENANT COLONEL GIRARD,LYON,0045,FONDATION ARALIS - AO,Mohamed BESSAFI
0001,Agence Genas,AF259290,Ascenseur,Oui,19 RUE LIEUTENANT COLONEL GIRARD,LYON,0045,FONDATION ARALIS - AO,Mohamed BESSAFI
0001,Agence Genas,AF259291,Ascenseur,Non,106 BOULEVARD YVES FARGE,LYON,0045,FONDATION ARALIS - AO,Mohamed BESSAFI
0001,Agence Genas,AF259292,Ascenseur,Non,41 RUE LASSAIGNE,SAINT ETIENNE,0006,FONDATION ARALIS - AO,Aurélien GUERIN
0001,Agence Genas,AF259293,Ascenseur,Non,43 RUE D'INKERMANN,LYON,0056,FONDATION ARALIS - AO,Yaya DOUCOURE 
0001,Agence Genas,AF259294,Ascenseur,Non,59 RUE JOANNES VALLET,VENISSIEUX,0065,FONDATION ARALIS - AO,Khalil BELLAL
0001,Agence Genas,AF259295,Ascenseur,Non,59 RUE JOANNES VALLET,VENISSIEUX,0065,FONDATION ARALIS - AO,Khalil BELLAL
0001,Agence Genas,AF259296,Ascenseur,Non,36 QUAI JAYR,LYON,0057,FONDATION ARALIS - AO,Anouar BEN MESSAOUD
0001,Agence Genas,AF259297,Ascenseur,Non,15 RUE JOUFFROY D'ABBANS ,LYON,0057,FONDATION ARALIS - AO,Anouar BEN MESSAOUD
0001,Agence Genas,AF259298,Ascenseur,Non,40 QUAI JEAN JACQUES ROUSSEAU,LA MULATIERE,0071,FONDATION ARALIS - AO,Kenzy CHABBI
0001,Agence Genas,AF259299,Ascenseur,Non,1 AVENUE DU CROTTAY,MEYZIEU,0070,FONDATION ARALIS - AO,Guillaume LANGLOIS
0001,Agence Genas,AF259300,Ascenseur,Non,52 RUE DES ANTONINS,VILLEURBANNE,0057,FONDATION ARALIS - AO,Anouar BEN MESSAOUD
0001,Agence Genas,AF259301,Ascenseur,Non,21 RUE VERLET HANUS,LYON,0057,FONDATION ARALIS - AO,Anouar BEN MESSAOUD
0001,Agence Genas,AF259302,Ascenseur,Non,230 A RUE ANDRE PHILIP,LYON,0057,FONDATION ARALIS - AO,Anouar BEN MESSAOUD
0001,Agence Genas,AF259303,Ascenseur,Oui,230 B  RUE ANDRE PHILIP,LYON,0057,FONDATION ARALIS - AO,Anouar BEN MESSAOUD
0001,Agence Genas,AF259304,Ascenseur,Non,27 AVENUE PAUL SANTY - HALL,LYON,0045,FONDATION ARALIS - AO,Mohamed BESSAFI
0001,Agence Genas,AF259305,Ascenseur,Non,27 AVENUE PAUL SANTY- COULOIR,LYON,0045,FONDATION ARALIS - AO,Mohamed BESSAFI
0001,Agence Genas,AF259306,Ascenseur,Non,33 B RUE NEY,LYON,0056,FONDATION ARALIS - AO,Yaya DOUCOURE 
0001,Agence Genas,AF259307,Ascenseur,Non,76 RUE NICOLAS GARNIER,VILLEURBANNE,0057,FONDATION ARALIS - AO,Anouar BEN MESSAOUD
0001,Agence Genas,AF259308,Ascenseur,Non,76 RUE NICOLAS GARNIER,VILLEURBANNE,0057,FONDATION ARALIS - AO,Anouar BEN MESSAOUD
0001,Agence Genas,AF259309,Ascenseur,Oui,76 RUE NICOLAS GARNIER,VILLEURBANNE,0057,FONDATION ARALIS - AO,Anouar BEN MESSAOUD
0001,Agence Genas,AF259310,Ascenseur,Non,123 RUE D'ANVERS,LYON,0045,FONDATION ARALIS - AO,Mohamed BESSAFI
0001,Agence Genas,AF259311,Ascenseur,Non,17 RUE PASTEUR,LYON,0045,FONDATION ARALIS - AO,Mohamed BESSAFI
0001,Agence Genas,AF259312,Ascenseur,Non,7 RUE YVONNE CHANU,VILLEURBANNE,0057,FONDATION ARALIS - AO,Anouar BEN MESSAOUD
0001,Agence Genas,AF259313,Ascenseur,Non,7 RUE YVONNE CHANU,VILLEURBANNE,0057,FONDATION ARALIS - AO,Anouar BEN MESSAOUD
0001,Agence Genas,AF259314,Ascenseur,Non,5 PLACE DE LA FERRANDIERE,LYON,0057,FONDATION ARALIS - AO,Anouar BEN MESSAOUD
0001,Agence Genas,AF259315,Ascenseur,Non,5B PLACE DE LA FERRANDIERE,LYON,0057,FONDATION ARALIS - AO,Anouar BEN MESSAOUD
0001,Agence Genas,AF259316,Ascenseur,Non,30 RUE CLAUDIUS PIONCHON,LYON,0057,FONDATION ARALIS - AO,Anouar BEN MESSAOUD
0001,Agence Genas,AF259317,Ascenseur,Non,185 RUE FRANCIS DE PRESSENSE,VILLEURBANNE,0057,FONDATION ARALIS - AO,Anouar BEN MESSAOUD
0001,Agence Genas,AF259318,Ascenseur,Non,185 RUE FRANCIS DE PRESSENSE,VILLEURBANNE,0057,FONDATION ARALIS - AO,Anouar BEN MESSAOUD
0001,Agence Genas,AF259319,Ascenseur,Non,185 RUE FRANCIS DE PRESSENSE,VILLEURBANNE,0057,FONDATION ARALIS - AO,Anouar BEN MESSAOUD
0001,Agence Genas,AF259320,Ascenseur,Non,10 RUE FELIX ROLLET,LYON,0057,FONDATION ARALIS - AO,Anouar BEN MESSAOUD
0001,Agence Genas,AF259321,Ascenseur,Non,10 RUE FELIX ROLLET,LYON,0057,FONDATION ARALIS - AO,Anouar BEN MESSAOUD
0001,Agence Genas,AF259322,Ascenseur,Non,10 RUE FELIX ROLLET,LYON,0057,FONDATION ARALIS - AO,Anouar BEN MESSAOUD
0001,Agence Genas,AF259323,Ascenseur,Non,10 RUE FELIX ROLLET,LYON,0057,FONDATION ARALIS - AO,Anouar BEN MESSAOUD
0001,Agence Genas,AF259324,Ascenseur,Non,10 RUE SAINT SIMON,LYON,0072,FONDATION ARALIS - AO,Nouredine BOUNAAS
0001,Agence Genas,AF259325,Ascenseur,Non,10 B RUE SAINT SIMON,LYON,0072,FONDATION ARALIS - AO,Nouredine BOUNAAS
0001,Agence Genas,AF259326,Ascenseur,Non,3 RUE DES TEMPLIERS,LYON,0056,FONDATION ARALIS - AO,Yaya DOUCOURE 
0001,Agence Genas,AF259332,Ascenseur,Non,5 RUE RASPAIL,ST FONS,0065,LES MOUSQUETAIRES,Khalil BELLAL
0001,Agence Genas,AF259333,Porte de garage,Non,79 RUE DU DAUPHINE,LYON,0021,MY DIGITAL SCHOOL ,Romain RICORDEAU 
0001,Agence Genas,AF259339,Ascenseur,Non,121 alée des roseaux,MARENNES,0070,SDC CAP VERDURE 2,Guillaume LANGLOIS
0001,Agence Genas,AF259345,Ascenseur,Non,15 AVENUE FOCH,STE FOY LES LYON,0071,SDC FOCH LA SALETTE,Kenzy CHABBI
0001,Agence Genas,AF259346,Ascenseur,Non,17 AVENUE FOCH,STE FOY LES LYON,0071,SDC FOCH LA SALETTE,Kenzy CHABBI
0001,Agence Genas,AF259347,Ascenseur,Non,19 AVENUE FOCH,STE FOY LES LYON,0071,SDC FOCH LA SALETTE,Kenzy CHABBI
0001,Agence Genas,AF259348,Ascenseur,Non,21 AVENUE FOCH,STE FOY LES LYON,0071,SDC FOCH LA SALETTE,Kenzy CHABBI
0001,Agence Genas,AF259349,Ascenseur,Non,23 AVENUE FOCH,STE FOY LES LYON,0071,SDC FOCH LA SALETTE,Kenzy CHABBI
0001,Agence Genas,AF259350,Ascenseur,Non,25 AVENUE FOCH,STE FOY LES LYON,0071,SDC FOCH LA SALETTE,Kenzy CHABBI
0001,Agence Genas,AF259351,Ascenseur,Non,27 AVENUE FOCH,STE FOY LES LYON,0071,SDC FOCH LA SALETTE,Kenzy CHABBI
0001,Agence Genas,AF259352,Ascenseur,Non,29 AVENUE FOCH,STE FOY LES LYON,0071,SDC FOCH LA SALETTE,Kenzy CHABBI
0001,Agence Genas,AF259353,Ascenseur,Non,31 AVENUE FOCH,STE FOY LES LYON,0071,SDC FOCH LA SALETTE,Kenzy CHABBI
0001,Agence Genas,AF259354,Ascenseur,Non,33 AVENUE FOCH,STE FOY LES LYON,0071,SDC FOCH LA SALETTE,Kenzy CHABBI
0001,Agence Genas,AF259355,Ascenseur,Non,35 AVENUE FOCH,STE FOY LES LYON,0071,SDC FOCH LA SALETTE,Kenzy CHABBI
0001,Agence Genas,AF259360,Ascenseur,Non,6 RUE LOUIS BLANC,ST FONS,0065,LES MOUSQUETAIRES,Khalil BELLAL
0001,Agence Genas,AF259367,Barrière Levante,Non,Rue Saint Simon,LYON,0021,GREENOPOLIS D01-D02,Romain RICORDEAU 
0001,Agence Genas,AF259368,Ascenseur,Non,11 RUE DU RHONE,LYON,0045,CASA BELLA,Mohamed BESSAFI
0001,Agence Genas,AF259369,Ascenseur,Non,43 RUE DU COMMANDANT AYASSE,LYON,0045,CASA BELLA,Mohamed BESSAFI
0001,Agence Genas,AF259370,Ascenseur,Non,47 RUE DU COMMANDANT AYASSE,LYON,0045,CASA BELLA,Mohamed BESSAFI
0001,Agence Genas,AF259371,Ascenseur,Non,8 RUE DES ARCHERS,LYON,0056,8 RUE DES ARCHERS,Yaya DOUCOURE 
0001,Agence Genas,AF259372,EPMR elevtr pr pers a mobilité reduite,Non,27 BOULEVARD DE L EUROPE,OULLINS,0071,27 BOULEVARD DE L EUROPE,Kenzy CHABBI
0001,Agence Genas,AF259373,Ascenseur,Non,153 RUE PIERRE CORNEILLE,LYON,0053,LES ISSAMBRES,Christopher WILTORD
0001,Agence Genas,AF259374,Ascenseur,Non,QUAI RAMBAUD,LYON,0056,Riverside Collection Operations GmbH,Yaya DOUCOURE 
0001,Agence Genas,AF259380,Porte de garage,Non,74 BOULEVARD DE L'EUROPE,PIERRE BENITE,0073,LE MOSAICA,Yann GENIEIS
0001,Agence Genas,AF259393,Ascenseur,Non,13 RUE SAINT LAZARE,LYON,0045,LES TROIS PIERRES ,Mohamed BESSAFI
0001,Agence Genas,AF259400,Ascenseur,Non,10 RUE BOURGELAT,LYON,0056,SDC BOURGELAT 10,Yaya DOUCOURE 
0001,Agence Genas,AF259408,Ascenseur,Non,28 RUE RANCY,LYON,0053,LYON PART DIEU 1,Christopher WILTORD
0001,Agence Genas,AF259409,Ascenseur,Non,28 RUE RANCY,LYON,0053,LYON PART DIEU 1,Christopher WILTORD
0001,Agence Genas,AF259421,Porte automatique,Non,30 COURS RICHARD VITTON,MONTCHAT,0073,EUROFINS,Yann GENIEIS
0001,Agence Genas,AF259422,Porte automatique,Non,30 COURS RICHARD VITTON,LYON,0073,EUROFINS,Yann GENIEIS
0001,Agence Genas,AF259424,Porte de garage,Non,26 rue Louis Blanc,ST FONS,0073,LES JARDINS DE SAINT FONS,Yann GENIEIS
0001,Agence Genas,AF259434,Portail,Non,47 Avenue Esquirol,LYON,0021,SDC LE MONTAIGNE,Romain RICORDEAU 
0001,Agence Genas,AF259441,Elévateur,Non,43 CHEMIN DE LA HALTE DU MERIDIEN,CHARBONNIERES LES BAINS,0006,M. ET MME BRUWIER,Aurélien GUERIN
0001,Agence Genas,AF259443,Ascenseur,Non,74 BOULEVARD DE L'EUROPE,PIERRE BENITE,0071,LE MOSAICA,Kenzy CHABBI
0001,Agence Genas,AF259444,Ascenseur,Non,74 BOULEVARD DE L'EUROPE,PIERRE BENITE,0071,LE MOSAICA,Kenzy CHABBI
0001,Agence Genas,AF259445,Ascenseur,Non,19 PLACE LOUIS PRADEL,LYON,0056,COMISSARIAT 1-4,Yaya DOUCOURE 
0001,Agence Genas,AF259446,Ascenseur,Non,19 PLACE LOUIS PRADEL,LYON,0056,COMISSARIAT 1-4,Yaya DOUCOURE 
0001,Agence Genas,AF259447,Plate-Forme,Non,19 PLACE LOUIS PRADEL,LYON,0056,COMISSARIAT 1-4,Yaya DOUCOURE 
0001,Agence Genas,AF259065,Ascenseur,Non,25 Montée de Castellane,RILLIEUX LA PAPE,0027,ECOLE CASTELLANE ELEMENTAIRE,Luc CHAROLLAIS
0001,Agence Genas,AF259461,Ascenseur,Non,51 COURS VITTON,LYON,0056,SDC 51 COURS VITTON,Yaya DOUCOURE 
0001,Agence Genas,AF259480,Portail,Non,388 RUE ANTOINE PINAY,GENAS,0021,NOMADE BREWERY,Romain RICORDEAU 
0001,Agence Genas,AF259481,Porte sectionnelle,Non,388 RUE ANTOINE PINAY,GENAS,0021,NOMADE BREWERY,Romain RICORDEAU 
0001,Agence Genas,AF259482,Porte sectionnelle,Non,388 RUE ANTOINE PINAY,GENAS,0021,NOMADE BREWERY,Romain RICORDEAU 
0001,Agence Genas,AF259490,Ascenseur,Non,62 RUE DU COLOMBIER,LYON,0045,LE COLOMBIER,Mohamed BESSAFI
0001,Agence Genas,AF259491,Ascenseur,Non,64 RUE DU COLOMBIER,LYON,0045,LE COLOMBIER,Mohamed BESSAFI
0001,Agence Genas,AF259492,Ascenseur,Non,39 BOULEVARD DES BELGES,LYON,0056,SDC 39 - 41 BOULEVARD DES BELGES,Yaya DOUCOURE 
0001,Agence Genas,AF259495,Portail,Non,12 RUE D'ARSONVAL,CHASSIEU,0058,PEDERSEN CARBURE ET DIAMANT,Olivier VUILLAUME 
0001,Agence Genas,AF259496,Ascenseur,Non,39 BOULEVARD DES BELGES,LYON,0056,SDC 39 - 41 BOULEVARD DES BELGES,Yaya DOUCOURE 
0001,Agence Genas,AF259497,Ascenseur,Non,41 BOULEVARD DES BELGES,LYON,0056,SDC 39 - 41 BOULEVARD DES BELGES,Yaya DOUCOURE 
0001,Agence Genas,AF259498,Ascenseur,Non,41 BOULEVARD DES BELGES,LYON,0056,SDC 39 - 41 BOULEVARD DES BELGES,Yaya DOUCOURE 
0001,Agence Genas,AF259502,Ascenseur,Non,52 RUE PROFESSEUR DEPERET,TASSIN LA DEMI LUNE,0006,SDC CASA ROSA,Aurélien GUERIN
0001,Agence Genas,AF259503,Ascenseur,Non,54 RUE PROFESSEUR DEPERET,TASSIN LA DEMI LUNE,0006,SDC CASA ROSA,Aurélien GUERIN
0001,Agence Genas,AF259504,Ascenseur,Non,13 RUE LORTET,LYON,0045,RESIDENCE MEGARA,Mohamed BESSAFI
0001,Agence Genas,AF259506,Porte de garage,Non,9/9BIS RUE EDOUARD VAILLANT,VILLEURBANNE,0021,SDC COEUR VAILLANT,Romain RICORDEAU 
0001,Agence Genas,AF259510,Ascenseur,Non,3 RUE ROGER SALENGRO,VENISSIEUX,0065,INLI AURA - LOT 3 - AO 2026,Khalil BELLAL
0001,Agence Genas,AF259511,Ascenseur,Non,3 RUE ROGER SALENGRO,VENISSIEUX,0065,INLI AURA - LOT 3 - AO 2026,Khalil BELLAL
0001,Agence Genas,AF259512,Ascenseur,Non,3 RUE ROGER SALENGRO,VENISSIEUX,0065,INLI AURA - LOT 3 - AO 2026,Khalil BELLAL
0001,Agence Genas,AF259513,Ascenseur,Non,3 RUE ROGER SALENGRO,VENISSIEUX,0065,INLI AURA - LOT 3 - AO 2026,Khalil BELLAL
0001,Agence Genas,AF259514,Ascenseur,Non,3 RUE ROGER SALENGRO,VENISSIEUX,0065,INLI AURA - LOT 3 - AO 2026,Khalil BELLAL
0001,Agence Genas,AF259515,Ascenseur,Non,3 RUE ROGER SALENGRO,VENISSIEUX,0065,INLI AURA - LOT 3 - AO 2026,Khalil BELLAL
0001,Agence Genas,AF259516,Ascenseur,Non,3 RUE ROGER SALENGRO,VENISSIEUX,0065,INLI AURA - LOT 3 - AO 2026,Khalil BELLAL
0001,Agence Genas,AF259517,Ascenseur,Non,3 RUE ROGER SALENGRO,VENISSIEUX,0065,INLI AURA - LOT 3 - AO 2026,Khalil BELLAL
0001,Agence Genas,AF259518,Ascenseur,Non,3 RUE ROGER SALENGRO,VENISSIEUX,0065,INLI AURA - LOT 3 - AO 2026,Khalil BELLAL
0001,Agence Genas,AF259519,Ascenseur,Non,3 RUE ROGER SALENGRO,VENISSIEUX,0065,INLI AURA - LOT 3 - AO 2026,Khalil BELLAL
0001,Agence Genas,AF259520,Ascenseur,Non,3 RUE ROGER SALENGRO,VENISSIEUX,0065,INLI AURA - LOT 3 - AO 2026,Khalil BELLAL
0001,Agence Genas,AF259521,Ascenseur,Non,3 RUE ROGER SALENGRO,VENISSIEUX,0065,INLI AURA - LOT 3 - AO 2026,Khalil BELLAL
0001,Agence Genas,AF259523,Ascenseur,Non,1 ALLEE DES ACACIAS,VENISSIEUX,0065,INLI AURA - LOT 3 - AO 2026,Khalil BELLAL
0001,Agence Genas,AF259524,Ascenseur,Non,3 ALLEE DES ACACIAS,VENISSIEUX,0065,INLI AURA - LOT 3 - AO 2026,Khalil BELLAL
0001,Agence Genas,AF259525,Ascenseur,Non,5 ALLEE DES ACACIAS,VENISSIEUX,0065,INLI AURA - LOT 3 - AO 2026,Khalil BELLAL
0001,Agence Genas,AF259526,Ascenseur,Non,7 ALLEE DES ACACIAS,VENISSIEUX,0065,INLI AURA - LOT 3 - AO 2026,Khalil BELLAL
0001,Agence Genas,AF259527,Ascenseur,Non,9 ALLEE DES ACACIAS,VENISSIEUX,0065,INLI AURA - LOT 3 - AO 2026,Khalil BELLAL
0001,Agence Genas,AF259528,Ascenseur,Non,30 ALLEE DES ACACIAS,VENISSIEUX,0065,INLI AURA - LOT 3 - AO 2026,Khalil BELLAL
0001,Agence Genas,AF259529,Ascenseur,Non,44 RUE ALFRED DE VIGNY,ST PRIEST,0065,INLI AURA - LOT 3 - AO 2026,Khalil BELLAL
0001,Agence Genas,AF259530,Ascenseur,Non,46 RUE ALFRED DE VIGNY,ST PRIEST ,0065,INLI AURA - LOT 3 - AO 2026,Khalil BELLAL
0001,Agence Genas,AF259531,Ascenseur,Non,7 AVENUE DE VANDOREN,NEUVILLE SUR SAONE,0070,INLI AURA - LOT 3 - AO 2026,Guillaume LANGLOIS
0001,Agence Genas,AF259532,Ascenseur,Non,5 AVENUE DE VANDOREN,NEUVILLE SUR SAONE,0070,INLI AURA - LOT 3 - AO 2026,Guillaume LANGLOIS
0001,Agence Genas,AF259534,Ascenseur,Non,22 AVENUE FRANCIS DE PRESSENSE,VENISSIEUX,0065,INLI AURA - LOT 3 - AO 2026,Khalil BELLAL
0001,Agence Genas,AF259535,Ascenseur,Non,323 CHEMIN DES BRUYERES,CALUIRE ET CUIRE,0047,INLI AURA - LOT 3 - AO 2026,Nefis ALIOUCHE
0001,Agence Genas,AF259536,Ascenseur,Non,24 CHEMIN DE CHARRIERE BLANCHE,ECULLY,0006,INLI AURA - LOT 3 - AO 2026,Aurélien GUERIN
0001,Agence Genas,AF259537,Ascenseur,Non,24 CHEMIN DE CHARRIERE BLANCHE,ECULLY,0006,INLI AURA - LOT 3 - AO 2026,Aurélien GUERIN
0001,Agence Genas,AF259538,Ascenseur,Non,26 RUE ETIENNE DOLET,ST FONS,0065,INLI AURA - LOT 3 - AO 2026,Khalil BELLAL
0001,Agence Genas,AF259539,Ascenseur,Non,4 RUE PROFESSEUR CALMETTE,VENISSIEUX,0065,INLI AURA - LOT 3 - AO 2026,Khalil BELLAL
0001,Agence Genas,AF259540,Ascenseur,Non,17 AVENUE DU VAL DE SAONE,SATHONAY CAMP,0070,INLI AURA - LOT 3 - AO 2026,Guillaume LANGLOIS
0001,Agence Genas,AF259541,Ascenseur,Non,3 RUE DE LA CORDIERE,ST PRIEST,0065,INLI AURA - LOT 3 - AO 2026,Khalil BELLAL
0001,Agence Genas,AF259542,Ascenseur,Non,3 ALLEE PAUL DELORME,SATHONAY CAMP,0070,INLI AURA - LOT 3 - AO 2026,Guillaume LANGLOIS
0001,Agence Genas,AF259543,Ascenseur,Non,34/36 JEAN MOULIN,CALUIRE ET CUIRE,0047,INLI AURA - LOT 3 - AO 2026,Nefis ALIOUCHE
0001,Agence Genas,AF259544,Ascenseur,Non,70-76 RUE ARISTIDE BRIAND,ST PRIEST,0065,INLI AURA - LOT 3 - AO 2026,Khalil BELLAL
0001,Agence Genas,AF259545,Ascenseur,Non,70-76 RUE ARISTIDE BRIAND,ST PRIEST,0065,INLI AURA - LOT 3 - AO 2026,Khalil BELLAL
0001,Agence Genas,AF259546,Ascenseur,Non,24 RUE DES RAZES,FEYZIN,0065,INLI AURA - LOT 3 - AO 2026,Khalil BELLAL
0001,Agence Genas,AF259547,Ascenseur,Non,23 RUE FINE,FEYZIN,0065,INLI AURA - LOT 3 - AO 2026,Khalil BELLAL
0001,Agence Genas,AF259548,Ascenseur,Non,7 BIS RUE JEAN MARIE VIANNEY,ECULLY,0006,INLI AURA - LOT 3 - AO 2026,Aurélien GUERIN
0001,Agence Genas,AF259549,Ascenseur,Non,74 AVENUE JEAN JAURES,ST FONS,0065,INLI AURA - LOT 3 - AO 2026,Khalil BELLAL
0001,Agence Genas,AF259550,Ascenseur,Non,38 AVENUE GENERAL BROSSET ,TASSIN LA DEMI LUNE,0006,INLI AURA - LOT 3 - AO 2026,Aurélien GUERIN
0001,Agence Genas,AF259551,Ascenseur,Non,40 AVENUE GENERAL BROSSET ,TASSIN LA DEMI LUNE,0006,INLI AURA - LOT 3 - AO 2026,Aurélien GUERIN
0001,Agence Genas,AF259552,Ascenseur,Non,42 AVENUE GENERAL BROSSET ,TASSIN LA DEMI LUNE,0006,INLI AURA - LOT 3 - AO 2026,Aurélien GUERIN
0001,Agence Genas,AF259553,Ascenseur,Non,44 AVENUE GENERAL BROSSET ,TASSIN LA DEMI LUNE,0006,INLI AURA - LOT 3 - AO 2026,Aurélien GUERIN
0001,Agence Genas,AF259555,Ascenseur,Non,39 RUE DE LA REPUBLIQUE,DECINES CHARPIEU,0070,LA VILLA BRENIER,Guillaume LANGLOIS
0001,Agence Genas,AF259556,Ascenseur,Non,6 CHEMIN DU PEU,MORNANT,0006,LE BEAUCHAMP,Aurélien GUERIN
0001,Agence Genas,AF259557,Ascenseur,Non,SDC 131 AVENUE DE SAXE,LYON,0045,SDC 131 AVENUE DE SAXE,Mohamed BESSAFI
0001,Agence Genas,AF259558,Ascenseur,Non,25 RUE DOUAUMONT,VILLEURBANNE,0027,SDC RESIDENCE PARALLELES,Luc CHAROLLAIS
0001,Agence Genas,AF259559,Ascenseur,Non,27 RUE DOUAUMONT,VILLEURBANNE,0027,SDC RESIDENCE PARALLELES,Luc CHAROLLAIS
0001,Agence Genas,AF259560,Portail,Non,1-11 RUE JEAN PAUL CHARRA,Vaulx en Velin,0021,SDC LE VERT HORIZON,Romain RICORDEAU 
0001,Agence Genas,AF259561,Portail,Non,1-11 RUE JEAN PAUL CHARRA,Vaulx en Velin,0021,SDC LE VERT HORIZON,Romain RICORDEAU 
0001,Agence Genas,AF259562,Portail,Non,1-11 RUE JEAN PAUL CHARRA,Vaulx en Velin,0021,SDC LE VERT HORIZON,Romain RICORDEAU 
0001,Agence Genas,AF259563,Portail,Non,1-11 RUE JEAN PAUL CHARRA,Vaulx en Velin,0021,SDC LE VERT HORIZON,Romain RICORDEAU 
0001,Agence Genas,AF259564,Portail,Non,1-11 RUE JEAN PAUL CHARRA,Vaulx en Velin,0021,SDC LE VERT HORIZON,Romain RICORDEAU 
0001,Agence Genas,AF259565,Portail,Non,1-11 RUE JEAN PAUL CHARRA,Vaulx en Velin,0021,SDC LE VERT HORIZON,Romain RICORDEAU 
0001,Agence Genas,AF259566,Portail,Non,1-11 RUE JEAN PAUL CHARRA,Vaulx en Velin,0021,SDC LE VERT HORIZON,Romain RICORDEAU 
0001,Agence Genas,AF259567,Portail,Non,1-11 RUE JEAN PAUL CHARRA,Vaulx en Velin,0021,SDC LE VERT HORIZON,Romain RICORDEAU 
0001,Agence Genas,AF259574,Porte sectionnelle motorisée,Non,2 RUE RENAN,LYON,0021,LE PRADO,Romain RICORDEAU 
0001,Agence Genas,AF259575,Rideau métallique,Non,255 ROUTE DE VIENNE,LYON,0073,CENTRE SCOLAIRE LA XAVIERE,Yann GENIEIS
0001,Agence Genas,AF259576,Rideau métallique,Non,255 ROUTE DE VIENNE,LYON,0073,CENTRE SCOLAIRE LA XAVIERE,Yann GENIEIS
0001,Agence Genas,AF259577,Rideau métallique,Non,9 RUE DU PROFESSEUR,LYON,0073,CENTRE SCOLAIRE LA XAVIERE,Yann GENIEIS
0001,Agence Genas,AF259578,Rideau métallique,Non,9 RUE DU PROFESSEUR,LYON,0073,CENTRE SCOLAIRE LA XAVIERE,Yann GENIEIS
0001,Agence Genas,AF259579,Rideau métallique,Non,9 RUE DU PROFESSEUR ,LYON,0073,CENTRE SCOLAIRE LA XAVIERE,Yann GENIEIS
0001,Agence Genas,AF259580,Rideau métallique,Non,9 RUE DU PROFESSEUR ,LYON,0073,CENTRE SCOLAIRE LA XAVIERE,Yann GENIEIS
0001,Agence Genas,AF259582,Barrière Levante,Non,2 RUE JEAN BOUIN,LYON,0021,SCI PARKING JDL,Romain RICORDEAU 
0001,Agence Genas,AF259583,Barrière Levante,Non,2 RUE JEAN BOUIN,LYON,0021,SCI PARKING JDL,Romain RICORDEAU 
0001,Agence Genas,AF259584,Barrière Levante,Non,2 RUE JEAN BOUIN,LYON,0021,SCI PARKING JDL,Romain RICORDEAU 
0001,Agence Genas,AF259585,Portail,Non,2 RUE JEAN BOUIN,LYON,0021,SCI PARKING JDL,Romain RICORDEAU 
0001,Agence Genas,AF259586,Portail,Non,2 RUE JEAN BOUIN,LYON,0021,SCI PARKING JDL,Romain RICORDEAU 
0001,Agence Genas,AF259587,Porte de garage,Non,2 RUE JEAN BOUIN,LYON,0021,SCI PARKING JDL,Romain RICORDEAU 
0001,Agence Genas,AF259588,Porte de garage,Non,2 RUE JEAN BOUIN,LYON,0021,SCI PARKING JDL,Romain RICORDEAU 
0001,Agence Genas,AF259589,Portail,Non,2 RUE JEAN BOUIN,LYON,0021,SCI PARKING JDL,Romain RICORDEAU 
0001,Agence Genas,AF259590,Portail,Non,60 CHEMIN DE REVAISON,ST PRIEST,0021,INTIM'EAST B,Romain RICORDEAU 
0001,Agence Genas,AF259591,Chaise,Non,7 RUE LOUIS JOUVET,GENAS,0070,M ET MME DELOY SUZANNE ET JEAN,Guillaume LANGLOIS
0001,Agence Genas,AF259605,Ascenseur,Non,10 AVENUE DES CANUTS,VAULX EN VELIN,0047,IMMEUBLE LE WOOPA,Nefis ALIOUCHE
0001,Agence Genas,AF259606,Ascenseur,Non,10 AVENUE DES CANUTS,VAULX EN VELIN,0047,IMMEUBLE LE WOOPA,Nefis ALIOUCHE
0001,Agence Genas,AF259607,Ascenseur,Non,80 RUE CROIX BARRET,LYON,0045,SITE SNCF,Mohamed BESSAFI
0001,Agence Genas,AF259608,Ascenseur,Non,80 RUE CROIX BARRET,LYON,0045,SITE SNCF,Mohamed BESSAFI
0001,Agence Genas,AF259609,Ascenseur,Non,80 RUE CROIX BARRET,LYON,0045,SITE SNCF,Mohamed BESSAFI
0001,Agence Genas,AF259610,Portail,Non,2 RUE JEAN BOUIN,LYON,0021,SCI PARKING JDL,Romain RICORDEAU 
0001,Agence Genas,AF269611,Ascenseur,Non,CHEMIN DE LA SAUVEGARDE,ECULLY,0006,BNP IMEX,Aurélien GUERIN
0001,Agence Genas,AF269612,Ascenseur,Non,CHEMIN DE LA SAUVEGARDE,ECULLY,0006,BNP IMEX,Aurélien GUERIN
0001,Agence Genas,AF269613,Ascenseur,Non,AVENUE BARTHELOT,LYON,0045,BNP IMEX,Mohamed BESSAFI
0001,Agence Genas,AF269614,Ascenseur,Non,RUE GRENETTE,LYON,0056,BNP IMEX,Yaya DOUCOURE 
0001,Agence Genas,AF269615,Ascenseur,Non,RUE GRENETTE,LYON,0056,BNP IMEX,Yaya DOUCOURE 
0001,Agence Genas,AF269616,Ascenseur,Non,RUE GRENETTE,LYON,0056,BNP IMEX,Yaya DOUCOURE 
0001,Agence Genas,AF269617,EPMR elevtr pr pers a mobilité reduite,Non,RUE GRENETTE,LYON,0056,BNP IMEX,Yaya DOUCOURE 
0001,Agence Genas,AF269618,Ascenseur,Non,4 PLACE LE VISTE,LYON,0056,BNP IMEX,Yaya DOUCOURE 
0001,Agence Genas,AF269619,Ascenseur,Non,COURS EMILE ZOLA,VILLEURBANNE,0072,BNP IMEX,Nouredine BOUNAAS
0001,Agence Genas,AF269620,Ascenseur,Non,COURS EMILE ZOLA,VILLEURBANNE,0072,BNP IMEX,Nouredine BOUNAAS
0002,"Agence Fontaine, contrat AFEO",CC081,Ascenseur,Non,20 RUE LAVOISIER ,SAINT ANDRÉ LE GAZ,0074,MAIRIE DE SAINT ANDRE LE GAZ,Julien TETU
0002,"Agence Fontaine, contrat AFEO",AF16029,Porte automatique,Non,ZI - LA BARONNIE,PONT DE BEAUVOISIN,0062,MAGASIN CARRE,Olivier VUILLAUME 
0002,"Agence Fontaine, contrat AFEO",AF16028,Porte automatique,Non,ZI - LA BARONNIE,PONT DE BEAUVOISIN,0062,MAGASIN CARRE,Olivier VUILLAUME 
0002,"Agence Fontaine, contrat AFEO",AF16032,Porte automatique,Non,ZI - LA BARONNIE ,PONT DE BEAUVOISIN,0062,SCI LE CHALET ,Olivier VUILLAUME 
0002,"Agence Fontaine, contrat AFEO",AF16033,Rideau,Non,ZI - LA BARONNIE ,PONT DE BEAUVOISIN ,0062,SCI LE CHALET ,Olivier VUILLAUME 
0002,"Agence Fontaine, contrat AFEO",AF16044,Porte automatique,Non,ZI - LA BARONNIE ,PONT DE BEAUVOISIN,0062,LA VIE CLAIRE ,Olivier VUILLAUME 
0002,"Agence Fontaine, contrat AFEO",AF16045,Porte automatique,Non,ZI - LA BARONNIE ,PONT DE BEAUVOISIN ,0062,LA VIE CLAIRE ,Olivier VUILLAUME 
0002,"Agence Fontaine, contrat AFEO",AF16084,Rideau,Non,2 Rue Alexandre 1er de Yougoslavie,GRENOBLE,0033,SDC 2 Rue Alexandre 1er de Yougoslavie,Roman NOIREZ
0002,"Agence Fontaine, contrat AFEO",AF16085,Porte automatique,Non,2 Rue Alexandre 1er de Yougoslavie,GRENOBLE,0033,SDC 2 Rue Alexandre 1er de Yougoslavie,Roman NOIREZ
0002,"Agence Fontaine, contrat AFEO",AF16086,Porte automatique,Non,ZI La Baronnie,LE PONT DE BEAUVOISIN,0062,Schmidt,Olivier VUILLAUME 
0002,"Agence Fontaine, contrat AFEO",AF16087,Rideau,Non,ZI La Baronnie,LE PONT DE BEAUVOISIN,0062,Schmidt,Olivier VUILLAUME 
0002,"Agence Fontaine, contrat AFEO",AF16088,Rideau,Non,ZI La Baronnie,LE PONT DE BEAUVOISIN,0062,Schmidt,Olivier VUILLAUME 
0002,"Agence Fontaine, contrat AFEO",AF16089,Rideau,Non,ZI La Baronnie,LE PONT DE BEAUVOISIN,0062,Schmidt,Olivier VUILLAUME 
0002,"Agence Fontaine, contrat AFEO",AF16090,Rideau,Non,ZI La Baronnie,LE PONT DE BEAUVOISIN,0062,Schmidt,Olivier VUILLAUME 
0002,"Agence Fontaine, contrat AFEO",AF16091,Rideau,Non,ZI La Baronnie,LE PONT DE BEAUVOISIN,0062,Schmidt,Olivier VUILLAUME 
0002,"Agence Fontaine, contrat AFEO",AF16098,Porte automatique,Non,11 rue Agutte Sembat,GRENOBLE,0033,FONCIA TRANSACTION GRENOBLE SEMBAT ,Roman NOIREZ
0002,"Agence Fontaine, contrat AFEO",AF16114,Porte automatique,Non,"1, place Hubert Dubedout",Grenoble,0033,FONCIA (Foncière Etoile),Roman NOIREZ
0002,"Agence Fontaine, contrat AFEO",AF16115,Porte automatique,Non,"7, rue du mail",Voiron,0022,FONCIA VOIRON ,Jean-Paul SCARINGELLA
0002,"Agence Fontaine, contrat AFEO",AF18119,Ascenseur,Non,"3 bis, Avenue Gabriel Pravaz",PONT DE BEAUVOISIN (LE),0074,MAIRIE DE PONT DE BEAUVOISIN,Julien TETU
0002,"Agence Fontaine, contrat AFEO",AF16120,Ascenseur,Non,"1, rue des Ecoles",PONT DE BEAUVOISIN (LE),0074,MAIRIE DE PONT DE BEAUVOISIN,Julien TETU
0002,"Agence Fontaine, contrat AFEO",AF16125,Porte automatique,Non,"3, Rue André Maginot ",GRENOBLE,0033,AGENCE PARTENARIAT IMMOBILIER,Roman NOIREZ
0002,"Agence Fontaine, contrat AFEO",AF18126,Porte automatique,Non,"3 bis, Avenue Gabriel Pravaz",PONT DE BEAUVOISIN (LE),0062,MAIRIE DE PONT DE BEAUVOISIN,Olivier VUILLAUME 
0002,"Agence Fontaine, contrat AFEO",AF18127,Porte automatique,Non,"3 bis, Avenue Gabriel Pravaz",PONT DE BEAUVOISIN (LE),0062,MAIRIE DE PONT DE BEAUVOISIN,Olivier VUILLAUME 
0002,"Agence Fontaine, contrat AFEO",AF16128,Elévateur,Non,Route de Belley,PONT DE BEAUVOSIN,0074,MAIRIE DE PONT DE BEAUVOISIN,Julien TETU
0002,"Agence Fontaine, contrat AFEO",AF16131,Ascenseur,Non,2 Avenue du GRESIVAUDAN,CORENC,0033,BANQUE POPULAIRE,Roman NOIREZ
0002,"Agence Fontaine, contrat AFEO",AF16139,Porte automatique,Non,2 AVENUE DU GRESIVAUDAN ,CORENC,0033,BANQUE POPULAIRE,Roman NOIREZ
0002,"Agence Fontaine, contrat AFEO",AF16140,EPMR elevtr pr pers a mobilité reduite,Non,2 AVENUE DU GRESIVAUDAN ,CORENC,0033,BANQUE POPULAIRE,Roman NOIREZ
0002,"Agence Fontaine, contrat AFEO",AF16141,Ascenseur,Non,2 Avenue du GRESIVAUDAN,CORENC,0033,BANQUE POPULAIRE,Roman NOIREZ
0002,"Agence Fontaine, contrat AFEO",AF16146,EPMR elevtr pr pers a mobilité reduite,Non,9 TER AVENUE DE LA REPUBLIQUE - site 33435 -,ANNECY,0054,BANQUE POPULAIRE,Kalifa DIOMANDE
0002,"Agence Fontaine, contrat AFEO",AF16158,Ascenseur,Oui,"6, Boulevard du Théâtre ",CHAMBERY ,0074,BANQUE DE SAVOIE,Julien TETU
0002,"Agence Fontaine, contrat AFEO",AF16159,EPMR elevtr pr pers a mobilité reduite,Non,"6, Boulevard du Théâtre ",CHAMBERY ,0074,BANQUE DE SAVOIE,Julien TETU
0002,"Agence Fontaine, contrat AFEO",567828,Portail,Non,4 RUE DE LA CONTAMINE,SAINT-EGREVE,0033,SNEF - Marché Orange Alpes Fermeture,Roman NOIREZ
0002,"Agence Fontaine, contrat AFEO",567832,Rideau,Non,RUE DES ACACIAS,GEX,0012,SNEF - Marché Orange Alpes Fermeture,Heithem ABID
0002,"Agence Fontaine, contrat AFEO",541639,Porte sectionnelle,Non,RUE GAMBETTA,LE BOURG-D'OISANS,0033,SNEF - Marché Orange Alpes Fermeture,Roman NOIREZ
0002,"Agence Fontaine, contrat AFEO",525637,Portail,Non,Rue Gerard Philippe,FONTAINE,0033,SNEF - Marché Orange Alpes Fermeture,Roman NOIREZ
0002,"Agence Fontaine, contrat AFEO",525638,Portail,Non,Rue Gerard Philippe,FONTAINE,0033,SNEF - Marché Orange Alpes Fermeture,Roman NOIREZ
0002,"Agence Fontaine, contrat AFEO",525668,Porte automatique,Non,11 RUE DU 4EME REGIMENT DU GENIE,GRENOBLE,0033,SNEF - Marché Orange Alpes Fermeture,Roman NOIREZ
0002,"Agence Fontaine, contrat AFEO",525670,Porte automatique,Non,11 RUE DU 4EME REGIMENT DU GENIE,GRENOBLE,0033,SNEF - Marché Orange Alpes Fermeture,Roman NOIREZ
0002,"Agence Fontaine, contrat AFEO",525669,Portail,Non,11 RUE DU 4EME REGIMENT DU GENIE,GRENOBLE,0033,SNEF - Marché Orange Alpes Fermeture,Roman NOIREZ
0002,"Agence Fontaine, contrat AFEO",571632,Portail,Non,5 CHEMIN DE VAUSSENAT,LE PONT-DE-CLAIX,0033,SNEF - Marché Orange Alpes Fermeture,Roman NOIREZ
0002,"Agence Fontaine, contrat AFEO",AF16320,Portail,Non,CHARVINIERES,SAINT-ISMIER,0033,SNEF - Marché Orange Alpes Fermeture,Roman NOIREZ
0002,"Agence Fontaine, contrat AFEO",550480,Rideau,Non,30 BIS RUE AMPERE,GRENOBLE,0033,SNEF - Marché Orange Alpes Fermeture,Roman NOIREZ
0002,"Agence Fontaine, contrat AFEO",539244,Portail,Non,12 AVENUE JULES RAVAT,Voiron,0022,SNEF - Marché Orange Alpes Fermeture,Jean-Paul SCARINGELLA
0002,"Agence Fontaine, contrat AFEO",539245,Portail,Non,12 AVENUE JULES RAVAT,Voiron,0022,SNEF - Marché Orange Alpes Fermeture,Jean-Paul SCARINGELLA
0002,"Agence Fontaine, contrat AFEO",563628,Portail,Non,RUE ROGER FRANCOIS,GRENOBLE,0033,SNEF - Marché Orange Alpes Fermeture,Roman NOIREZ
0002,"Agence Fontaine, contrat AFEO",525689,Barrière Levante,Non,39 A 41 RUE JOSEPH CHANRION,GRENOBLE,0033,SNEF - Marché Orange Alpes Fermeture,Roman NOIREZ
0002,"Agence Fontaine, contrat AFEO",525690,Barrière Levante,Non,39 A 41 RUE JOSEPH CHANRION,GRENOBLE,0033,SNEF - Marché Orange Alpes Fermeture,Roman NOIREZ
0002,"Agence Fontaine, contrat AFEO",AF16339,Porte automatique,Non,39 A 41 RUE JOSEPH CHANRION,GRENOBLE,0033,SNEF - Marché Orange Alpes Fermeture,Roman NOIREZ
0002,"Agence Fontaine, contrat AFEO",525636,Portail,Non,30 BIS RUE AMPERE,GRENOBLE,0033,SNEF - Marché Orange Alpes Fermeture,Roman NOIREZ
0002,"Agence Fontaine, contrat AFEO",AF16354,Barrière Levante,Non,30 BIS RUE AMPERE,GRENOBLE,0033,SNEF - Marché Orange Alpes Fermeture,Roman NOIREZ
0002,"Agence Fontaine, contrat AFEO",526610,Portail,Non,27 AVENUE SAINTE THERESE,ALBERTVILLE,0029,SNEF - Marché Orange Alpes Fermeture,Houssam BOUAZIZ
0002,"Agence Fontaine, contrat AFEO",525617,Portail,Non,203 FAUBOURG MONTMELIAN,CHAMBERY,0074,SNEF - Marché Orange Alpes Fermeture,Julien TETU
0002,"Agence Fontaine, contrat AFEO",525618,Portail,Non,203 FAUBOURG MONTMELIAN,CHAMBERY,0074,SNEF - Marché Orange Alpes Fermeture,Julien TETU
0002,"Agence Fontaine, contrat AFEO",525619,Porte sectionnelle,Non,203 FAUBOURG MONTMELIAN,CHAMBERY,0074,SNEF - Marché Orange Alpes Fermeture,Julien TETU
0002,"Agence Fontaine, contrat AFEO",525635,Portail,Non,RUE DES MARQUISATS,AIX LES BAINS,0054,SNEF - Marché Orange Alpes Fermeture,Kalifa DIOMANDE
0002,"Agence Fontaine, contrat AFEO",AF16366,Portail,Non,CHEMIN DES TETS,Annecy,0054,SNEF - Marché Orange Alpes Fermeture,Kalifa DIOMANDE
0002,"Agence Fontaine, contrat AFEO",525629,Portail,Non,CHEMIN DES TETS,Annecy,0054,SNEF - Marché Orange Alpes Fermeture,Kalifa DIOMANDE
0002,"Agence Fontaine, contrat AFEO",525630,Portail,Non,CHEMIN DES TETS,Annecy,0054,SNEF - Marché Orange Alpes Fermeture,Kalifa DIOMANDE
0002,"Agence Fontaine, contrat AFEO",525599,Portail,Non,2 RUE DU DOCTEUR FRANCIS BAUD,ANNEMASSE,0012,SNEF - Marché Orange Alpes Fermeture,Heithem ABID
0002,"Agence Fontaine, contrat AFEO",525603,Portail,Non,37 BD DE LA TETE DE MUSSEL,CLUSES,0054,SNEF - Marché Orange Alpes Fermeture,Kalifa DIOMANDE
0002,"Agence Fontaine, contrat AFEO",571704,Portail,Non,7 RUE DE L INDUSTRIE,RUMILLY,0054,SNEF - Marché Orange Alpes Fermeture,Kalifa DIOMANDE
0002,"Agence Fontaine, contrat AFEO",AF16375,Plate-Forme,Non,60 Impasse des Myosotis ,SAINT-GERVAIS-LES-BAINS,0054,SNEF - Marché Orange Alpes Fermeture,Kalifa DIOMANDE
0002,"Agence Fontaine, contrat AFEO",AF16377,Barrière Levante,Non,RUE DES FRERES TASSILE,ANNEMASSE,0012,SNEF - Marché Orange Alpes Fermeture,Heithem ABID
0002,"Agence Fontaine, contrat AFEO",525598,Portail,Non,RUE DES FRERES TASSILE,ANNEMASSE,0012,SNEF - Marché Orange Alpes Fermeture,Heithem ABID
0002,"Agence Fontaine, contrat AFEO",525600,Portail,Non,13 CHEMIN DE LA LIBERTE,THONON-LES-BAINS,0054,SNEF - Marché Orange Alpes Fermeture,Kalifa DIOMANDE
0002,"Agence Fontaine, contrat AFEO",525625,Barrière Levante,Non,69 AVENUE DES ROMAINS,Annecy,0054,SNEF - Marché Orange Alpes Fermeture,Kalifa DIOMANDE
0002,"Agence Fontaine, contrat AFEO",525626,Barrière Levante,Non,69 AVENUE DES ROMAINS,Annecy,0054,SNEF - Marché Orange Alpes Fermeture,Kalifa DIOMANDE
0002,"Agence Fontaine, contrat AFEO",525627,Portail,Non,69 AVENUE DES ROMAINS,Annecy,0054,SNEF - Marché Orange Alpes Fermeture,Kalifa DIOMANDE
0002,"Agence Fontaine, contrat AFEO",525628,Portail,Non,69 AVENUE DES ROMAINS,Annecy,0054,SNEF - Marché Orange Alpes Fermeture,Kalifa DIOMANDE
0002,"Agence Fontaine, contrat AFEO",AF17398,Rideau,Non,ZI - LA BARONNIE,PONT DE BEAUVOISIN,0062,MAGASIN CARRE,Olivier VUILLAUME 
0002,"Agence Fontaine, contrat AFEO",AF17401,Rideau,Non,ZI - LA BARONNIE,PONT DE BEAUVOISIN,0062,MAGASIN CARRE,Olivier VUILLAUME 
0002,"Agence Fontaine, contrat AFEO",AF17404,Rideau,Non,ZI - LA BARONNIE,PONT DE BEAUVOISIN,0062,MAGASIN CARRE,Olivier VUILLAUME 
0002,"Agence Fontaine, contrat AFEO",AF17405,Rideau,Non,ZI - LA BARONNIE,PONT DE BEAUVOISIN,0062,MAGASIN CARRE,Olivier VUILLAUME 
0002,"Agence Fontaine, contrat AFEO",AF17406,Rideau,Non,ZI - LA BARONNIE,PONT DE BEAUVOISIN,0062,MAGASIN CARRE,Olivier VUILLAUME 
0002,"Agence Fontaine, contrat AFEO",AF17407,Rideau,Non,ZI - LA BARONNIE,PONT DE BEAUVOISIN,0062,MAGASIN CARRE,Olivier VUILLAUME 
0002,"Agence Fontaine, contrat AFEO",AF17408,Rideau,Non,ZI - LA BARRONIE,PONT DE BEAUVOISIN,0062,MAGASIN CARRE,Olivier VUILLAUME 
0002,"Agence Fontaine, contrat AFEO",AF17409,Rideau,Non,ZI - LA BARONNIE,PONT DE BEAUVOISIN,0062,MAGASIN CARRE,Olivier VUILLAUME 
0002,"Agence Fontaine, contrat AFEO",AF17410,Porte automatique,Oui,3 Place de Metz ,GRENOBLE,0033,FONCIA GRENOBLE (FF IMMOBILIER),Roman NOIREZ
0002,"Agence Fontaine, contrat AFEO",AF19418,Ascenseur,Non,1175 Route du Village,Pressins,0074,Mairie de Pressins,Julien TETU
0002,"Agence Fontaine, contrat AFEO",AF17518,Ascenseur,Non,ZI - LA BARONNIE,PONT DE BEAUVOISIN,0074,MAGASIN CARRE,Julien TETU
0002,"Agence Fontaine, contrat AFEO",AF17549,Ascenseur,Non,ZI - LA BARONNIE ,PONT DE BEAUVOISIN,0074,SCI LE CHALET ,Julien TETU
0002,"Agence Fontaine, contrat AFEO",AF17690,Portail,Non,2/4 rue Hector Berlioz,La Tour du Pin,0058,ENVISOL,Olivier VUILLAUME 
0002,"Agence Fontaine, contrat AFEO",AF17726,EPMR elevtr pr pers a mobilité reduite,Non,"130, AV. DE LA LIBERATION",Moutiers,0029,BANQUE DE SAVOIE,Houssam BOUAZIZ
0002,"Agence Fontaine, contrat AFEO",AF17813,Porte sectionnelle,Non,"ZI La Baronnie, route de Chambéry",Pont de Beauvoisin,0062,Garage Peugeot De SIMONE,Olivier VUILLAUME 
0002,"Agence Fontaine, contrat AFEO",AF17814,Porte sectionnelle,Non,"ZI La Baronnie, route de Chambéry",Pont de Beauvoisin,0062,Garage Peugeot De SIMONE,Olivier VUILLAUME 
0002,"Agence Fontaine, contrat AFEO",AF17815,Porte sectionnelle,Non,"ZI La Baronnie, route de Chambéry",Pont de Beauvoisin,0062,Garage Peugeot De SIMONE,Olivier VUILLAUME 
0002,"Agence Fontaine, contrat AFEO",AF17816,Rideau,Non,"ZI La Baronnie, route de Chambéry",Pont de Beauvoisin,0062,Garage Peugeot De SIMONE,Olivier VUILLAUME 
0002,"Agence Fontaine, contrat AFEO",AF17817,Rideau,Non,"ZI La Baronnie, route de Chambéry",Pont de Beauvoisin,0062,Garage Peugeot De SIMONE,Olivier VUILLAUME 
0002,"Agence Fontaine, contrat AFEO",AF17846,EPMR elevtr pr pers a mobilité reduite,Non,8 Place Sommeiller  B.P 28 73500 MODANE   R222244,Modane,0029,BANQUE DE SAVOIE,Houssam BOUAZIZ
0002,"Agence Fontaine, contrat AFEO",AF17847,Ascenseur,Non,18 avenue de la Gare,Annemasse,0012,BANQUE POPULAIRE,Heithem ABID
0002,"Agence Fontaine, contrat AFEO",AF17875,Portail,Non,825 rue des Chaudannes ,Saint Jean de Maurienne,0029,SNEF - Marché Orange Alpes Fermeture,Houssam BOUAZIZ
0002,"Agence Fontaine, contrat AFEO",AF17883,Porte automatique,Non,PARC ALTAIS - BAT 1 ,CHAVANOD,0054,Hudson Rendement 2,Kalifa DIOMANDE
0002,"Agence Fontaine, contrat AFEO",AF17884,Porte automatique,Non,PARC ALTAIS - BAT 1 ,CHAVANOD,0054,Hudson Rendement 2,Kalifa DIOMANDE
0002,"Agence Fontaine, contrat AFEO",AF17887,Rideau,Non,Route de Belley ,AOSTE,0062,SARL PICOT PRIMEURS,Olivier VUILLAUME 
0002,"Agence Fontaine, contrat AFEO",AF17888,Rideau,Non,Route de Belley ,AOSTE,0062,SARL PICOT PRIMEURS,Olivier VUILLAUME 
0002,"Agence Fontaine, contrat AFEO",AF17889,Rideau,Non,Route de Belley ,AOSTE,0062,SARL PICOT PRIMEURS,Olivier VUILLAUME 
0002,"Agence Fontaine, contrat AFEO",AF17890,Rideau,Non,Route de Belley ,AOSTE,0062,SARL PICOT PRIMEURS,Olivier VUILLAUME 
0002,"Agence Fontaine, contrat AFEO",AF17891,Ascenseur,Non,"17 ,Boulevard de la Colonne",CHAMBERY,0074,SDC 17 Boulevard de la Colonne,Julien TETU
0002,"Agence Fontaine, contrat AFEO",AF17342,Porte automatique,Non,12 rue Thiers,GRENOBLE,0033,EURL VICCS,Roman NOIREZ
0002,"Agence Fontaine, contrat AFEO",AF181415,Porte automatique,Non,route de Belley,AOSTE,0062,Boulangerie Trillat,Olivier VUILLAUME 
0002,"Agence Fontaine, contrat AFEO",AF181416,Porte automatique,Non,route de Belley,AOSTE,0062,Boulangerie Trillat,Olivier VUILLAUME 
0002,"Agence Fontaine, contrat AFEO",AF171424,Porte automatique,Non,415 Rue Cesar Vuarchex,SCIONZIER,0029,C&A Savoie/ Haute Savoie ,Houssam BOUAZIZ
0002,"Agence Fontaine, contrat AFEO",AF171428,Porte automatique,Non,29 Avenue du Pré Robert,ANTHY SUR LEMAN,0054,C&A Savoie/ Haute Savoie ,Kalifa DIOMANDE
0002,"Agence Fontaine, contrat AFEO",AF171429,Porte automatique,Non,29 Avenue du Pré Robert,ANTHY SUR LEMAN,0054,C&A Savoie/ Haute Savoie ,Kalifa DIOMANDE
0002,"Agence Fontaine, contrat AFEO",AF171430,Rideau métallique,Non,29 Avenue du Pré Robert,ANTHY SUR LEMAN,0054,C&A Savoie/ Haute Savoie ,Kalifa DIOMANDE
0002,"Agence Fontaine, contrat AFEO",AF171431,Rideau métallique,Non,29 Avenue du Pré Robert,ANTHY SUR LEMAN,0054,C&A Savoie/ Haute Savoie ,Kalifa DIOMANDE
0002,"Agence Fontaine, contrat AFEO",AF171432,Porte sectionnelle,Non,29 Avenue du Pré Robert,ANTHY SUR LEMAN,0054,C&A Savoie/ Haute Savoie ,Kalifa DIOMANDE
0002,"Agence Fontaine, contrat AFEO",AM31179V,Ascenseur,Non,11 RUE DU 4EME REGIMENT DU GENIE,GRENOBLE,0028,SNEF ORANGE ASCENSEURS ALPES & ISERE,Xavier VICTORION
0002,"Agence Fontaine, contrat AFEO",AM31180V,Ascenseur,Non,11 RUE DU 4EME REGIMENT DU GENIE,GRENOBLE,0028,SNEF ORANGE ASCENSEURS ALPES & ISERE,Xavier VICTORION
0002,"Agence Fontaine, contrat AFEO",AM31181V,Ascenseur,Non,11 RUE DU 4EME REGIMENT DU GENIE,GRENOBLE,0028,SNEF ORANGE ASCENSEURS ALPES & ISERE,Xavier VICTORION
0002,"Agence Fontaine, contrat AFEO",AM31788T,Ascenseur,Non,30 BIS RUE AMPERE,GRENOBLE,0068,SNEF ORANGE ASCENSEURS ALPES & ISERE,Léna GRAND CLEMENT
0002,"Agence Fontaine, contrat AFEO",AM020475,Ascenseur,"Oui, Travaux",39 - 41 RUE JOSEPH CHANRION,GRENOBLE,0028,SNEF ORANGE ASCENSEURS ALPES & ISERE,Xavier VICTORION
0002,"Agence Fontaine, contrat AFEO",AM020476,Ascenseur,Non,39 - 41 RUE JOSEPH CHANRION,GRENOBLE,0028,SNEF ORANGE ASCENSEURS ALPES & ISERE,Xavier VICTORION
0002,"Agence Fontaine, contrat AFEO",AM047975,Ascenseur,Non,39 A 41 RUE JOSEPH CHANRION,GRENOBLE,0028,SNEF ORANGE ASCENSEURS ALPES & ISERE,Xavier VICTORION
0002,"Agence Fontaine, contrat AFEO",AM047976,Ascenseur,Non,39 A 41 RUE JOSEPH CHANRION,GRENOBLE,0028,SNEF ORANGE ASCENSEURS ALPES & ISERE,Xavier VICTORION
0002,"Agence Fontaine, contrat AFEO",AMB30767,Ascenseur,Non,203 FOUBOURG MONTMELIAN,CHAMBERY,0074,SNEF ORANGE ASCENSEURS ALPES & ISERE,Julien TETU
0002,"Agence Fontaine, contrat AFEO",AM008593,Ascenseur,Non,203 FOUBOURG MONTMELIAN,CHAMBERY,0074,SNEF ORANGE ASCENSEURS ALPES & ISERE,Julien TETU
0002,"Agence Fontaine, contrat AFEO",AMB30766,Ascenseur,Non,CHEMIN DES TETS,ANNECY,0054,SNEF ORANGE ASCENSEURS ALPES & ISERE,Kalifa DIOMANDE
0002,"Agence Fontaine, contrat AFEO",AM07707R,Ascenseur,Non,CHEMIN DES TETS,ANNECY,0054,SNEF ORANGE ASCENSEURS ALPES & ISERE,Kalifa DIOMANDE
0002,"Agence Fontaine, contrat AFEO",AM04446R,Ascenseur,Non,69 AVENUE DES ROMAINS,ANNECY,0054,SNEF ORANGE ASCENSEURS ALPES & ISERE,Kalifa DIOMANDE
0002,"Agence Fontaine, contrat AFEO",AF171622,EPMR elevtr pr pers a mobilité reduite,Non,41 rue de la République  ,ALBERTVILLE,0029,BANQUE POPULAIRE,Houssam BOUAZIZ
0002,"Agence Fontaine, contrat AFEO",AF171625,EPMR elevtr pr pers a mobilité reduite,Non,"1, Place Balmat ",CHAMONIX ,0054,BANQUE DE SAVOIE,Kalifa DIOMANDE
0002,"Agence Fontaine, contrat AFEO",AF181835,Ascenseur,Non,710 Route du Val de Fier,Vallières,0054,FROMAGERIE CHABERT,Kalifa DIOMANDE
0002,"Agence Fontaine, contrat AFEO",AF191959,Porte automatique,Non,CENTRE COMMERCIAL CHABLAIS PARC,ANNEMASSE,0012,PEACE KORNER FRANCE SAS,Heithem ABID
0002,"Agence Fontaine, contrat AFEO",AF181963,Rideau,Non,route de Belley,AOSTE,0062,Boulangerie Trillat,Olivier VUILLAUME 
0002,"Agence Fontaine, contrat AFEO",AF181964,Rideau,Non,route de Belley,AOSTE,0062,Boulangerie Trillat,Olivier VUILLAUME 
0002,"Agence Fontaine, contrat AFEO",AF181965,Rideau,Non,route de Belley,AOSTE,0062,Boulangerie Trillat,Olivier VUILLAUME 
0002,"Agence Fontaine, contrat AFEO",AF181966,Rideau,Non,route de Belley,AOSTE,0062,Boulangerie Trillat,Olivier VUILLAUME 
0002,"Agence Fontaine, contrat AFEO",AF181967,Rideau,Non,route de Belley,AOSTE,0062,Boulangerie Trillat,Olivier VUILLAUME 
0002,"Agence Fontaine, contrat AFEO",AF181968,Rideau,Non,route de Belley,AOSTE,0062,Boulangerie Trillat,Olivier VUILLAUME 
0002,"Agence Fontaine, contrat AFEO",CM 000 005,EPMR elevtr pr pers a mobilité reduite,Non,22 CHEMIN DU HAUT BOIS POULET,LES AVENIERES,0062,Jean-Claude YVORRA,Olivier VUILLAUME 
0002,"Agence Fontaine, contrat AFEO",CM 000 008,EPMR elevtr pr pers a mobilité reduite,Non,15 RUE CHENAL,ALLEVARD,0033,EAP FRANCE SAS,Roman NOIREZ
0002,"Agence Fontaine, contrat AFEO",CM 000 011,EPMR elevtr pr pers a mobilité reduite,Non,914 AVENUE AMBROISE CROIZAT,CROLLES,0033,EAP FRANCE SAS,Roman NOIREZ
0002,"Agence Fontaine, contrat AFEO",AF182057,Ascenseur,Non,20 RUE DES HAUTAINS,SAINT GENIS POUILLY,0012,SDC FOYER LES TILLEULS,Heithem ABID
0002,"Agence Fontaine, contrat AFEO",AF182061,Ascenseur,Non,14 RUE JURA,SAINT JULIEN EN GENEVOIS,0012,Résidence JURA,Heithem ABID
0002,"Agence Fontaine, contrat AFEO",AF182062,Ascenseur,Non,10 RUE DU JURA,SAINT JULIEN EN GENEVOIS,0012,Résidence JURA,Heithem ABID
0002,"Agence Fontaine, contrat AFEO",AF182063,Ascenseur,Non,12 RUE DU JURA,SAINT JULIEN EN GENEVOIS,0012,Résidence JURA,Heithem ABID
0002,"Agence Fontaine, contrat AFEO",AF182064,Ascenseur,Non,13 AVENUE DE GENEVE,SAINT JULIEN EN GENEVOIS,0012,Résidence JURA,Heithem ABID
0002,"Agence Fontaine, contrat AFEO",AF182078,Ascenseur,"Oui, Devis en attente de validation",1395 Route Vert le Nant,DEMI QUARTIER,0029,1395 Route Vert le Nant,Houssam BOUAZIZ
0002,"Agence Fontaine, contrat AFEO",AF182119,Portail,Non,81 Chemin des Platières,CHASSE SUR RHONE,0073,SDC ACTIPOLES DES PLATIERES,Yann GENIEIS
0002,"Agence Fontaine, contrat AFEO",AF182127,Portail,Non,51 Avenue Zella Mehlis,SAINT MARTIN D'HERES,0033,SNEF - Marché Orange Alpes Fermeture,Roman NOIREZ
0002,"Agence Fontaine, contrat AFEO",AF192144,Rideau,Non,CENTRE COMMERCIAL CHABLAIS PARC,ANNEMASSE,0012,PEACE KORNER FRANCE SAS,Heithem ABID
0002,"Agence Fontaine, contrat AFEO",AF182216,EPMR elevtr pr pers a mobilité reduite,Non,590 Route du Falque,DOMESSIN,0062,Madame DEVOS ,Olivier VUILLAUME 
0002,"Agence Fontaine, contrat AFEO",AF202255,Barrière,Non,CHEMIN DES TETS,ANNECY,0054,SNEF - Marché Orange Alpes Fermeture,Kalifa DIOMANDE
0002,"Agence Fontaine, contrat AFEO",HC222407,Porte sectionnelle,Non,ZI LA BARRONIE ,LE PONT DE BEAUVOISIN,0062,MAGASIN CARRE,Olivier VUILLAUME 
0002,"Agence Fontaine, contrat AFEO",AF192464,Ascenseur,Non,114 rue Fontaine,DIVONNE LES BAINS,0012,S 511 - LE VIEUX MOULIN,Heithem ABID
0002,"Agence Fontaine, contrat AFEO",AF192479,Ascenseur,Non,76 Grande Rue - Allée A,DIVONNE LES BAINS,0012,S 501 - SDC DIVONNE CENTRE,Heithem ABID
0002,"Agence Fontaine, contrat AFEO",AF192480,Ascenseur,Non,76 Grande Rue - Allée B,DIVONNE LES BAINS,0012,S 501 - SDC DIVONNE CENTRE,Heithem ABID
0002,"Agence Fontaine, contrat AFEO",AF192481,Ascenseur,Non,76 Grande Rue - Allée C,DIVONNE LES BAINS,0012,S 501 - SDC DIVONNE CENTRE,Heithem ABID
0002,"Agence Fontaine, contrat AFEO",AF192482,Ascenseur,Non,76 Grande Rue - Allée D,DIVONNE LES BAINS,0012,S 501 - SDC DIVONNE CENTRE,Heithem ABID
0002,"Agence Fontaine, contrat AFEO",AF192483,Ascenseur,Non,76 Grande Rue - Allée E,DIVONNE LES BAINS,0012,S 501 - SDC DIVONNE CENTRE,Heithem ABID
0002,"Agence Fontaine, contrat AFEO",AF192484,Ascenseur,Non,76 Grande Rue - Allée F,DIVONNE LES BAINS,0012,S 501 - SDC DIVONNE CENTRE,Heithem ABID
0002,"Agence Fontaine, contrat AFEO",AF192485,Ascenseur,Non,76 Grande Rue - Allée G,DIVONNE LES BAINS,0012,S 501 - SDC DIVONNE CENTRE,Heithem ABID
0002,"Agence Fontaine, contrat AFEO",AF192486,Ascenseur,Non,76 Grande Rue - Allée H,DIVONNE LES BAINS,0012,S 501 - SDC DIVONNE CENTRE,Heithem ABID
0002,"Agence Fontaine, contrat AFEO",AF192487,Ascenseur,Non,76 Grande Rue - Central,DIVONNE LES BAINS,0012,S 501 - SDC DIVONNE CENTRE,Heithem ABID
0002,"Agence Fontaine, contrat AFEO",AF192489,Rideau,Non,65 Rue du Quai,AOSTE,0062,PHARMACIE DE L'AMPHORE,Olivier VUILLAUME 
0002,"Agence Fontaine, contrat AFEO",AF192490,Rideau,Non,65 Rue du Quai,AOSTE,0062,PHARMACIE DE L'AMPHORE,Olivier VUILLAUME 
0002,"Agence Fontaine, contrat AFEO",AF192491,Rideau,Non,65 Rue du Quai,AOSTE,0062,PHARMACIE DE L'AMPHORE,Olivier VUILLAUME 
0002,"Agence Fontaine, contrat AFEO",AF192492,Rideau,Non,65 Rue du Quai,AOSTE,0062,PHARMACIE DE L'AMPHORE,Olivier VUILLAUME 
0002,"Agence Fontaine, contrat AFEO",AF192493,Rideau,Non,65 Rue du Quai,AOSTE,0062,PHARMACIE DE L'AMPHORE,Olivier VUILLAUME 
0002,"Agence Fontaine, contrat AFEO",AF192494,Porte automatique,Non,65 Rue du Quai,AOSTE,0062,PHARMACIE DE L'AMPHORE,Olivier VUILLAUME 
0002,"Agence Fontaine, contrat AFEO",AF192504,Ascenseur,Non,1 Rue du Cotentin,ECHIROLLES,0052,ACPPA La Maisondes Anciens ,Martin DO NASCIMENTO
0002,"Agence Fontaine, contrat AFEO",AF192505,Ascenseur,Non,1 Rue du Cotentin,ECHIROLLES,0052,ACPPA La Maisondes Anciens ,Martin DO NASCIMENTO
0002,"Agence Fontaine, contrat AFEO",AF192506,Ascenseur,Non,1 Rue du Cotentin,ECHIROLLES,0052,ACPPA La Maisondes Anciens ,Martin DO NASCIMENTO
0002,"Agence Fontaine, contrat AFEO",AF192521,Ascenseur,Non,134 impasse du Joran,PREVESSIN MOENS,0012,SDC LES ALLEES DU CHATEAU,Heithem ABID
0002,"Agence Fontaine, contrat AFEO",AF192522,Ascenseur,Non,86 impasse du Joran,PREVESSIN MOENS,0012,SDC LES ALLEES DU CHATEAU,Heithem ABID
0002,"Agence Fontaine, contrat AFEO",AF192523,Ascenseur,Non,40 impasse du Joran,PREVESSIN MOENS,0012,SDC LES ALLEES DU CHATEAU,Heithem ABID
0002,"Agence Fontaine, contrat AFEO",AF192528,Porte automatique,Non,12 Bis boulevard de la Libération,BRIGNOUD,0033,BOULANGERIE LA GOURMANDISE,Roman NOIREZ
0002,"Agence Fontaine, contrat AFEO",AF192529,Portail,Non,Avenue de la Saulaie,SAINT MARCELLIN,0030,VILLE DE ST MARCELLIN ,Karim MOKNECHE
0002,"Agence Fontaine, contrat AFEO",AF192534,Portail,Non,14 Rue Arago,SAINT MARCELLIN,0030,VILLE DE ST MARCELLIN ,Karim MOKNECHE
0002,"Agence Fontaine, contrat AFEO",AF192535,Porte automatique,Non,21 Place d'Armes,SAINT MARCELLIN,0030,VILLE DE ST MARCELLIN ,Karim MOKNECHE
0002,"Agence Fontaine, contrat AFEO",AF192536,Porte automatique,Non,21 Place d'Armes,SAINT MARCELLIN,0030,VILLE DE ST MARCELLIN ,Karim MOKNECHE
0002,"Agence Fontaine, contrat AFEO",AF192537,Porte automatique,Non,21 Place d'Armes,SAINT MARCELLIN,0030,VILLE DE ST MARCELLIN ,Karim MOKNECHE
0002,"Agence Fontaine, contrat AFEO",AF192538,Porte automatique,Non,21 Place d'Armes,SAINT MARCELLIN,0030,VILLE DE ST MARCELLIN ,Karim MOKNECHE
0002,"Agence Fontaine, contrat AFEO",AF192541,Porte automatique,Non,7 Rue du Colombier,SAINT MARCELLIN,0030,VILLE DE ST MARCELLIN ,Karim MOKNECHE
0002,"Agence Fontaine, contrat AFEO",AF192542,Porte automatique,Non,53 Boulevard du Champ de Mars,SAINT MARCELLIN,0030,VILLE DE ST MARCELLIN ,Karim MOKNECHE
0002,"Agence Fontaine, contrat AFEO",AF202543,Porte automatique,Non,3 Boulevard du Champ de Mars,SAINT MARCELLIN,0030,VILLE DE ST MARCELLIN ,Karim MOKNECHE
0002,"Agence Fontaine, contrat AFEO",AF202544,Porte automatique,Non,3 Boulevard du Champ de Mars,SAINT MARCELLIN,0030,VILLE DE ST MARCELLIN ,Karim MOKNECHE
0002,"Agence Fontaine, contrat AFEO",AF192545,Porte sectionnelle,Non,11 Rue Jean Rony,SAINT MARCELLIN,0030,VILLE DE ST MARCELLIN ,Karim MOKNECHE
0002,"Agence Fontaine, contrat AFEO",AF202546,Borne escamotable,Non,Grande Rue,SAINT MARCELLIN,0030,VILLE DE ST MARCELLIN ,Karim MOKNECHE
0002,"Agence Fontaine, contrat AFEO",AF202547,Barrière Levante,Non,Grande Rue,SAINT MARCELLIN,0030,VILLE DE ST MARCELLIN ,Karim MOKNECHE
0002,"Agence Fontaine, contrat AFEO",AF192562,Porte automatique,Non,1 Rue du Cotentin,ECHIROLLES,0033,ACPPA La Maisondes Anciens ,Roman NOIREZ
0002,"Agence Fontaine, contrat AFEO",AF192563,Porte automatique,Non,1 Rue du Cotentin,ECHIROLLES,0033,ACPPA La Maisondes Anciens ,Roman NOIREZ
0002,"Agence Fontaine, contrat AFEO",AF192564,Porte automatique,Non,1 Rue du Cotentin,ECHIROLLES,0033,ACPPA La Maisondes Anciens ,Roman NOIREZ
0002,"Agence Fontaine, contrat AFEO",AF192565,Porte automatique,Non,1 Rue du Cotentin,ECHIROLLES,0033,ACPPA La Maisondes Anciens ,Roman NOIREZ
0002,"Agence Fontaine, contrat AFEO",AF192566,Porte de garage,Non,1 Rue du Cotentin,ECHIROLLES,0033,ACPPA La Maisondes Anciens ,Roman NOIREZ
0002,"Agence Fontaine, contrat AFEO",AF192592,Ascenseur,Non,8 ET 8 Bis rue Charles Berty,ST LAURENT DU PONT,0022,SDC LA CHARMETTE ,Jean-Paul SCARINGELLA
0002,"Agence Fontaine, contrat AFEO",AF192623,Ascenseur,Non,438 Route de Saint Gix - Batiment A,DIVONNE LES BAINS,0012,S 522 - SDC LE COTTAGE DU GOLF,Heithem ABID
0002,"Agence Fontaine, contrat AFEO",AF192624,Ascenseur,Non,438 Route de Saint Gix - Batiment B,DIVONNE LES BAINS,0012,S 522 - SDC LE COTTAGE DU GOLF,Heithem ABID
0002,"Agence Fontaine, contrat AFEO",AF192625,Portail,Non,438 Route de Saint Gix,DIVONNE LES BAINS,0012,S 522 - SDC LE COTTAGE DU GOLF,Heithem ABID
0002,"Agence Fontaine, contrat AFEO",AF192626,EPMR elevtr pr pers a mobilité reduite,Non,438 Route de Saint Gix,DIVONNE LES BAINS,0012,S 522 - SDC LE COTTAGE DU GOLF,Heithem ABID
0002,"Agence Fontaine, contrat AFEO",AF192644,Porte automatique,Non,279 avenue de la Folatière,LE PONT DE BEAUVOISIN,0062,LE FOURNIL DE REMI,Olivier VUILLAUME 
0002,"Agence Fontaine, contrat AFEO",AF192738,Porte automatique,Non,5 Avenue de Genève,ANNECY,0054,FONCIA ARAVIS AGENCE ,Kalifa DIOMANDE
0002,"Agence Fontaine, contrat AFEO",AF192739,Rideau métallique,Non,5 Avenue de Genève,ANNECY,0029,FONCIA ARAVIS AGENCE ,Houssam BOUAZIZ
0002,"Agence Fontaine, contrat AFEO",AF192740,Rideau métallique,Non,5 Avenue de Genève,ANNECY,0054,FONCIA ARAVIS AGENCE ,Kalifa DIOMANDE
0002,"Agence Fontaine, contrat AFEO",AF192741,Rideau métallique,Non,5 Avenue de Genève,ANNECY,0054,FONCIA ARAVIS AGENCE ,Kalifa DIOMANDE
0002,"Agence Fontaine, contrat AFEO",AF192770,Portail,Non,18 Avenue Paul Durand,TAIN L'HERMITAGE,0030,FAC & SPERA,Karim MOKNECHE
0002,"Agence Fontaine, contrat AFEO",AF192771,Porte automatique,Non,18 Avenue Paul Durand,TAIN L'HERMITAGE,0030,FAC & SPERA,Karim MOKNECHE
0002,"Agence Fontaine, contrat AFEO",AF192772,Porte automatique,Non,18 Avenue Paul Durand,TAIN L'HERMITAGE,0030,FAC & SPERA,Karim MOKNECHE
0002,"Agence Fontaine, contrat AFEO",AF192773,Porte automatique,Non,18 Avenue Paul Durand,TAIN L'HERMITAGE,0030,FAC & SPERA,Karim MOKNECHE
0002,"Agence Fontaine, contrat AFEO",AF192774,Porte automatique,Non,18 Avenue Paul Durand,TAIN L'HERMITAGE,0030,FAC & SPERA,Karim MOKNECHE
0002,"Agence Fontaine, contrat AFEO",AF192775,Porte automatique,Non,18 Avenue Paul Durand,TAIN L'HERMITAGE,0030,FAC & SPERA,Karim MOKNECHE
0002,"Agence Fontaine, contrat AFEO",CM 000 015,EPMR elevtr pr pers a mobilité reduite,Non,"2, impasse du Repos ",SAINT ALBAN LEYSSE,0074,Salle des Fêtes  ,Julien TETU
0002,"Agence Fontaine, contrat AFEO",CM 000 018,EPMR elevtr pr pers a mobilité reduite,Non,9 Rue Chenal,ALLEVARD,0033,EAP FRANCE SAS,Roman NOIREZ
0002,"Agence Fontaine, contrat AFEO",AF192980,Porte automatique,Non,256 Rue de la République,CHAMBERY,0074,MTO - RADIO FRANCE,Julien TETU
0002,"Agence Fontaine, contrat AFEO",AF192992,Porte de garage,Non,237 avenue de la grande Champagne ,DIVONNE LES BAINS ,0012,S 509 - SDC PRE MONTHEIRO,Heithem ABID
0002,"Agence Fontaine, contrat AFEO",AF192993,Portail,Non,5 RUE  HECTOR BERLIOZ,BELLEGARDE SUR VALSERINE,0012,SNEF - Marché Orange Alpes Fermeture,Heithem ABID
0002,"Agence Fontaine, contrat AFEO",TA193010,Ascenseur,Non,12 RUE DE LA PAIX,VOIRON,0022,SDC 12 RUE DE LA PAIX,Jean-Paul SCARINGELLA
0002,"Agence Fontaine, contrat AFEO",TA193019,Monte-Charge,Non,78 Boulevar de la République ,RIVES,0022,"Boulangerie ""La Miche Rivois""",Jean-Paul SCARINGELLA
0002,"Agence Fontaine, contrat AFEO",TA193023,Monte voiture,Non,10 RUE COLONEL BOUGAULT,GRENOBLE,0028,SDC CARRE COLONIAL,Xavier VICTORION
0002,"Agence Fontaine, contrat AFEO",TA193025,Monte voiture,Non,499 rue Nogentil,COURCHEVEL 1850,0029,CHALET LE COQUELICOT,Houssam BOUAZIZ
0002,"Agence Fontaine, contrat AFEO",TA193026,Monte-Charge,Non,SITE D'AIGUENOIR,ENTRE DEUX GUIERS,0022,COMPAGNIE FRANCAISE DE LA GRANDE CHARTREUSE,Jean-Paul SCARINGELLA
0002,"Agence Fontaine, contrat AFEO",TA193029,Ascenseur,Non,9 PLACE DU GENERAL DU GAULLE,ROMANS SUR ISERE,0030,Monsieur DAVID THIERRY,Karim MOKNECHE
0002,"Agence Fontaine, contrat AFEO",TA193031,Monte-Charge,Non,ZAC DES BRIFFAUT EST ,VALENCE,0030,COULEURS D'AROMES,Karim MOKNECHE
0002,"Agence Fontaine, contrat AFEO",TA193032,Ascenseur,Non,115 RUE PRINCIPALE,CHARAVINE,0022,HOTEL BEAU RIVAGE,Jean-Paul SCARINGELLA
0002,"Agence Fontaine, contrat AFEO",TA193033,Ascenseur,Non,70-72 COURS BECQUARD CASTELBON,VOIRON,0022,HOTEL KYRIAD,Jean-Paul SCARINGELLA
0002,"Agence Fontaine, contrat AFEO",TA193034,Monte voiture,Non,LIEUDIT LE FRONT DE NEIGE,VAL D'ISERE,0029,HOTEL LE YULE,Houssam BOUAZIZ
0002,"Agence Fontaine, contrat AFEO",TA193036,Ascenseur,Non,13 RUE DU FATON,VOIRON,0022,SDC LA CIGALE,Jean-Paul SCARINGELLA
0002,"Agence Fontaine, contrat AFEO",TA193037,EPMR elevtr pr pers a mobilité reduite,Non,11 RUE DES ESSARTS,VOIRON,0022,LE BELLICIA,Jean-Paul SCARINGELLA
0002,"Agence Fontaine, contrat AFEO",TA193038,Ascenseur,Non,209 BIS RUE DE LA REPUBLIQUE,RIVES,0022,SDC LE CHARDONNERET,Jean-Paul SCARINGELLA
0002,"Agence Fontaine, contrat AFEO",TA193039,Ascenseur,Non,21 RUE GENERAL RAMBAUD,VOIRON,0022,SDC LE CHOPIN,Jean-Paul SCARINGELLA
0002,"Agence Fontaine, contrat AFEO",TA193043,Ascenseur,Non,2/4/6 ADOLPHE PERONNET,VOIRON,0022,SDC L'EMPIRE,Jean-Paul SCARINGELLA
0002,"Agence Fontaine, contrat AFEO",TA193044,Ascenseur,Non,14 RUE LOUIS BESANCON,SAINT EGREVE,0068,MP ASCENSEURS ,Léna GRAND CLEMENT
0002,"Agence Fontaine, contrat AFEO",TA193045,Porte de garage,Non,RUE EMILE ALLAIS,COURCHEVEL 1850,0029,LES FERMES DE KASIA,Houssam BOUAZIZ
0002,"Agence Fontaine, contrat AFEO",TA193046,Ascenseur,Non,8 AVENUE JOHN KENNEDY,VOIRON,0022,SDC LES GRILLONS,Jean-Paul SCARINGELLA
0002,"Agence Fontaine, contrat AFEO",TA193047,Porte de garage,Non,21 RUE JULES FERRY,VOIRON,0022,SDC LES JARDINS DE SOSTHENE,Jean-Paul SCARINGELLA
0002,"Agence Fontaine, contrat AFEO",TA193049,Ascenseur,Non,180 Tizin,TULLINS,0022,Mme QUEYRON PAULETTE,Jean-Paul SCARINGELLA
0002,"Agence Fontaine, contrat AFEO",TA193050,EPMR elevtr pr pers a mobilité reduite,Non,16 RUE DE LA VALLEE,CLERIEUX,0030,MAISON D'HABITATION DE MME RONDET,Karim MOKNECHE
0002,"Agence Fontaine, contrat AFEO",TA193051,Monte-Charge,Non,117 RUE DES ALLIES,GRENOBLE,0052,PROVENCE DAUPHINE,Martin DO NASCIMENTO
0002,"Agence Fontaine, contrat AFEO",TA193052,Monte-Charge,Non,Site de Margès - Service Maintenance,MARGES,0030,REFRESCO,Karim MOKNECHE
0002,"Agence Fontaine, contrat AFEO",TA193053,Monte-Charge,Non,8 PLACE SAINT BRUNO,VOIRON,0022,LE SAINT BRUNO,Jean-Paul SCARINGELLA
0002,"Agence Fontaine, contrat AFEO",TA193054,Monte-Charge,Non,200 RUE DU CASINO,AIX LES BAINS,0054,CLC Restauration - Restaurant le Carré d'As,Kalifa DIOMANDE
0002,"Agence Fontaine, contrat AFEO",TA193057,Ascenseur,Non,7 BOULEVARD DU THEATRE,CHAMBERY,0074,CINEMA L'ASTREE,Julien TETU
0002,"Agence Fontaine, contrat AFEO",TA193059,Monte-Charge,Non,ZI LA BARONNIE,PONT DE BEAUVOISON,0074,HYPER U PONT DE BEAUVOISIN,Julien TETU
0002,"Agence Fontaine, contrat AFEO",TA193060,Ascenseur,Non,Lieu dit Gospillo ,COURCHEVEL 1850,0029,LE CHALET MARIA,Houssam BOUAZIZ
0002,"Agence Fontaine, contrat AFEO",TA193061,Ascenseur,Non,145 ROUTE DE LA FOUETTAZ,DEMI QUARTIER,0054,SCI LA FERME DE VAUVRAY,Kalifa DIOMANDE
0002,"Agence Fontaine, contrat AFEO",TA193063,Monte-Charge,Non,ROUTE DE L'ALTIPORT,COURCHEVEL 1850,0029,L'ALTIPOLE,Houssam BOUAZIZ
0002,"Agence Fontaine, contrat AFEO",TA193065,Ascenseur,Non,7 RUE CHARLES DARWIN,SAINT MARTIN D'HERES,0052,SUSHI PLANET,Martin DO NASCIMENTO
0002,"Agence Fontaine, contrat AFEO",TA193066,Ascenseur,Non,12-14 RUE CLAUDE GENIN,GRENOBLE,0052,THERMOFLEX,Martin DO NASCIMENTO
0002,"Agence Fontaine, contrat AFEO",TA193069,Monte voiture,Non,5 RUE DE L'AIGLE,GRENOBLE,0028,SDC LE SAINT FRANCOIS,Xavier VICTORION
0002,"Agence Fontaine, contrat AFEO",TA193070,Parking automatisé,Non,21 RUE JULES FERRY,VOIRON,0022,SDC LES JARDINS DE SOSTHENE,Jean-Paul SCARINGELLA
0002,"Agence Fontaine, contrat AFEO",TA193071,Ascenseur,Non,21 RUE JULES FERRY,VOIRON,0022,SDC LES JARDINS DE SOSTHENE,Jean-Paul SCARINGELLA
0002,"Agence Fontaine, contrat AFEO",TA193073,Ascenseur,Non,RUE EMILE ALLAIS,COURCHEVEL 1850,0029,LES FERMES DE KASIA,Houssam BOUAZIZ
0002,"Agence Fontaine, contrat AFEO",194001,Ascenseur,Non,1 Rue Daniel CASANOVA,ECHIROLLES,0052,SDC -  LE PEUIL 1,Martin DO NASCIMENTO
0002,"Agence Fontaine, contrat AFEO",194002,Ascenseur,Non,3 Rue Daniel CASANOVA,ECHIROLLES,0052,SDC -  LE PEUIL 1,Martin DO NASCIMENTO
0002,"Agence Fontaine, contrat AFEO",194033,Ascenseur,Non,15 rue André Abry,GRENOBLE,0052,SDC - 15 rue André Abry - EI 715,Martin DO NASCIMENTO
0002,"Agence Fontaine, contrat AFEO",194034,Ascenseur,Non,44 rue Paul Langevin,ECHIROLLES,0052,SDC LES ECHIROLLES - EI 972,Martin DO NASCIMENTO
0002,"Agence Fontaine, contrat AFEO",194036,Ascenseur,Non,48 rue Paul Langevin,ECHIROLLES,0052,SDC LES ECHIROLLES - EI 972,Martin DO NASCIMENTO
0002,"Agence Fontaine, contrat AFEO",194037,Ascenseur,Non,5 rue Gabriel Didier,ECHIROLLES,0052,SDC LES ECHIROLLES - EI 972,Martin DO NASCIMENTO
0002,"Agence Fontaine, contrat AFEO",194038,Ascenseur,Non,7 rue Gabriel Didier,ECHIROLLES,0052,SDC LES ECHIROLLES - EI 972,Martin DO NASCIMENTO
0002,"Agence Fontaine, contrat AFEO",194041,Ascenseur,Oui,22 rue de Turenne,GRENOBLE,0028,SDC - 22 rue de Turenne - EI 400,Xavier VICTORION
0002,"Agence Fontaine, contrat AFEO",194043,Ascenseur,Non,1A Boulevard Joseph Vallier,GRENOBLE,0028,SDC LE PLAISANCE,Xavier VICTORION
0002,"Agence Fontaine, contrat AFEO",194044,Ascenseur,Non,1B Boulevard Joseph Vallier,GRENOBLE,0028,SDC LE PLAISANCE,Xavier VICTORION
0002,"Agence Fontaine, contrat AFEO",194045,Ascenseur,Non,14 rue des Eaux Claires,GRENOBLE,0028,SDC LES ELYSEES II - EI 990,Xavier VICTORION
0002,"Agence Fontaine, contrat AFEO",194046,Ascenseur,Non,1 rue Champollion,GRENOBLE,0028,SDC LE CHAMPOLLION,Xavier VICTORION
0002,"Agence Fontaine, contrat AFEO",194047,Ascenseur,Non,11 rue Pierre Semard,SAINT MARTIN LE VINOUX,0068,SDC LE PIERRE SEMARD - EI 617,Léna GRAND CLEMENT
0002,"Agence Fontaine, contrat AFEO",194048,Ascenseur,Non,13 rue Pierre Semard,SAINT MARTIN LE VINOUX,0068,SDC LE PIERRE SEMARD - EI 617,Léna GRAND CLEMENT
0002,"Agence Fontaine, contrat AFEO",194049,Ascenseur,Non,15 rue Pierre Semard,SAINT MARTIN LE VINOUX,0068,SDC LE PIERRE SEMARD - EI 617,Léna GRAND CLEMENT
0002,"Agence Fontaine, contrat AFEO",194050,Ascenseur,Non,17 rue Pierre Semard,SAINT MARTIN LE VINOUX,0068,SDC LE PIERRE SEMARD - EI 617,Léna GRAND CLEMENT
0002,"Agence Fontaine, contrat AFEO",194052,Ascenseur,Non,139 rue des Alliés,GRENOBLE,0052,SDC ALLIES,Martin DO NASCIMENTO
0002,"Agence Fontaine, contrat AFEO",194057,Ascenseur,Non,4 Rue Jean Macé,GRENOBLE,0068,SDC - 4 RUE JEAN MACE,Léna GRAND CLEMENT
0002,"Agence Fontaine, contrat AFEO",194058,Ascenseur,Non,36 Boulevard Maréchal FOCH,GRENOBLE,0028,SDC PLEIN SUD,Xavier VICTORION
0002,"Agence Fontaine, contrat AFEO",194059,Ascenseur,Non,11 Boulevard Clémenceau,GRENOBLE,0028,SDC - 11 BOULEVARD CLEMENCEAU,Xavier VICTORION
0002,"Agence Fontaine, contrat AFEO",194060,Ascenseur,Non,76 rue dct Bonnardon,VIZILLE,0052,SDC LE DUC DE BONNE,Martin DO NASCIMENTO
0002,"Agence Fontaine, contrat AFEO",194062,Ascenseur,Non,78 Route de Lyon,GRENOBLE,0068,SDC  LE LOGIS FLEURI,Léna GRAND CLEMENT
0002,"Agence Fontaine, contrat AFEO",194063,Ascenseur,Non,11 Ancienne Route de Lyon,GRENOBLE,0068,SDC  LE LOGIS FLEURI,Léna GRAND CLEMENT
0002,"Agence Fontaine, contrat AFEO",194061,Porte de garage,Non,78 rue dct Bonnardon,VIZILLE,0033,SDC LE DUC DE BONNE,Roman NOIREZ
0002,"Agence Fontaine, contrat AFEO",194064,Ascenseur,Non,13 Chemin Meney,GRENOBLE,0052,SDC LE MENEY,Martin DO NASCIMENTO
0002,"Agence Fontaine, contrat AFEO",194065,Ascenseur,Non,15 Chemin Meney,GRENOBLE,0052,SDC LE MENEY,Martin DO NASCIMENTO
0002,"Agence Fontaine, contrat AFEO",194066,Ascenseur,Non,24 Rue Henri Roudet,FONTAINE,0022,SDC ALFRED DE MUSSET,Jean-Paul SCARINGELLA
0002,"Agence Fontaine, contrat AFEO",194067,Ascenseur,Non,26 Rue Henri Roudet,FONTAINE,0022,SDC ALFRED DE MUSSET,Jean-Paul SCARINGELLA
0002,"Agence Fontaine, contrat AFEO",194068,Ascenseur,Non,157 Avenue de l'Eygala,CORENC,0033,MAISON GLINER,Roman NOIREZ
0002,"Agence Fontaine, contrat AFEO",194069,Ascenseur,Non,105 Cours Jean Jaurès,GRENOBLE,0028,SDC - 105 Cours Jean Jaurès,Xavier VICTORION
0002,"Agence Fontaine, contrat AFEO",194070,Ascenseur,Non,13 Avenue Pierre Mendes France,POISAT,0052,SDC BELLE COLLINE - EI 240,Martin DO NASCIMENTO
0002,"Agence Fontaine, contrat AFEO",194071,Ascenseur,Non,46 Avenue du Général Leclerc,SAINT MARTIN LE VINOUX,0068,SDC LE LECLERC - EI 705,Léna GRAND CLEMENT
0002,"Agence Fontaine, contrat AFEO",194072,Ascenseur,Non,2 Rue Robert Dubarle,GRENOBLE,0028,SDC - 2 Rue Robert Dubarle - EI 502,Xavier VICTORION
0002,"Agence Fontaine, contrat AFEO",194074,Ascenseur,Non,149 Boulevard Joliot Curie,FONTAINE,0022,SDC LE ROBESPIERRE,Jean-Paul SCARINGELLA
0002,"Agence Fontaine, contrat AFEO",194075,Ascenseur,Non,16 Avenue Jeanne d'Arc,GRENOBLE,0028,SDC LE JEANNE D'ARC,Xavier VICTORION
0002,"Agence Fontaine, contrat AFEO",194076,Ascenseur,Non,18 Avenue Jeanne d'Arc,GRENOBLE,0028,SDC LE JEANNE D'ARC,Xavier VICTORION
0002,"Agence Fontaine, contrat AFEO",194080,Ascenseur,Non,3 Place Jacqueline Marval,GRENOBLE,0028,SDC - 3 PLACE JACQUELINE MARVAL,Xavier VICTORION
0002,"Agence Fontaine, contrat AFEO",194081,Ascenseur,Non,43 Chemin de la Terrasse,VIZILLE,0052,SDC LE CLOS DU MURIER,Martin DO NASCIMENTO
0002,"Agence Fontaine, contrat AFEO",194083,Ascenseur,Non,157 Rue du Colonel Manhès,VIZILLE,0052,SDC LES GLYCINES,Martin DO NASCIMENTO
0002,"Agence Fontaine, contrat AFEO",194086,Ascenseur,Non,26 Cours Berriat,GRENOBLE,0068,SDC - 26/28 COURS BERRIAT,Léna GRAND CLEMENT
0002,"Agence Fontaine, contrat AFEO",194087,Ascenseur,Non,28 Cours Berriat,GRENOBLE,0068,SDC - 26/28 COURS BERRIAT,Léna GRAND CLEMENT
0002,"Agence Fontaine, contrat AFEO",194091,Ascenseur,Non,14 Rue André Rivoire,GRENOBLE,0028,SDC LE MERIDIEN,Xavier VICTORION
0002,"Agence Fontaine, contrat AFEO",194092,Ascenseur,Non,18 Rue André Rivoire,GRENOBLE,0028,SDC LE MERIDIEN,Xavier VICTORION
0002,"Agence Fontaine, contrat AFEO",194097,Ascenseur,Non,43 Allée des Romantiques,GRENOBLE,0052,SDC LE ROMANTIQUE,Martin DO NASCIMENTO
0002,"Agence Fontaine, contrat AFEO",194098,Ascenseur,Non,43 Allée des Romantiques,GRENOBLE,0052,SDC LE ROMANTIQUE,Martin DO NASCIMENTO
0002,"Agence Fontaine, contrat AFEO",194099,Ascenseur,Non,1 rue de Mortillet,GRENOBLE,0068,SDC LA RESIDENCE ENSOLEILLEE,Léna GRAND CLEMENT
0002,"Agence Fontaine, contrat AFEO",194100,Ascenseur,Non,35 chemin de Halage,GRENOBLE,0068,SDC LA RESIDENCE ENSOLEILLEE,Léna GRAND CLEMENT
0002,"Agence Fontaine, contrat AFEO",194101,Ascenseur,Non,35 chemin de Halage,GRENOBLE,0068,SDC LA RESIDENCE ENSOLEILLEE,Léna GRAND CLEMENT
0002,"Agence Fontaine, contrat AFEO",194108,Ascenseur,Non,14 Rue Lavoisier,GRENOBLE,0028,SDC LE LAVOISIER - EI 995,Xavier VICTORION
0002,"Agence Fontaine, contrat AFEO",194109,Ascenseur,Non,16 Rue Lavoisier,GRENOBLE,0028,SDC LE LAVOISIER - EI 995,Xavier VICTORION
0002,"Agence Fontaine, contrat AFEO",194110,Ascenseur,Non,18 Rue Lavoisier,GRENOBLE,0028,SDC LE LAVOISIER - EI 995,Xavier VICTORION
0002,"Agence Fontaine, contrat AFEO",194112,Ascenseur,Non,55 Boulevard Joseph Vallier,GRENOBLE,0028,SDC LES LUMIERES C1,Xavier VICTORION
0002,"Agence Fontaine, contrat AFEO",194113,Ascenseur,Non,15 Rue Amédé Morel,GRENOBLE,0068,SDC LA PETITE CHARTREUSE - EI 615,Léna GRAND CLEMENT
0002,"Agence Fontaine, contrat AFEO",194114,Ascenseur,Non,17 Rue Amédé Morel,GRENOBLE,0068,SDC LA PETITE CHARTREUSE - EI 615,Léna GRAND CLEMENT
0002,"Agence Fontaine, contrat AFEO",194115,Ascenseur,Non,99 Avenue Jean Jaurès,VOIRON,0022,SDC LE JEAN JAURES - EI 2529,Jean-Paul SCARINGELLA
0002,"Agence Fontaine, contrat AFEO",194117,Ascenseur,Non,6 Rue Marcel Porte,GRENOBLE,0028,"SDC 6 rue Marcel, Porte",Xavier VICTORION
0002,"Agence Fontaine, contrat AFEO",194120,Ascenseur,Non,47b Rue Alfred de Vigny,GRENOBLE,0052,SDC VILLA NOVA,Martin DO NASCIMENTO
0002,"Agence Fontaine, contrat AFEO",194121,Ascenseur,Non,49 Rue Alfred de Vigny,GRENOBLE,0052,SDC VILLA NOVA,Martin DO NASCIMENTO
0002,"Agence Fontaine, contrat AFEO",194122,Ascenseur,Non,194 Rue de Stalingrad,GRENOBLE,0052,SDC TEMPORA,Martin DO NASCIMENTO
0002,"Agence Fontaine, contrat AFEO",194123,Ascenseur,Non,196 Rue de Stalingrad,GRENOBLE,0052,SDC TEMPORA,Martin DO NASCIMENTO
0002,"Agence Fontaine, contrat AFEO",194125,Ascenseur,Non,37 Avenue Alsace Lorraine,GRENOBLE,0068,SDC - 37 Avenue Alsace Lorraine,Léna GRAND CLEMENT
0002,"Agence Fontaine, contrat AFEO",194127,Ascenseur,Non,4 Rue du Commandant Lenoir,ECHIROLLES,0052,SDC 4 LENOIR,Martin DO NASCIMENTO
0002,"Agence Fontaine, contrat AFEO",194128,Ascenseur,Non,20 Rue Condorcet,GRENOBLE,0028,SDC LE CONDORCET,Xavier VICTORION
0002,"Agence Fontaine, contrat AFEO",194129,Ascenseur,Non,9 Chemin Meney,GRENOBLE,0052,SDC LE MENEY,Martin DO NASCIMENTO
0002,"Agence Fontaine, contrat AFEO",194130,Ascenseur,Non,11 Chemin Meney,GRENOBLE,0052,SDC LE MENEY,Martin DO NASCIMENTO
0002,"Agence Fontaine, contrat AFEO",194131,Ascenseur,Non,2 Rue Pierre Ruibet,GRENOBLE,0028,SDC LE PIERRE RUIBET,Xavier VICTORION
0002,"Agence Fontaine, contrat AFEO",194132,Ascenseur,Non,4 Rue Pierre Ruibet,GRENOBLE,0028,SDC LE PIERRE RUIBET,Xavier VICTORION
0002,"Agence Fontaine, contrat AFEO",194133,Ascenseur,Non,75b Rue Sermorens,VOIRON,0022,SDC LE SERMORENS,Jean-Paul SCARINGELLA
0002,"Agence Fontaine, contrat AFEO",194134,Ascenseur,Oui,5/7 Rue du Lieutenant Quinsonas,GRENOBLE,0028,SDC LE COLISEE,Xavier VICTORION
0002,"Agence Fontaine, contrat AFEO",194136,Ascenseur,Non,28 Rue Blanche Monier,GRENOBLE,0068,SDC LA GRADELLE,Léna GRAND CLEMENT
0002,"Agence Fontaine, contrat AFEO",194137,Ascenseur,Non,24 Rue Lafayette,GRENOBLE,0068,SDC LE LAFAYETTE,Léna GRAND CLEMENT
0002,"Agence Fontaine, contrat AFEO",194138,PUBLIC,Non,143 Cours de la Libération,GRENOBLE,0052,SDC - 143 Cours de la Libération,Martin DO NASCIMENTO
0002,"Agence Fontaine, contrat AFEO",194141,Ascenseur,Non,669 Avenue de Chartreuse,PONTCHARRA,0033,COLLEGE MARCEL CHENE,Roman NOIREZ
0002,"Agence Fontaine, contrat AFEO",194142,Ascenseur,Non,2 Place Paul Vallier,GRENOBLE,0028,SDC - 2 Place Paul Vallier,Xavier VICTORION
0002,"Agence Fontaine, contrat AFEO",194143,Ascenseur,Non,4 Place Paul Vallier,GRENOBLE,0028,SDC - 2 Place Paul Vallier,Xavier VICTORION
0002,"Agence Fontaine, contrat AFEO",194144,Ascenseur,Non,29 Rue Champollion,GRENOBLE,0028,SDC - 2 Place Paul Vallier,Xavier VICTORION
0002,"Agence Fontaine, contrat AFEO",194145,Ascenseur,Non,3 Avenue Jeanne d'Arc,GRENOBLE,0028,SDC - 3 AVENUE JEANNE D'ARC,Xavier VICTORION
0002,"Agence Fontaine, contrat AFEO",194147,Ascenseur,Non,8 Rue du Vergeron,MOIRANS,0022,SDC LE PARC DU BOURG,Jean-Paul SCARINGELLA
0002,"Agence Fontaine, contrat AFEO",194148,Ascenseur,Non,4 Rue Guy de Maupassant,GRENOBLE,0052,SDC LE MAUPASSANT - EI 920,Martin DO NASCIMENTO
0002,"Agence Fontaine, contrat AFEO",194149,Ascenseur,Non,42 Avenue de Romans,SASSENAGE,0068,SDC LA LICORNE - EI 1073,Léna GRAND CLEMENT
0002,"Agence Fontaine, contrat AFEO",194150,Ascenseur,Non,42 Avenue de Romans,SASSENAGE,0068,SDC LA LICORNE - EI 1073,Léna GRAND CLEMENT
0002,"Agence Fontaine, contrat AFEO",194151,Ascenseur,Non,27 Rue André Rivoire,GRENOBLE,0028,SDC LES ECUREUILS - EI 72,Xavier VICTORION
0002,"Agence Fontaine, contrat AFEO",194152,Ascenseur,Non,2 Avenue de Teisseire,GRENOBLE,0052,SDC LE VERDERET - EI 998,Martin DO NASCIMENTO
0002,"Agence Fontaine, contrat AFEO",194153,Ascenseur,Non,4 Avenue de Teisseire,GRENOBLE,0052,SDC LE VERDERET - EI 998,Martin DO NASCIMENTO
0002,"Agence Fontaine, contrat AFEO",194154,Ascenseur,Non,6 Avenue de Teisseire,GRENOBLE,0052,SDC LE VERDERET - EI 998,Martin DO NASCIMENTO
0002,"Agence Fontaine, contrat AFEO",194155,Ascenseur,Non,8 Avenue de Teisseire,GRENOBLE,0052,SDC LE VERDERET - EI 998,Martin DO NASCIMENTO
0002,"Agence Fontaine, contrat AFEO",194156,Ascenseur,Non,10 Avenue de Teisseire,GRENOBLE,0052,SDC LE VERDERET - EI 998,Martin DO NASCIMENTO
0002,"Agence Fontaine, contrat AFEO",194162,Ascenseur,Non,2 Rue Antoine Renavent,GRENOBLE,0068,SDC LE RENAVENT,Léna GRAND CLEMENT
0002,"Agence Fontaine, contrat AFEO",194164,Ascenseur,Non,25 Boulevard du Guillon,VOIRON,0022,SDC LA RIVOIRE,Jean-Paul SCARINGELLA
0002,"Agence Fontaine, contrat AFEO",194167,Ascenseur,Non,5 Rue Madame de Staël,VOIRON,0022,SDC - 5 Rue Madame de Staël,Jean-Paul SCARINGELLA
0002,"Agence Fontaine, contrat AFEO",194168,Ascenseur,Non,14 Rue Louise Michel,GRENOBLE,0028,SDC AUTEUIL,Xavier VICTORION
0002,"Agence Fontaine, contrat AFEO",194171,Ascenseur,Non,2 Avenue Jean Perrot,GRENOBLE,0028,SDC - 2 AVENUE JEAN PERROT,Xavier VICTORION
0002,"Agence Fontaine, contrat AFEO",194173,Ascenseur,Non,96 Avenue de la Bruyère,GRENOBLE,0052,LE JARDIN DES 4 SAISONS,Martin DO NASCIMENTO
0002,"Agence Fontaine, contrat AFEO",194174,Ascenseur,Non,96 Avenue de la Bruyère,GRENOBLE,0052,LE JARDIN DES 4 SAISONS,Martin DO NASCIMENTO
0002,"Agence Fontaine, contrat AFEO",194177,Ascenseur,Non,24 Rue Irvoy,GRENOBLE,0028,SDC - 24 Rue Irvoy,Xavier VICTORION
0002,"Agence Fontaine, contrat AFEO",194178,Ascenseur,Non,6 Rue du Fournet,SAINT EGREVE,0068,SDC - LE FOURNET,Léna GRAND CLEMENT
0002,"Agence Fontaine, contrat AFEO",194179,Ascenseur,Non,12  Rue du Fournet,SAINT EGREVE,0068,SDC - LE FOURNET,Léna GRAND CLEMENT
0002,"Agence Fontaine, contrat AFEO",194182,Ascenseur,Non,87 Rue Mallifaud,GRENOBLE,0028,SDC - 87 Rue Mallifaud,Xavier VICTORION
0002,"Agence Fontaine, contrat AFEO",194184,Ascenseur,Non,32 Boulevard Gambetta,GRENOBLE,0028,SDC - 32 Boulevard Gambetta,Xavier VICTORION
0002,"Agence Fontaine, contrat AFEO",194187,Ascenseur,Non,1 Rue Lafontaine,SEYSSINET-PARISET,0068,SDC LES GRILLONS,Léna GRAND CLEMENT
0002,"Agence Fontaine, contrat AFEO",194188,Ascenseur,Non,3 Rue Lafontaine,SEYSSINET-PARISET,0068,SDC LES GRILLONS,Léna GRAND CLEMENT
0002,"Agence Fontaine, contrat AFEO",194189,Ascenseur,Non,5 Rue Lafontaine,SEYSSINET-PARISET,0068,SDC LES GRILLONS,Léna GRAND CLEMENT
0002,"Agence Fontaine, contrat AFEO",194190,Ascenseur,Non,7 Rue Lafontaine,SEYSSINET-PARISET,0068,SDC LES GRILLONS,Léna GRAND CLEMENT
0002,"Agence Fontaine, contrat AFEO",194191,Ascenseur,Non,9 Rue Lafontaine,SEYSSINET-PARISET,0068,SDC LES GRILLONS,Léna GRAND CLEMENT
0002,"Agence Fontaine, contrat AFEO",194192,Ascenseur,Non,11 Rue Lafontaine,SEYSSINET-PARISET,0068,SDC LES GRILLONS,Léna GRAND CLEMENT
0002,"Agence Fontaine, contrat AFEO",194193,Ascenseur,Non,13 Rue Lafontaine,SEYSSINET-PARISET,0068,SDC LES GRILLONS,Léna GRAND CLEMENT
0002,"Agence Fontaine, contrat AFEO",194194,Ascenseur,Non,56 bd de la République,VOIRON,0022,SDC BELLAMIE,Jean-Paul SCARINGELLA
0002,"Agence Fontaine, contrat AFEO",194195,Ascenseur,Non,56 bd de la République,VOIRON,0022,SDC BELLAMIE,Jean-Paul SCARINGELLA
0002,"Agence Fontaine, contrat AFEO",194196,Ascenseur,Non,56 bd de la République,VOIRON,0022,SDC BELLAMIE,Jean-Paul SCARINGELLA
0002,"Agence Fontaine, contrat AFEO",194197,Ascenseur,Non,117 Cours Jean Jaurès,GRENOBLE,0028,SDC - 117 Cours Jean Jaurès,Xavier VICTORION
0002,"Agence Fontaine, contrat AFEO",194198,Portail,Non,4 Rue Guy de Maupassant,GRENOBLE,0033,SDC  Le Maupassant - EI 920,Roman NOIREZ
0002,"Agence Fontaine, contrat AFEO",194199,Ascenseur,Non,39 Avenue Jean Perrot,GRENOBLE,0028,SDC LE CHAMPAGNIER -EI 3518,Xavier VICTORION
0002,"Agence Fontaine, contrat AFEO",194200,Ascenseur,Non,2 Rue du Sergent Bobillot,GRENOBLE,0028,SDC - 2 Rue du Sergent Bobillot,Xavier VICTORION
0002,"Agence Fontaine, contrat AFEO",194201,Ascenseur,Non,10 Rue Augereau,GRENOBLE,0028,SDC - 10 Rue Augereau,Xavier VICTORION
0002,"Agence Fontaine, contrat AFEO",194202,Ascenseur,Non,Aéroport Saint- Geoirs,SAINT ETIENNE SAINT GEOIRS,0022,LAGARDERE TRF,Jean-Paul SCARINGELLA
0002,"Agence Fontaine, contrat AFEO",194213,Ascenseur,Non,40 Avenue de la Plaine Fleurie,MEYLAN,0068,SDC FRANCOIS VILLON,Léna GRAND CLEMENT
0002,"Agence Fontaine, contrat AFEO",194214,Ascenseur,Non,8 Chemin Villebois,GRENOBLE,0028,SDC L'ORME,Xavier VICTORION
0002,"Agence Fontaine, contrat AFEO",194229,Ascenseur,Non,2 Rue Docteur Bally,GRENOBLE,0068,SDC - 2 Rue Docteur Bally,Léna GRAND CLEMENT
0002,"Agence Fontaine, contrat AFEO",194230,Ascenseur,Non,3 Quai de la Graille,GRENOBLE,0068,SDC LE BASTILLE,Léna GRAND CLEMENT
0002,"Agence Fontaine, contrat AFEO",194236,Ascenseur,Non,4 Rue Pierre Termier,GRENOBLE,0028,SDC L'EMINENCE - EI 1016,Xavier VICTORION
0002,"Agence Fontaine, contrat AFEO",194237,Ascenseur,Non,6 Boulevard Joseph Vallier,GRENOBLE,0028,SDC L'EMINENCE - EI 1016,Xavier VICTORION
0002,"Agence Fontaine, contrat AFEO",194238,Ascenseur,Non,17 Rue Aimé Berey,GRENOBLE,0068,SDC LES 2 CHÊNES - EI 817,Léna GRAND CLEMENT
0002,"Agence Fontaine, contrat AFEO",194239,Ascenseur,Non,9 Rue Yves Farges,FONTAINE,0022,SDC LE CLAIREFONTAINE,Jean-Paul SCARINGELLA
0002,"Agence Fontaine, contrat AFEO",194240,Ascenseur,Non,11 Rue Yves Farges,FONTAINE,0022,SDC LE CLAIREFONTAINE,Jean-Paul SCARINGELLA
0002,"Agence Fontaine, contrat AFEO",194241,Ascenseur,Non,13 Rue Yves Farges,FONTAINE,0022,SDC LE CLAIREFONTAINE,Jean-Paul SCARINGELLA
0002,"Agence Fontaine, contrat AFEO",194242,Ascenseur,Non,15 Rue Yves Farges,FONTAINE,0022,SDC LE CLAIREFONTAINE,Jean-Paul SCARINGELLA
0002,"Agence Fontaine, contrat AFEO",194243,Ascenseur,Non,270 Avenue Ambroise Croizat,SAINT MARTIN D'HERES,0052,SDC LES CELIBATAIRES,Martin DO NASCIMENTO
0002,"Agence Fontaine, contrat AFEO",194244,Ascenseur,Non,270 Avenue Ambroise Croizat,SAINT MARTIN D'HERES,0052,SDC LES CELIBATAIRES,Martin DO NASCIMENTO
0002,"Agence Fontaine, contrat AFEO",194247,Portail,Non,6 Rue des Essarts,GIERES,0033,SDC LES 7 LAUX,Roman NOIREZ
0002,"Agence Fontaine, contrat AFEO",194248,Portail,Non,6 Rue des Essarts,GIERES,0033,SDC LES 7 LAUX,Roman NOIREZ
0002,"Agence Fontaine, contrat AFEO",194249,Portail,Non,6 Rue des Essarts,GIERES,0033,SDC LES 7 LAUX,Roman NOIREZ
0002,"Agence Fontaine, contrat AFEO",194250,Portail,Non,6 Rue des Essarts,GIERES,0033,SDC LES 7 LAUX,Roman NOIREZ
0002,"Agence Fontaine, contrat AFEO",194251,Portail,Non,6 Rue des Essarts,GIERES,0033,SDC LES 7 LAUX,Roman NOIREZ
0002,"Agence Fontaine, contrat AFEO",194256,Ascenseur,Non,141 Cours de la Libération,GRENOBLE,0052,SDC - 141 Cours de la Libération - EI 141,Martin DO NASCIMENTO
0002,"Agence Fontaine, contrat AFEO",194257,Ascenseur,Non,3 Rue Marcel Porte,GRENOBLE,0028,SDC LE PHENIX II,Xavier VICTORION
0002,"Agence Fontaine, contrat AFEO",194258,Ascenseur,Non,5 Rue Marcel Porte,GRENOBLE,0028,SDC LE PHENIX II,Xavier VICTORION
0002,"Agence Fontaine, contrat AFEO",194259,Ascenseur,Non,14 Rue Paul Janet,GRENOBLE,0028,SDC LE PHENIX II,Xavier VICTORION
0002,"Agence Fontaine, contrat AFEO",194260,Ascenseur,Non,453 Avenue de Vénaria,VIZILLE,0052,SDC LES ECHANSONS,Martin DO NASCIMENTO
0002,"Agence Fontaine, contrat AFEO",194261,Ascenseur,Non,453 Avenue de Vénaria,VIZILLE,0052,SDC LES ECHANSONS,Martin DO NASCIMENTO
0002,"Agence Fontaine, contrat AFEO",194262,Ascenseur,Non,274 Rue du 08 Mai 1945,VIZILLE,0052,SDC LES ECHANSONS,Martin DO NASCIMENTO
0002,"Agence Fontaine, contrat AFEO",194265,Ascenseur,Non,6 Rue Casimir Brenier,GRENOBLE,0068,SDC - 6 Rue Casimir Brenier,Léna GRAND CLEMENT
0002,"Agence Fontaine, contrat AFEO",194266,Ascenseur,Non,87 Cours de la Libération,GRENOBLE,0052,SDC LE MONTAIGUILLE - EI 887,Martin DO NASCIMENTO
0002,"Agence Fontaine, contrat AFEO",194273,Ascenseur,Non,21 Rue de Belgrade,GRENOBLE,0068,SDC LE MUST - EI 230,Léna GRAND CLEMENT
0002,"Agence Fontaine, contrat AFEO",194274,Ascenseur,Non,1 Rue des Tisserands,MEYLAN,0068,SDC LE MARYLAND,Léna GRAND CLEMENT
0002,"Agence Fontaine, contrat AFEO",194275,Ascenseur,Non,3 Rue des Tisserands,MEYLAN,0068,SDC LE MARYLAND,Léna GRAND CLEMENT
0002,"Agence Fontaine, contrat AFEO",194276,Ascenseur,Non,5 Rue des Tisserands,MEYLAN,0068,SDC LE MARYLAND,Léna GRAND CLEMENT
0002,"Agence Fontaine, contrat AFEO",194277,Ascenseur,Non,20 Avenue de l'Europe,SAINT-EGREVE,0068,SDC LE FRIMAIRE,Léna GRAND CLEMENT
0002,"Agence Fontaine, contrat AFEO",194278,Ascenseur,Non,3 Rue Hervé Bazin,SASSENAGE,0068,SDC LE HAMEAU DES CHAMPS - EI 77,Léna GRAND CLEMENT
0002,"Agence Fontaine, contrat AFEO",194281,Ascenseur,Non,8 Digue du Drac,SEYSSINET-PARISET,0068,SDC LES SOURCES II,Léna GRAND CLEMENT
0002,"Agence Fontaine, contrat AFEO",194282,Ascenseur,Non,10 Digue du Drac,SEYSSINET-PARISET,0068,SDC LES SOURCES II,Léna GRAND CLEMENT
0002,"Agence Fontaine, contrat AFEO",194304,Ascenseur,Non,30 Rue Paul Langevin,SAINT MARTIN D'HERES,0052,ESTHI,Martin DO NASCIMENTO
0002,"Agence Fontaine, contrat AFEO",194305,Ascenseur,Non,30 Rue Paul Langevin,SAINT MARTIN D'HERES,0052,ESTHI,Martin DO NASCIMENTO
0002,"Agence Fontaine, contrat AFEO",194306,Ascenseur,Non,30 Rue Paul Langevin,SAINT MARTIN D'HERES,0052,ESTHI,Martin DO NASCIMENTO
0002,"Agence Fontaine, contrat AFEO",194307,Ascenseur,Non,70 Rue de Stalingrad,GRENOBLE,0028,SDC LE CHARMILLE - EI 70,Xavier VICTORION
0002,"Agence Fontaine, contrat AFEO",194308,Ascenseur,Non,70 Rue de Stalingrad,GRENOBLE,0028,SDC LE CHARMILLE - EI 70,Xavier VICTORION
0002,"Agence Fontaine, contrat AFEO",194309,Ascenseur,Non,19 Rue Colonel Bougault,GRENOBLE,0028,SDC - 19b Rue Colonel Bougault,Xavier VICTORION
0002,"Agence Fontaine, contrat AFEO",194310,Ascenseur,Non,4 Rue du Fournet,SAINT EGREVE,0068,SDC - 4 Rue du Fournet,Léna GRAND CLEMENT
0002,"Agence Fontaine, contrat AFEO",194315,Ascenseur,Non,2 Rue Dominique Villars,GRENOBLE,0028,SDC - 2 Rue Dominique Villars - EI 3500,Xavier VICTORION
0002,"Agence Fontaine, contrat AFEO",194316,Ascenseur,Non,4 Rue de la Buclée,ECHIROLLES,0052,SDC - LA BUCLEE E et F - EI 704,Martin DO NASCIMENTO
0002,"Agence Fontaine, contrat AFEO",194317,Ascenseur,Non,6 Rue de la Buclée,ECHIROLLES,0052,SDC - LA BUCLEE E et F - EI 704,Martin DO NASCIMENTO
0002,"Agence Fontaine, contrat AFEO",194319,Ascenseur,Non,45 Boulevard Joseph Vallier,GRENOBLE,0028,SDC - LES HEURES CLAIRES,Xavier VICTORION
0002,"Agence Fontaine, contrat AFEO",194321,Ascenseur,Non,12 Bis Rue du Vergeron,MOIRANS,0022,SDC- LES JARDINS DU BOURG,Jean-Paul SCARINGELLA
0002,"Agence Fontaine, contrat AFEO",194323,Ascenseur,Non,12 Bis Rue du Vergeron,MOIRANS,0022,SDC- LES JARDINS DU BOURG,Jean-Paul SCARINGELLA
0002,"Agence Fontaine, contrat AFEO",194324,Ascenseur,Non,85 Avenue du Grésivaudan,MEYLAN,0068,SDC - LA CARRONNERIE,Léna GRAND CLEMENT
0002,"Agence Fontaine, contrat AFEO",194325,Ascenseur,Non,87 Avenue du Grésivaudan,MEYLAN,0068,SDC - LA CARRONNERIE,Léna GRAND CLEMENT
0002,"Agence Fontaine, contrat AFEO",194326,Ascenseur,Non,89 Avenue du Grésivaudan,MEYLAN,0068,SDC - LA CARRONNERIE,Léna GRAND CLEMENT
0002,"Agence Fontaine, contrat AFEO",194327,Ascenseur,Non,91 Avenue du Grésivaudan,MEYLAN,0068,SDC - LA CARRONNERIE,Léna GRAND CLEMENT
0002,"Agence Fontaine, contrat AFEO",194328,Ascenseur,Non,31 Rue Abbé Grégoire,GRENOBLE,0028,SDC - L'ACROPOLE,Xavier VICTORION
0002,"Agence Fontaine, contrat AFEO",194336,Ascenseur,Non,6 Rue François Charvet,CHAMBERY,0074,SDC - 6 Rue François Charvet,Julien TETU
0002,"Agence Fontaine, contrat AFEO",194337,Ascenseur,Non,30 Rue de Stalingrad,GRENOBLE,0028,SDC - 30 Rue de Stalingrad - EI 415,Xavier VICTORION
0002,"Agence Fontaine, contrat AFEO",194338,Ascenseur,Non,36 Avenue Alsace Lorraine,GRENOBLE,0068,SDC 36 ALSACE LORRAINE,Léna GRAND CLEMENT
0002,"Agence Fontaine, contrat AFEO",194339,Monte-Charge,Non,480 Avenue du Père Tassé,CHAMROUSSE,0052,EASY RIDER,Martin DO NASCIMENTO
0002,"Agence Fontaine, contrat AFEO",194340,Ascenseur,Non,13 Rue Marcel Paul,SAINT EGREVE,0068,SDC - 13 Rue Marcel Paul,Léna GRAND CLEMENT
0002,"Agence Fontaine, contrat AFEO",194341,Ascenseur,Non,33 Rue des Déportés du 11 Novembre 1943,GRENOBLE,0028,SDC LE FLEURY,Xavier VICTORION
0002,"Agence Fontaine, contrat AFEO",194342,Porte de garage,Non,13b Chemin du Rif Talon,CLAIX,0033,SDC LE MALHIVERT,Roman NOIREZ
0002,"Agence Fontaine, contrat AFEO",194343,Ascenseur,Non,15 Chemin du Rif Talon,CLAIX,0052,SDC LE MALHIVERT,Martin DO NASCIMENTO
0002,"Agence Fontaine, contrat AFEO",194344,Ascenseur,Non,12 Rue Barral de Monferrat,GRENOBLE,0068,SDC LE RENAVENT,Léna GRAND CLEMENT
0002,"Agence Fontaine, contrat AFEO",194345,Ascenseur,Non,12 Rue Barral de Monferrat,GRENOBLE,0068,SDC LE RENAVENT,Léna GRAND CLEMENT
0002,"Agence Fontaine, contrat AFEO",194346,Ascenseur,Non,14 Rue Barral de Monferrat,GRENOBLE,0068,SDC LE RENAVENT,Léna GRAND CLEMENT
0002,"Agence Fontaine, contrat AFEO",194347,Ascenseur,Non,14 Rue Barral de Monferrat,GRENOBLE,0068,SDC LE RENAVENT,Léna GRAND CLEMENT
0002,"Agence Fontaine, contrat AFEO",194348,Ascenseur,Non,16 Rue Barral de Monferrat,GRENOBLE,0068,SDC LE RENAVENT,Léna GRAND CLEMENT
0002,"Agence Fontaine, contrat AFEO",194349,Ascenseur,Oui,16 Rue Barral de Monferrat,GRENOBLE,0068,SDC LE RENAVENT,Léna GRAND CLEMENT
0002,"Agence Fontaine, contrat AFEO",194350,Ascenseur,Non,10 Impasse Chamrousse,MEYLAN,0033,MAISON M. GEORGES,Roman NOIREZ
0002,"Agence Fontaine, contrat AFEO",194351,Ascenseur,Non,6 Rue Fantin Latour,GRENOBLE,0028,SDC - 6 Rue Fantin Latour,Xavier VICTORION
0002,"Agence Fontaine, contrat AFEO",194352,Ascenseur,Non,65 Boulevard Joseph Vallier,GRENOBLE,0028,SDC LE PRINTEMPS - EI 422,Xavier VICTORION
0002,"Agence Fontaine, contrat AFEO",194355,Ascenseur,Non,19 A Rue Bizanet,GRENOBLE,0068,SDC LE ROBINSON - EI 3539,Léna GRAND CLEMENT
0002,"Agence Fontaine, contrat AFEO",194356,Ascenseur,Non,19 B Rue Bizanet,GRENOBLE,0068,SDC LE ROBINSON - EI 3539,Léna GRAND CLEMENT
0002,"Agence Fontaine, contrat AFEO",194357,Ascenseur,Non,2 Allée de la Pelouse,GRENOBLE,0052,SDC LES CONSTELLATIONS - EI 7546,Martin DO NASCIMENTO
0002,"Agence Fontaine, contrat AFEO",194358,Ascenseur,Non,3 Allée de la Pelouse,GRENOBLE,0052,SDC LES CONSTELLATIONS - EI 7546,Martin DO NASCIMENTO
0002,"Agence Fontaine, contrat AFEO",194359,Ascenseur,Non,3 Allée de la Pelouse,GRENOBLE,0052,SDC LES CONSTELLATIONS - EI 7546,Martin DO NASCIMENTO
0002,"Agence Fontaine, contrat AFEO",194360,Ascenseur,Non,5 Allée de la Pelouse,GRENOBLE,0052,SDC LES CONSTELLATIONS - EI 7546,Martin DO NASCIMENTO
0002,"Agence Fontaine, contrat AFEO",194361,Ascenseur,Non,5 Allée de la Pelouse,GRENOBLE,0052,SDC LES CONSTELLATIONS - EI 7546,Martin DO NASCIMENTO
0002,"Agence Fontaine, contrat AFEO",194362,Ascenseur,Non,7 Allée de la Pelouse,GRENOBLE,0052,SDC LES CONSTELLATIONS - EI 7546,Martin DO NASCIMENTO
0002,"Agence Fontaine, contrat AFEO",194365,Porte sectionnelle,Non,13 Rue du Béal,SAINT MARTIN D'HERES,0033,SDC LE COLISEE - EI 777,Roman NOIREZ
0002,"Agence Fontaine, contrat AFEO",194366,Ascenseur,Non,1 Rue Paul Dijon,GRENOBLE,0028,SDC - 1 RUE PAUL DIJON,Xavier VICTORION
0002,"Agence Fontaine, contrat AFEO",194367,Ascenseur,Non,1 Avenue Rhin et Danube,GRENOBLE,0028,SDC LES SABLES D'OLONNES - EI 901,Xavier VICTORION
0002,"Agence Fontaine, contrat AFEO",194368,Ascenseur,Non,49 Rue Général Ferrié,GRENOBLE,0028,SDC LES PLATANES,Xavier VICTORION
0002,"Agence Fontaine, contrat AFEO",194369,Ascenseur,Non,51 Rue Général Ferrié,GRENOBLE,0028,SDC LES PLATANES,Xavier VICTORION
0002,"Agence Fontaine, contrat AFEO",194370,Ascenseur,Non,53 Rue Général Ferrié,GRENOBLE,0028,SDC LES PLATANES,Xavier VICTORION
0002,"Agence Fontaine, contrat AFEO",194373,Monte-Charge,Non,9 Rue du Mollard Bresson,LES AVENIERES,0074,Mairie des Avenières Veyrins-Thuellin,Julien TETU
0002,"Agence Fontaine, contrat AFEO",IA194374,Ascenseur,Non,32bis Rue de la Liberté,FONTAINE,0022,C-FIT,Jean-Paul SCARINGELLA
0002,"Agence Fontaine, contrat AFEO",194377,Porte de garage,Non,31 Rue Abbé Grégoire,GRENOBLE,0033,SDC - L'ACROPOLE,Roman NOIREZ
0002,"Agence Fontaine, contrat AFEO",194379,EPMR elevtr pr pers a mobilité reduite,Non,14 Chemin de Saint Martin,MEYLAN,0033,M. BRUN,Roman NOIREZ
0002,"Agence Fontaine, contrat AFEO",194383,Ascenseur,Non,6 Rue Charles Tartari,GRENOBLE,0028,SDC - 6 RUE CHARLES TARTARI,Xavier VICTORION
0002,"Agence Fontaine, contrat AFEO",1/035/21,Ascenseur,Non,28 avenue Benoit Frachon,SAINT MARTIN D'HERES,0028,UNIVERSITES GRENOBLE ALPES,Xavier VICTORION
0002,"Agence Fontaine, contrat AFEO",1/035/22,Ascenseur,Non,6 Rue Pierre de Coubertin,SASSENAGE,0052,UNIVERSITES GRENOBLE ALPES,Martin DO NASCIMENTO
0002,"Agence Fontaine, contrat AFEO",1/035/25,Ascenseur,Non,38 Rue Barthélemy de Laffemas,VALENCE,0022,UNIVERSITES GRENOBLE ALPES,Jean-Paul SCARINGELLA
0002,"Agence Fontaine, contrat AFEO",1/035/33,Ascenseur,Non,14 bis avenue Marie Reynoard,GRENOBLE,0029,UNIVERSITES GRENOBLE ALPES,Houssam BOUAZIZ
0002,"Agence Fontaine, contrat AFEO",1/035/36,Ascenseur,Non,39/41 boulevard Gambetta,GRENOBLE,0052,UNIVERSITES GRENOBLE ALPES,Martin DO NASCIMENTO
0002,"Agence Fontaine, contrat AFEO",1/035/38,Ascenseur,Non,53 avenue des Martyrs,GRENOBLE ,0052,UNIVERSITES GRENOBLE ALPES,Martin DO NASCIMENTO
0002,"Agence Fontaine, contrat AFEO",1/035/39,Ascenseur,Non,28 avenue Benoit Frachon,SAINT MARTIN D'HERES,0028,UNIVERSITES GRENOBLE ALPES,Xavier VICTORION
0002,"Agence Fontaine, contrat AFEO",1/035/42,Ascenseur,Non,38 Rue Barthélemy de Laffemas,VALENCE,0022,UNIVERSITES GRENOBLE ALPES,Jean-Paul SCARINGELLA
0002,"Agence Fontaine, contrat AFEO",1/035/51,Ascenseur,Non,rue Maurice Gignoux,GRENOBLE,0028,UNIVERSITES GRENOBLE ALPES,Xavier VICTORION
0002,"Agence Fontaine, contrat AFEO",1/035/54,Ascenseur,Non,25 avenue des Martyrs,GRENOBLE ,0052,UNIVERSITES GRENOBLE ALPES,Martin DO NASCIMENTO
0002,"Agence Fontaine, contrat AFEO",1/035/60,Ascenseur,Non,Chemin du Grand Sablon,LA TRONCHE,0052,UNIVERSITES GRENOBLE ALPES,Martin DO NASCIMENTO
0002,"Agence Fontaine, contrat AFEO",1/035/61,Ascenseur,Non,Chemin Fortuné ferrini,LA TRONCHE,0052,UNIVERSITES GRENOBLE ALPES,Martin DO NASCIMENTO
0002,"Agence Fontaine, contrat AFEO",1/035/62,Ascenseur,Non,Chemin Fortuné ferrini,LA TRONCHE,0052,UNIVERSITES GRENOBLE ALPES,Martin DO NASCIMENTO
0002,"Agence Fontaine, contrat AFEO",1/035/65,Ascenseur,Non,39/41 boulevard Gambetta,GRENOBLE,0052,UNIVERSITES GRENOBLE ALPES,Martin DO NASCIMENTO
0002,"Agence Fontaine, contrat AFEO",1/035/68,Ascenseur,Non,La côte des Chavants,LES HOUCHES,0029,UNIVERSITES GRENOBLE ALPES,Houssam BOUAZIZ
0002,"Agence Fontaine, contrat AFEO",1/035/72,Ascenseur,Non,17 Quai Claude Bernard,GRENOBLE,0052,UNIVERSITES GRENOBLE ALPES,Martin DO NASCIMENTO
0002,"Agence Fontaine, contrat AFEO",1/035/73,Ascenseur,Non,17 Quai Claude Bernard,GRENOBLE,0052,UNIVERSITES GRENOBLE ALPES,Martin DO NASCIMENTO
0002,"Agence Fontaine, contrat AFEO",1/035/74,Ascenseur,Non,23 Chemin des Huguenots,VALENCE,0022,UNIVERSITES GRENOBLE ALPES,Jean-Paul SCARINGELLA
0002,"Agence Fontaine, contrat AFEO",1/035/75,Ascenseur,Non,La côte des Chavants,LES HOUCHES,0029,UNIVERSITES GRENOBLE ALPES,Houssam BOUAZIZ
0002,"Agence Fontaine, contrat AFEO",1/035/77,Ascenseur,Non,36 Avenue de l' École Normale,VALENCE,0022,UNIVERSITES GRENOBLE ALPES,Jean-Paul SCARINGELLA
0002,"Agence Fontaine, contrat AFEO",1/035/97,Ascenseur,Non,14 BIS AVENUE MARIE REYNOARD,GRENOBLE,0029,UNIVERSITES GRENOBLE ALPES,Houssam BOUAZIZ
0002,"Agence Fontaine, contrat AFEO",1/035/98,Ascenseur,Non,51 rue de Barthelemy de Laffemas,VALENCE,0022,UNIVERSITES GRENOBLE ALPES,Jean-Paul SCARINGELLA
0002,"Agence Fontaine, contrat AFEO",1/035/99,Ascenseur,Non,87 avenue de Romans,VALENCE,0022,UNIVERSITES GRENOBLE ALPES,Jean-Paul SCARINGELLA
0002,"Agence Fontaine, contrat AFEO",1/035/100,Ascenseur,Non,51 rue Barthelemy de  Laffemas,VALENCE,0030,UNIVERSITES GRENOBLE ALPES,Karim MOKNECHE
0002,"Agence Fontaine, contrat AFEO",1/035/101,Ascenseur,Non,2  place Doyen Gosse,GRENOBLE,0052,UNIVERSITES GRENOBLE ALPES,Martin DO NASCIMENTO
0002,"Agence Fontaine, contrat AFEO",1/035/105,Ascenseur,Non,48 Avenue Félix Viallet,GRENOBLE,0052,UNIVERSITES GRENOBLE ALPES,Martin DO NASCIMENTO
0002,"Agence Fontaine, contrat AFEO",194013,Ascenseur,Non,Le Routoir ,MEYLAN ,0033,MAIRIE DE MEYLAN ,Roman NOIREZ
0002,"Agence Fontaine, contrat AFEO",IA17430,Ascenseur,Non,23 rue Aimé Bouchayer,SEYSSINET PARISET,0068,SDC LE VENDOME,Léna GRAND CLEMENT
0002,"Agence Fontaine, contrat AFEO",IA17431,Portail,Non,23 rue Aimé Bouchayer,SEYSSINET PARISET,0033,SDC LE VENDOME,Roman NOIREZ
0002,"Agence Fontaine, contrat AFEO",IA17432,Portail,Non,23 rue Aimé Bouchayer,SEYSSINET PARISET,0033,SDC LE VENDOME,Roman NOIREZ
0002,"Agence Fontaine, contrat AFEO",IA17434,Ascenseur,Non,91 avenue de la Bruyère,GRENOBLE,0052,SDC LE JARDIN DES MUSES,Martin DO NASCIMENTO
0002,"Agence Fontaine, contrat AFEO",IA17435,Ascenseur,Non,93 avenue de la Bruyère,GRENOBLE,0052,SDC LE JARDIN DES MUSES,Martin DO NASCIMENTO
0002,"Agence Fontaine, contrat AFEO",IA18441,Monte voiture,Non,"2 rue Clôt Bey, rue de Palanka",GRENOBLE,0028,SDC Residhotel Le Royal,Xavier VICTORION
0002,"Agence Fontaine, contrat AFEO",IA18442,Monte voiture,Non,"2 rue Clôt Bey, rue de Palanka",GRENOBLE,0028,SDC Residhotel Le Royal,Xavier VICTORION
0002,"Agence Fontaine, contrat AFEO",IA18446,Porte de garage,Non,40 rue Marcel Peretto,GRENOBLE,0033,L'ASTORIA,Roman NOIREZ
0002,"Agence Fontaine, contrat AFEO",1/035/115,Plate-Forme,Non,1180 AVENUE CENTRALE ,SAINT MARTIN D'HERES,0033,UNIVERSITES GRENOBLE ALPES,Roman NOIREZ
0002,"Agence Fontaine, contrat AFEO",1/035/116,Ascenseur,Non,11 AVENUE 8 MAI 1945,ECHIROLLES,0028,UNIVERSITES GRENOBLE ALPES,Xavier VICTORION
0002,"Agence Fontaine, contrat AFEO",1/035/117,Ascenseur,Non,11 AVENUE 8 MAI 1945,ECHIROLLES,0028,UNIVERSITES GRENOBLE ALPES,Xavier VICTORION
0002,"Agence Fontaine, contrat AFEO",1/035/118,Ascenseur,Non,11 AVENUE 8 MAI 1945,ECHIROLLES,0052,UNIVERSITES GRENOBLE ALPES,Martin DO NASCIMENTO
0002,"Agence Fontaine, contrat AFEO",IA18470,Ascenseur,Non,168 route des Angonnes,Brié et Angonnes,0052,SDC Les Asphodelles,Martin DO NASCIMENTO
0002,"Agence Fontaine, contrat AFEO",IA18471,Ascenseur,Non,175 route des Angonnes,Brié et Angonnes,0052,SDC Les Asphodelles,Martin DO NASCIMENTO
0002,"Agence Fontaine, contrat AFEO",IA18472,Ascenseur,Non,2 rue Clôt Bey ,GRENOBLE,0028,SDC Residhotel Le Royal,Xavier VICTORION
0002,"Agence Fontaine, contrat AFEO",IA18473,Ascenseur,Non,16 AVENUE DE L'EUROPE,SAINT EGREVE,0068,SDC LE FRIMAIRE,Léna GRAND CLEMENT
0002,"Agence Fontaine, contrat AFEO",IA18475,Ascenseur,Non,Rue des commandeurs ,LES ECHELLES,0022,SDC LE BEAUVOIR,Jean-Paul SCARINGELLA
0002,"Agence Fontaine, contrat AFEO",IA18476,Ascenseur,Non,18 AVENUE DE L'EUROPE,SAINT EGREVE,0068,SDC LE FRIMAIRE,Léna GRAND CLEMENT
0002,"Agence Fontaine, contrat AFEO",IA18477,Ascenseur,Non,22 AVENUE DE L'EUROPE,SAINT EGREVE,0068,SDC LE FRIMAIRE,Léna GRAND CLEMENT
0002,"Agence Fontaine, contrat AFEO",1/035/108,Ascenseur,Non,14 Avenue Marie Reynoard,GRENOBLE,0029,UNIVERSITES GRENOBLE ALPES,Houssam BOUAZIZ
0002,"Agence Fontaine, contrat AFEO",IA18479,Porte de garage,Non,40 rue Marcel Peretto,GRENOBLE,0033,L'ASTORIA,Roman NOIREZ
0002,"Agence Fontaine, contrat AFEO",IA18480,Portail,Non,40 rue Marcel Peretto,GRENOBLE,0033,L'ASTORIA,Roman NOIREZ
0002,"Agence Fontaine, contrat AFEO",IA18481,Ascenseur,Non,40 rue Marcel Peretto,GRENOBLE,0028,L'ASTORIA,Xavier VICTORION
0002,"Agence Fontaine, contrat AFEO",IA18482,Ascenseur,Non,40 rue Marcel Peretto,GRENOBLE,0028,L'ASTORIA,Xavier VICTORION
0002,"Agence Fontaine, contrat AFEO",IA18483,Ascenseur,Non,5 rue Docteur Bordier,GRENOBLE,0028,L'ASTORIA,Xavier VICTORION
0002,"Agence Fontaine, contrat AFEO",IA18484,Ascenseur,Non,5 Bis rue Docteur Bordier,GRENOBLE,0028,L'ASTORIA,Xavier VICTORION
0002,"Agence Fontaine, contrat AFEO",IA18486,Ascenseur,Non,LES PRES DE CHARTREUSE II,ST PIERRE DE CHARTREUSE,0022,SDC LES PRES DE CHARTREUSE II,Jean-Paul SCARINGELLA
0002,"Agence Fontaine, contrat AFEO",IA18487,Ascenseur,Non,75 CHEMIN DE LA TERRASSE,VIZILLE,0052,LABORATOIRE,Martin DO NASCIMENTO
0002,"Agence Fontaine, contrat AFEO",IA18489,Porte automatique,Non,30 Rue Paul Langevin,SAINT MARTIN D'HERES,0033,ESTHI,Roman NOIREZ
0002,"Agence Fontaine, contrat AFEO",IA18490,Ascenseur,Non,4 RUE MARCEAU,GRENOBLE,0028,SDC 4 RUE MARCEAU,Xavier VICTORION
0002,"Agence Fontaine, contrat AFEO",IA18492,Ascenseur,Non,5 André Maginot ,GRENOBLE,0028,SDC 5 André Maginot,Xavier VICTORION
0002,"Agence Fontaine, contrat AFEO",IA18494,Ascenseur,Non,16 rue Amédée Morel,GRENOBLE,0068,SDC LA CROIX DU SUD,Léna GRAND CLEMENT
0002,"Agence Fontaine, contrat AFEO",HORS CONTRAT,Porte de garage,Non,Place centrale,AURIS EN OISANS,0052,L'ETENDARD,Martin DO NASCIMENTO
0002,"Agence Fontaine, contrat AFEO",IA18496,Ascenseur,Non,1 Rue Aimé Berey,GRENOBLE,0068,SDC LE MAXIMUM,Léna GRAND CLEMENT
0002,"Agence Fontaine, contrat AFEO",IA18497,Portail,Non,40 Rue de Genissieu,GRENOBLE,0033,SDC 40 RUE DE GENISSIEU,Roman NOIREZ
0002,"Agence Fontaine, contrat AFEO",IA18499,Ascenseur,Non,28 rue du docteur françois,BEAUREPAIRE,0030,OGEC Collège Luzy - DUFEILLANT-S12693,Karim MOKNECHE
0002,"Agence Fontaine, contrat AFEO",IA18500,Ascenseur,Non,3 Avenue du 8 Mai 1945,ECHIROLLES,0052,SDC MEDICENTRE,Martin DO NASCIMENTO
0002,"Agence Fontaine, contrat AFEO",AF213621,Portail,Non,16 avenue de l'Europe,ST EGREVE,0033,SDC LE FRIMAIRE,Roman NOIREZ
0002,"Agence Fontaine, contrat AFEO",IA18515,Porte automatique,Non,Rue de Chablais,ANNEMASSE,0012,H&M Area 2 ,Heithem ABID
0002,"Agence Fontaine, contrat AFEO",IA18538,Porte automatique,Non,30 Rue Paul Langevin,SAINT MARTIN D'HERES,0033,ESTHI,Roman NOIREZ
0002,"Agence Fontaine, contrat AFEO",IA19539,Ascenseur,Non,63 Rue du Plan,RIVES,0022,SDC LES PIERRELLES,Jean-Paul SCARINGELLA
0002,"Agence Fontaine, contrat AFEO",IA19540,Ascenseur,Non,55 Rue Didier Kleber,RIVES,0022,SDC LES PIERRELLES,Jean-Paul SCARINGELLA
0002,"Agence Fontaine, contrat AFEO",IA19541,Ascenseur,Non,75 Rue Didier Kleber,RIVES,0022,SDC LES PIERRELLES,Jean-Paul SCARINGELLA
0002,"Agence Fontaine, contrat AFEO",IA19542,Ascenseur,Non,115 Rue Didier Kleber,RIVES,0030,SDC LES PIERRELLES,Karim MOKNECHE
0002,"Agence Fontaine, contrat AFEO",IA19543,Ascenseur,Non,135 Rue Didier Kleber,RIVES,0022,SDC LES PIERRELLES,Jean-Paul SCARINGELLA
0002,"Agence Fontaine, contrat AFEO",IA19549,Ascenseur,Non,LES PRES DE CHARTREUSE I,ST PIERRE DE CHARTREUSE,0022,SDC LES PRES DE CHARTREUSE I,Jean-Paul SCARINGELLA
0002,"Agence Fontaine, contrat AFEO",IA19550,Porte de garage,Non,9 Rue Victor Hugo,VOIRON,0022,SDC LE VALDIS,Jean-Paul SCARINGELLA
0002,"Agence Fontaine, contrat AFEO",IA19551,Ascenseur,Non,Le Bourg,SAINT PIERRE DE CHARTREUSE,0022,SDC LE PARC SAINT PIERRE,Jean-Paul SCARINGELLA
0002,"Agence Fontaine, contrat AFEO",IA19552,Porte automatique,Non,19 Avenue Marcellin Berthelot,GRENOBLE,0033,SDC ESPACE MEDICAL MOUNIER,Roman NOIREZ
0002,"Agence Fontaine, contrat AFEO",IA19555,Ascenseur,Non,5 Rue Jean Jaurès,ST LAURENT DU PONT,0022,SDC LE BONAL,Jean-Paul SCARINGELLA
0002,"Agence Fontaine, contrat AFEO",AF193677,Porte automatique,Non,1 Rue Rif Tronchard,FONTANIL CORNILLON,0033,ALFA LAVAL VICARB SAS,Roman NOIREZ
0002,"Agence Fontaine, contrat AFEO",AF193678,Porte automatique,Non,1 Rue Rif Tronchard,FONTANIL CORNILLON,0033,ALFA LAVAL VICARB SAS,Roman NOIREZ
0002,"Agence Fontaine, contrat AFEO",AF193679,Porte automatique,Non,1 Rue Rif Tronchard,FONTANIL CORNILLON,0033,ALFA LAVAL VICARB SAS,Roman NOIREZ
0002,"Agence Fontaine, contrat AFEO",AF193680,Porte automatique,Non,1 Rue Rif Tronchard,FONTANIL CORNILLON,0033,ALFA LAVAL VICARB SAS,Roman NOIREZ
0002,"Agence Fontaine, contrat AFEO",AF193681,Porte automatique,Non,1 Rue Rif Tronchard,FONTANIL CORNILLON,0033,ALFA LAVAL VICARB SAS,Roman NOIREZ
0002,"Agence Fontaine, contrat AFEO",AF193682,Porte automatique,"Oui, Travaux",1 Rue Rif Tronchard,FONTANIL CORNILLON,0033,ALFA LAVAL VICARB SAS,Roman NOIREZ
0002,"Agence Fontaine, contrat AFEO",AF193683,Porte automatique,Non,1 Rue Rif Tronchard,FONTANIL CORNILLON,0033,ALFA LAVAL VICARB SAS,Roman NOIREZ
0002,"Agence Fontaine, contrat AFEO",AF193684,Porte de garage,Non,1 Rue Rif Tronchard,FONTANIL CORNILLON,0033,ALFA LAVAL VICARB SAS,Roman NOIREZ
0002,"Agence Fontaine, contrat AFEO",AF193685,Portail,Non,1 Rue Rif Tronchard,FONTANIL CORNILLON,0033,ALFA LAVAL VICARB SAS,Roman NOIREZ
0002,"Agence Fontaine, contrat AFEO",AF193686,Portail,Non,1 Rue Rif Tronchard,FONTANIL CORNILLON,0033,ALFA LAVAL VICARB SAS,Roman NOIREZ
0002,"Agence Fontaine, contrat AFEO",AF193687,Barrière Levante,Non,1 Rue Rif Tronchard,FONTANIL CORNILLON,0033,ALFA LAVAL VICARB SAS,Roman NOIREZ
0002,"Agence Fontaine, contrat AFEO",AF193688,Barrière Levante,Non,1 Rue Rif Tronchard,FONTANIL CORNILLON,0033,ALFA LAVAL VICARB SAS,Roman NOIREZ
0002,"Agence Fontaine, contrat AFEO",AF193689,Barrière Levante,Non,1 Rue Rif Tronchard,FONTANIL CORNILLON,0033,ALFA LAVAL VICARB SAS,Roman NOIREZ
0002,"Agence Fontaine, contrat AFEO",AF193690,Mises à quai,Non,1 Rue Rif Tronchard,FONTANIL CORNILLON,0033,ALFA LAVAL VICARB SAS,Roman NOIREZ
0002,"Agence Fontaine, contrat AFEO",AF193691,Mises à quai,Non,1 Rue Rif Tronchard,FONTANIL CORNILLON,0033,ALFA LAVAL VICARB SAS,Roman NOIREZ
0002,"Agence Fontaine, contrat AFEO",AF193692,Rideau,Non,1 Rue Rif Tronchard,FONTANIL CORNILLON,0033,ALFA LAVAL VICARB SAS,Roman NOIREZ
0002,"Agence Fontaine, contrat AFEO",AF193693,Rideau,Non,1 Rue Rif Tronchard,FONTANIL CORNILLON,0033,ALFA LAVAL VICARB SAS,Roman NOIREZ
0002,"Agence Fontaine, contrat AFEO",AF193694,Rideau,Non,1 Rue Rif Tronchard,FONTANIL CORNILLON,0033,ALFA LAVAL VICARB SAS,Roman NOIREZ
0002,"Agence Fontaine, contrat AFEO",AF193695,Rideau,Non,1 Rue Rif Tronchard,FONTANIL CORNILLON,0033,ALFA LAVAL VICARB SAS,Roman NOIREZ
0002,"Agence Fontaine, contrat AFEO",AF193696,Rideau,Non,1 Rue Rif Tronchard,FONTANIL CORNILLON,0033,ALFA LAVAL VICARB SAS,Roman NOIREZ
0002,"Agence Fontaine, contrat AFEO",AF193697,Rideau,Non,1 Rue Rif Tronchard,FONTANIL CORNILLON,0033,ALFA LAVAL VICARB SAS,Roman NOIREZ
0002,"Agence Fontaine, contrat AFEO",TA193698,Portail,Non,RUE EMILE ALLAIS,COURCHEVEL 1850,0029,LES FERMES DE KASIA,Houssam BOUAZIZ
0002,"Agence Fontaine, contrat AFEO",TA193699,Borne escamotable,Non,RUE EMILE ALLAIS,COURCHEVEL 1850,0029,LES FERMES DE KASIA,Houssam BOUAZIZ
0002,"Agence Fontaine, contrat AFEO",TA193704,EPMR elevtr pr pers a mobilité reduite,Non,5 Rue Felix Poulat,GRENOBLE,0028,CABINET MEDICAL  Pneumologie et cardiologie,Xavier VICTORION
0002,"Agence Fontaine, contrat AFEO",TA193705,Porte piétonne,Non,5 rue Felix Poulat,GRENOBLE,0033,CABINET MEDICAL  Pneumologie et cardiologie,Roman NOIREZ
0002,"Agence Fontaine, contrat AFEO",TA193706,Porte automatique,Non,5 Rue Felix Poulat,GRENOBLE,0033,CABINET MEDICAL  Pneumologie et cardiologie,Roman NOIREZ
0002,"Agence Fontaine, contrat AFEO",TA193707,Plate-Forme,Non,5 Rue Felix Poulat,GRENOBLE,0033,CABINET MEDICAL  Pneumologie et cardiologie,Roman NOIREZ
0002,"Agence Fontaine, contrat AFEO",TA193708,EPMR elevtr pr pers a mobilité reduite,Non,14 RUE LOUIS BESANCON,SAINT EGREVE,0068,MP ASCENSEURS ,Léna GRAND CLEMENT
0002,"Agence Fontaine, contrat AFEO",TA193710,Monte-Charge,Non,200 RUE DU CASINO,AIX LES BAINS,0054,CLC Restauration - Restaurant le Carré d'As,Kalifa DIOMANDE
0002,"Agence Fontaine, contrat AFEO",TA193711,Porte de garage,Non,3 RUE DE L'AIGLE,GRENOBLE,0033,SDC LE SAINT FRANCOIS,Roman NOIREZ
0002,"Agence Fontaine, contrat AFEO",TA193712,Porte de garage,Non,5 RUE DE L'AIGLE,GRENOBLE,0033,SDC LE SAINT FRANCOIS,Roman NOIREZ
0002,"Agence Fontaine, contrat AFEO",TA193713,Monte-Charge,"Oui, Travaux",200 RUE DU CASINO,AIX LES BAINS,0054,CLC Restauration - Restaurant le Carré d'As,Kalifa DIOMANDE
0002,"Agence Fontaine, contrat AFEO",TA193714,Ascenseur,Non,1049 route du villard ,MEGEVE,0054,SCI LES EAUX CLAIRES,Kalifa DIOMANDE
0002,"Agence Fontaine, contrat AFEO",TA193737,Ascenseur,Non,21 RUE JULES FERRY,VOIRON,0022,SDC LES JARDINS DE SOSTHENE,Jean-Paul SCARINGELLA
0002,"Agence Fontaine, contrat AFEO",TA193738,Ascenseur,Non,21 RUE JULES FERRY,VOIRON,0022,SDC LES JARDINS DE SOSTHENE,Jean-Paul SCARINGELLA
0002,"Agence Fontaine, contrat AFEO",TA193818,Parking automatisé,Non,21 RUE JULES FERRY,VOIRON,0022,SDC LES JARDINS DE SOSTHENE,Jean-Paul SCARINGELLA
0002,"Agence Fontaine, contrat AFEO",TA193819,Parking automatisé,Non,21 RUE JULES FERRY,VOIRON,0022,SDC LES JARDINS DE SOSTHENE,Jean-Paul SCARINGELLA
0002,"Agence Fontaine, contrat AFEO",TA193820,Parking automatisé,Non,21 RUE JULES FERRY,VOIRON,0022,SDC LES JARDINS DE SOSTHENE,Jean-Paul SCARINGELLA
0002,"Agence Fontaine, contrat AFEO",TA193821,Parking automatisé,Non,21 RUE JULES FERRY,VOIRON,0022,SDC LES JARDINS DE SOSTHENE,Jean-Paul SCARINGELLA
0002,"Agence Fontaine, contrat AFEO",TA193822,Parking automatisé,Non,21 RUE JULES FERRY,VOIRON,0022,SDC LES JARDINS DE SOSTHENE,Jean-Paul SCARINGELLA
0002,"Agence Fontaine, contrat AFEO",TA193823,Parking automatisé,Non,21 RUE JULES FERRY,VOIRON,0022,SDC LES JARDINS DE SOSTHENE,Jean-Paul SCARINGELLA
0002,"Agence Fontaine, contrat AFEO",TA193824,Parking automatisé,Non,21 RUE JULES FERRY,VOIRON,0022,SDC LES JARDINS DE SOSTHENE,Jean-Paul SCARINGELLA
0002,"Agence Fontaine, contrat AFEO",TA193825,Parking automatisé,Non,21 RUE JULES FERRY,VOIRON,0022,SDC LES JARDINS DE SOSTHENE,Jean-Paul SCARINGELLA
0002,"Agence Fontaine, contrat AFEO",TA193826,Parking automatisé,Non,21 RUE JULES FERRY,VOIRON,0022,SDC LES JARDINS DE SOSTHENE,Jean-Paul SCARINGELLA
0002,"Agence Fontaine, contrat AFEO",IA193839,Porte de garage,Non,2/7 Allée de la Pelouse,GRENOBLE,0033,SDC LES CONSTELLATIONS - EI 7546,Roman NOIREZ
0002,"Agence Fontaine, contrat AFEO",IA193840,Porte de garage,Oui,2/7 Allée de la Pelouse,GRENOBLE,0033,SDC LES CONSTELLATIONS - EI 7546,Roman NOIREZ
0002,"Agence Fontaine, contrat AFEO",TA193841,Monte-Charge,Non,50 AVENUE DE LAUZANNE,DIVONNES LES BAINS,0012,RESTAURANT LE BON ACCUEIL,Heithem ABID
0002,"Agence Fontaine, contrat AFEO",AF193842,Porte piétonne,Non,ZONE INDUSTRIEL BARONNIE,LE PONT DE BEAUVOISIN,0062,LES CAVES DU TOUR BILLON,Olivier VUILLAUME 
0002,"Agence Fontaine, contrat AFEO",AF193845,Porte automatique,Non,2 Place Stalingrad,DOMENE,0033,FONCIA TRANSACTION ,Roman NOIREZ
0002,"Agence Fontaine, contrat AFEO",AF193846,Rideau,Non,2 Place Stalingrad,DOMENE,0033,FONCIA TRANSACTION ,Roman NOIREZ
0002,"Agence Fontaine, contrat AFEO",TA193878,Ascenseur,Non,3 rue des Abattoirs,SAINT EGREVE,0068,HOMEBOX,Léna GRAND CLEMENT
0002,"Agence Fontaine, contrat AFEO",AF193888,Porte de garage,Non,137 cours de la Libération,GRENOBLE,0033,SDC 137 Rue de la Libération,Roman NOIREZ
0002,"Agence Fontaine, contrat AFEO",AF193890,Porte piétonne,Non,Champs Thimel,VALLOIRE,0029,RESTAURANT LE THYMEL ,Houssam BOUAZIZ
0002,"Agence Fontaine, contrat AFEO",AF193891,Monte Plats,Non,Champs Thymel ,VALLOIRE,0029,RESTAURANT LE THYMEL ,Houssam BOUAZIZ
0002,"Agence Fontaine, contrat AFEO",AF193892,Monte Plats,Non,Champs Thimel ,VALLOIRE,0029,RESTAURANT LE THYMEL ,Houssam BOUAZIZ
0002,"Agence Fontaine, contrat AFEO",Hors parc 3906,Porte automatique,Non,30 Rue Paul Langevin,SAINT MARTIN D'HERES,0033,ESTHI,Roman NOIREZ
0002,"Agence Fontaine, contrat AFEO",IA203923,Ascenseur,Non,135 Rue Violette - Batiment A,RIVES,0022,SDC LA CLAIRIERE,Jean-Paul SCARINGELLA
0002,"Agence Fontaine, contrat AFEO",IA203924,Ascenseur,Non,135 Rue Violette - Batiment B,RIVES,0022,SDC LA CLAIRIERE,Jean-Paul SCARINGELLA
0002,"Agence Fontaine, contrat AFEO",IA203925,Ascenseur,Non,135 Rue Violette - Batiment C,RIVES,0022,SDC LA CLAIRIERE,Jean-Paul SCARINGELLA
0002,"Agence Fontaine, contrat AFEO",83668,Ascenseur,Non, 135 Route de Chateauneuf de Galaure,SAINT SORLIN EN VALLOIRE,0030,ILEX ASCENSEURS,Karim MOKNECHE
0002,"Agence Fontaine, contrat AFEO",83669,Ascenseur,Non,135 Route de Chateauneuf de Galaure,SAINT SORLIN EN VALLOIRE,0030,ILEX ASCENSEURS,Karim MOKNECHE
0002,"Agence Fontaine, contrat AFEO",83670,Ascenseur,Non,135 Route de Chateauneuf de Galaure,SAINT SORLIN EN VALLOIRE,0030,ILEX ASCENSEURS,Karim MOKNECHE
0002,"Agence Fontaine, contrat AFEO",AF193951,Monte-Charge,Non,"ZI La Baronnie, route de Chambéry",Pont de Beauvoisin,0074,Garage Peugeot De SIMONE,Julien TETU
0002,"Agence Fontaine, contrat AFEO",TA193966,Portail,Non,64 RUE POYPE,RIVES,0022,SDC 64 RUE POYPE / M.CLEMENT Jean Yves,Jean-Paul SCARINGELLA
0002,"Agence Fontaine, contrat AFEO",TA193967,Portail,Non,64 RUE POYPE,RIVES,0022,SDC 64 RUE POYPE / M.CLEMENT Jean Yves,Jean-Paul SCARINGELLA
0002,"Agence Fontaine, contrat AFEO",AF194036,Ascenseur,Non,17 AVENUE ANNA DE NOAILLES,EVIAN,0054,SDC 17 AVENUE ANNA DE NOAILLES,Kalifa DIOMANDE
0002,"Agence Fontaine, contrat AFEO",AF194037,Ascenseur,Non,17 AVENUE ANNA DE NOAILLES,EVIAN,0054,SDC 17 AVENUE ANNA DE NOAILLES,Kalifa DIOMANDE
0002,"Agence Fontaine, contrat AFEO",AF204045,Elévateur,Non,LIEU DIT LES BONS ,MONT DE LANS,0052,MME DRAVERT,Martin DO NASCIMENTO
0002,"Agence Fontaine, contrat AFEO",E2031G09,Elévateur,Non,1097 Avenue des Landières,CHAMBERY,0074,BUFFALO GRILL D'ARCHAMPS ,Julien TETU
0002,"Agence Fontaine, contrat AFEO",AF204061,Portail,Non,25 Boulevard du Guillon,VOIRON,0022,SDC LA RIVOIRE,Jean-Paul SCARINGELLA
0002,"Agence Fontaine, contrat AFEO",AF204064,Porte automatique,Non,17 RUE DES ORPHELINES,VOIRON,0022,SDC LES ORPHELINES,Jean-Paul SCARINGELLA
0002,"Agence Fontaine, contrat AFEO",AF204067,Barrière Levante,Non,3 RUE MONNET D'AIGUENOIRE,VOIRON,0022,SDC LES ARCADES,Jean-Paul SCARINGELLA
0002,"Agence Fontaine, contrat AFEO",AF204068,Porte de garage,Non,3 RUE MONNET D'AIGUENOIRE,VOIRON,0022,SDC LES ARCADES,Jean-Paul SCARINGELLA
0002,"Agence Fontaine, contrat AFEO",AF204069,Barrière Levante,Non,16 COURS SENOZAN,VOIRON,0022,SDC LE SENOZAN,Jean-Paul SCARINGELLA
0002,"Agence Fontaine, contrat AFEO",AF204070,Porte piétonne,Non,13 BOULEVARD EDGAR KOFLER,VOIRON,0022,SDC LE LORZIER,Jean-Paul SCARINGELLA
0002,"Agence Fontaine, contrat AFEO",AF204071,Porte piétonne,Non,13 BOULEVARD EDGAR KOFLER,VOIRON,0022,SDC LE LORZIER,Jean-Paul SCARINGELLA
0002,"Agence Fontaine, contrat AFEO",AF204072,Porte de garage,Non,13 BOULEVARD EDGAR KOFLER,VOIRON,0022,SDC LE LORZIER,Jean-Paul SCARINGELLA
0002,"Agence Fontaine, contrat AFEO",AF204073,Porte de garage,Non,9 RUE FERRER,VOIRON,0022,SDC LE BEAU LEVANT,Jean-Paul SCARINGELLA
0002,"Agence Fontaine, contrat AFEO",AF204077,Porte de garage,Non,10 RUE FERRER,VOIRON,0022,SDC L'ELYSEE,Jean-Paul SCARINGELLA
0002,"Agence Fontaine, contrat AFEO",AF204078,Portail,Non,56 RUE DE LA MARTELIERE,VOIRON,0022,LYCEE LA MARTELIERE,Jean-Paul SCARINGELLA
0002,"Agence Fontaine, contrat AFEO",AF204079,Portail,Non,56 RUE DE LA MARTELIERE,VOIRON,0022,LYCEE LA MARTELIERE,Jean-Paul SCARINGELLA
0002,"Agence Fontaine, contrat AFEO",AF204080,Tourniquet,Non,56 RUE DE LA MARTELIERE,VOIRON,0022,LYCEE LA MARTELIERE,Jean-Paul SCARINGELLA
0002,"Agence Fontaine, contrat AFEO",AF204081,Tourniquet,Non,56 RUE DE LA MARTELIERE,VOIRON,0022,LYCEE LA MARTELIERE,Jean-Paul SCARINGELLA
0002,"Agence Fontaine, contrat AFEO",AF204082,Porte piétonne,Non,56 RUE DE LA MARTELIERE,VOIRON,0022,LYCEE LA MARTELIERE,Jean-Paul SCARINGELLA
0002,"Agence Fontaine, contrat AFEO",AF204084,Porte automatique,Non,56 RUE DE LA MARTELIERE,VOIRON,0022,LYCEE LA MARTELIERE,Jean-Paul SCARINGELLA
0002,"Agence Fontaine, contrat AFEO",AF204085,Portail,Non,56 RUE DE LA MARTELIERE,VOIRON,0022,LYCEE LA MARTELIERE,Jean-Paul SCARINGELLA
0002,"Agence Fontaine, contrat AFEO",AF204086,Porte piétonne,Non,56 RUE DE LA MARTELIERE,VOIRON,0022,LYCEE LA MARTELIERE,Jean-Paul SCARINGELLA
0002,"Agence Fontaine, contrat AFEO",AF204087,Portail,Non,56 RUE DE LA MARTELIERE,VOIRON,0022,LYCEE LA MARTELIERE,Jean-Paul SCARINGELLA
0002,"Agence Fontaine, contrat AFEO",AF204088,Portail,Non,56 RUE DE LA MARTELIERE,VOIRON,0022,LYCEE LA MARTELIERE,Jean-Paul SCARINGELLA
0002,"Agence Fontaine, contrat AFEO",AF204102,Portail,Non,65 Chemin des Boeufs,ROMANS SUR ISERE,0030,ASL NATURE,Karim MOKNECHE
0002,"Agence Fontaine, contrat AFEO",AF204103,Portail,Non,67/69 PLACE DU CAMPANIL,CORBELIN,0062,SDC LE CORBELIN,Olivier VUILLAUME 
0002,"Agence Fontaine, contrat AFEO",AF204153,Porte piétonne,Non,13 BOULEVARD EDGAR KOFLER,VOIRON,0022,SDC LE LORZIER,Jean-Paul SCARINGELLA
0002,"Agence Fontaine, contrat AFEO",AF204154,Porte piétonne,Non,13 BOULEVARD EDGAR KOFLER,VOIRON,0022,SDC LE LORZIER,Jean-Paul SCARINGELLA
0002,"Agence Fontaine, contrat AFEO",AF204212,Porte piétonne,Non,1175 Route du Village,PRESSINS,0062,Mairie de Pressins,Olivier VUILLAUME 
0002,"Agence Fontaine, contrat AFEO",AF204213,Porte de garage,Non,3 RUE MONNET D'AIGUENOIRE,VOIRON,0022,SDC LES ARCADES,Jean-Paul SCARINGELLA
0002,"Agence Fontaine, contrat AFEO",AF204216,Rideau,Non,1175 Route du Village,PRESSINS,0062,Mairie de Pressins,Olivier VUILLAUME 
0002,"Agence Fontaine, contrat AFEO",TA194225,Parking automatisé,Non,21 RUE JULES FERRY,VOIRON,0022,SDC LES JARDINS DE SOSTHENE,Jean-Paul SCARINGELLA
0002,"Agence Fontaine, contrat AFEO",TA194226,Parking automatisé,Non,21 RUE JULES FERRY,VOIRON,0022,SDC LES JARDINS DE SOSTHENE,Jean-Paul SCARINGELLA
0002,"Agence Fontaine, contrat AFEO",TA194227,Parking automatisé,Non,21 RUE JULES FERRY,VOIRON,0022,SDC LES JARDINS DE SOSTHENE,Jean-Paul SCARINGELLA
0002,"Agence Fontaine, contrat AFEO",TA194228,Parking automatisé,Non,21 RUE JULES FERRY,VOIRON,0022,SDC LES JARDINS DE SOSTHENE,Jean-Paul SCARINGELLA
0002,"Agence Fontaine, contrat AFEO",Hors contrat n°4429,Porte automatique,Non,295 rue Alfred Buttin - Bat C,RIVES SUR FURE,0022,SDC LE BOIS DE VALFRAY,Jean-Paul SCARINGELLA
0002,"Agence Fontaine, contrat AFEO",AF204230,Ascenseur,Non,7 CHEMIN BELVEDRE,ANNECY,0054,SDC Le Belvédère,Kalifa DIOMANDE
0002,"Agence Fontaine, contrat AFEO",IA204236,Ascenseur,Non,10 A RUE DE LEYSSAUD,VIF,0052,SDC LES JARDINS DE LEYSSAUD,Martin DO NASCIMENTO
0002,"Agence Fontaine, contrat AFEO",IA204237,Ascenseur,Non,10 B RUE DE LEYSSAUD,VIF,0052,SDC LES JARDINS DE LEYSSAUD,Martin DO NASCIMENTO
0002,"Agence Fontaine, contrat AFEO",IA204238,Ascenseur,Non,10 C RUE DE LEYSSAUD,VIF,0052,SDC LES JARDINS DE LEYSSAUD,Martin DO NASCIMENTO
0002,"Agence Fontaine, contrat AFEO",AF204244,EPMR elevtr pr pers a mobilité reduite,Oui,20 Rue du Cairou,LES DEUX ALPES,0052,Societe NISA CONSEIL,Martin DO NASCIMENTO
0002,"Agence Fontaine, contrat AFEO",AF204245,EPMR elevtr pr pers a mobilité reduite,Non,23 route de la bettaz,LES MOLETTES,0033,SALOMON  Frediric,Roman NOIREZ
0002,"Agence Fontaine, contrat AFEO",AF204247,Portail,Non,28 Rue du Trianon,BOURGOIN JALLIEU,0058,SDC SITELLES,Olivier VUILLAUME 
0002,"Agence Fontaine, contrat AFEO",AF204248,Monte Plats,Non,22 RUE DE LA COMTESSE,ST GERVAIS LES BAINS,0054,RESTAURANT LE SERAC,Kalifa DIOMANDE
0002,"Agence Fontaine, contrat AFEO",AF204266,Ascenseur,Non,8 CHEMIN DU PRET SIMILIEN,FERNEY VOLTAIRE,0012,S 535 - SDC LES PORTES DE GENEVE,Heithem ABID
0002,"Agence Fontaine, contrat AFEO",AF204267,Ascenseur,Non,8 CHEMIN DU PRET SIMILIEN,FERNEY VOLTAIRE,0012,S 535 - SDC LES PORTES DE GENEVE,Heithem ABID
0002,"Agence Fontaine, contrat AFEO",HC 4269,Porte piétonne,Non,Allée du Bourg neuf,LE PONT DE BEAUVOISIN,0062,SDC LE BOURG NEUF,Olivier VUILLAUME 
0002,"Agence Fontaine, contrat AFEO",11529105,Ascenseur,Non,Bâtiment Grenoble B4 Ouest,EYBENS,0028,EYBENS BAT B10,Xavier VICTORION
0002,"Agence Fontaine, contrat AFEO",AF244314,Ascenseur,Non,Bâtiment Grenoble B1,EYBENS,0028,EYBENS BAT 1-3,Xavier VICTORION
0002,"Agence Fontaine, contrat AFEO",AF244316,Ascenseur,Non,Bâtiment Grenoble B3,EYBENS,0028,EYBENS BAT 1-3,Xavier VICTORION
0002,"Agence Fontaine, contrat AFEO",11529130,Ascenseur,Non,Bâtiment Grenoble B4 Est,EYBENS,0028,EYBENS BAT B10,Xavier VICTORION
0002,"Agence Fontaine, contrat AFEO",11529133,Ascenseur,Non,Bâtiment Grenoble B8,EYBENS,0028,EYBENS BAT B10,Xavier VICTORION
0002,"Agence Fontaine, contrat AFEO",AF204346,Portail,Non,700 Boulevard du Docteur Jean Jules Herbert,AIX LES BAINS,0054,ABB AIX LES BAINS,Kalifa DIOMANDE
0002,"Agence Fontaine, contrat AFEO",AF204347,Porte sectionnelle motorisée,Non,700 Boulevard du Docteur Jean Jules Herbert,AIX LES BAINS,0054,ABB AIX LES BAINS,Kalifa DIOMANDE
0002,"Agence Fontaine, contrat AFEO",AF204348,Porte sectionnelle motorisée,Non,700 Boulevard du Docteur Jean Jules Herbert,AIX LES BAINS,0054,ABB AIX LES BAINS,Kalifa DIOMANDE
0002,"Agence Fontaine, contrat AFEO",AF204350,Porte piétonne,Non,4 place du Grésivaudan,GRENOBLE,0033,FONCIA GRESIVAUDAN ,Roman NOIREZ
0002,"Agence Fontaine, contrat AFEO",AF204351,Rideau,Non,4 place du Grésivaudan,GRENOBLE,0033,FONCIA GRESIVAUDAN ,Roman NOIREZ
0002,"Agence Fontaine, contrat AFEO",AF204370,Monte voiture,Non,3527 route Edmond de Rothschild,MEGEVE,0054,Le KSAR - MEGEVE,Kalifa DIOMANDE
0002,"Agence Fontaine, contrat AFEO",AF204371,Monte voiture,Non,3527 route Edmond de Rothschild,MEGEVE,0054,Le KSAR - MEGEVE,Kalifa DIOMANDE
0002,"Agence Fontaine, contrat AFEO",AF204382,Ascenseur,Non,43 rue de Genève,Saint Genis Pouilly,0012,SDC Résidence Le Lion,Heithem ABID
0002,"Agence Fontaine, contrat AFEO",AF204394,Monte Plats,Non,62 Place Ferdinand Gilibert ,SAINT ANTOINE DE L'ABBAYE,0030,MAIRIE DE SAINT ANTOINE L'ABBAYE,Karim MOKNECHE
0002,"Agence Fontaine, contrat AFEO",AF204395,Ascenseur,Non,4 Grande Cour,SAINT ANTOINE DE L'ABBAYE,0030,MAIRIE DE SAINT ANTOINE L'ABBAYE,Karim MOKNECHE
0002,"Agence Fontaine, contrat AFEO",IA204410,Porte de garage,Non,8 Chemin de la Digue du Drac,SEYSSINET-PARISET,0033,SDC LES SOURCES II,Roman NOIREZ
0002,"Agence Fontaine, contrat AFEO",IA204449,Ascenseur,Non,4 rue de la Magnanerie,GRENOBLE,0068,SDC L'Ile Verte,Léna GRAND CLEMENT
0002,"Agence Fontaine, contrat AFEO",AF204460,EPMR elevtr pr pers a mobilité reduite,Non,5 rue Vauban,GRENOBLE,0028,Cabinet Dentaire SCM Warhol,Xavier VICTORION
0002,"Agence Fontaine, contrat AFEO",AF204470,Ascenseur,Non,9 rue Victor Hugo,VOIRON,0022,SDC LE VALDIS,Jean-Paul SCARINGELLA
0002,"Agence Fontaine, contrat AFEO",AF204493,Porte de garage,Non,1/3/5/7 Rue Antoine Polotti,ST MARTIN D HERES,0052,SDC LE BEAUSOLEIL,Martin DO NASCIMENTO
0002,"Agence Fontaine, contrat AFEO",AF204494,Ascenseur,Non,1 Rue Antoine Polotti,ST MARTIN D HERES,0052,SDC LE BEAUSOLEIL,Martin DO NASCIMENTO
0002,"Agence Fontaine, contrat AFEO",AF204495,Ascenseur,Non,3 Rue Antoine Polotti,ST MARTIN D HERES,0052,SDC LE BEAUSOLEIL,Martin DO NASCIMENTO
0002,"Agence Fontaine, contrat AFEO",AF204496,Ascenseur,Non,5 Rue Antoine Polotti,ST MARTIN D HERES,0052,SDC LE BEAUSOLEIL,Martin DO NASCIMENTO
0002,"Agence Fontaine, contrat AFEO",AF204497,Ascenseur,Non,7 Rue Antoine Polotti,ST MARTIN D HERES,0052,SDC LE BEAUSOLEIL,Martin DO NASCIMENTO
0002,"Agence Fontaine, contrat AFEO",IA204501,Ascenseur,Non,111 avenue de la Bruyère,GRENOBLE,0052,SDC LE LORENZACCIO,Martin DO NASCIMENTO
0002,"Agence Fontaine, contrat AFEO",IA204502,Ascenseur,Non,115 avenue de la Bruyère,GRENOBLE,0052,SDC LE LORENZACCIO,Martin DO NASCIMENTO
0002,"Agence Fontaine, contrat AFEO",IA204503,Ascenseur,Non,191 rue de Stalingrad,GRENOBLE,0052,SDC LE LORENZACCIO,Martin DO NASCIMENTO
0002,"Agence Fontaine, contrat AFEO",AF204534,Porte automatique,Non,86 Rue des Entrepreneurs,GEX,0012,RESTAURANT BURGER NINE,Heithem ABID
0002,"Agence Fontaine, contrat AFEO",AF204541,Portail,Non,75 CHEMIN DE LA TERRASSE ,VIZILLE,0033,SDC LA TERRASSE,Roman NOIREZ
0002,"Agence Fontaine, contrat AFEO",AF204587,Porte sectionnelle,Non,"685, ROUTE DU FAYET ",SALLANCHES,0054,VILLE DE SALLANCHES ,Kalifa DIOMANDE
0002,"Agence Fontaine, contrat AFEO",AF204609,EPMR elevtr pr pers a mobilité reduite,Non,111 impasse des Prés,PUBLIER,0054,Madame Marie-Anne FOUDRAL,Kalifa DIOMANDE
0002,"Agence Fontaine, contrat AFEO",CM 000 035,Elévateur,Non,26 rue Marcel Reynaud,CROLLES,0033,EAP FRANCE SAS,Roman NOIREZ
0002,"Agence Fontaine, contrat AFEO",AF204612,Porte automatique,Non,Porte automatique 21 allée des frênes,MEYLAN,0033,SDC Maupertuis Park,Roman NOIREZ
0002,"Agence Fontaine, contrat AFEO",AF204613,Porte automatique,Non,Porte automatique 21 allée des frênes,MEYLAN,0033,SDC Maupertuis Park,Roman NOIREZ
0002,"Agence Fontaine, contrat AFEO",AF204614,Porte automatique,Non,Porte automatique 23 allée des frênes,MEYLAN,0033,SDC Maupertuis Park,Roman NOIREZ
0002,"Agence Fontaine, contrat AFEO",AF204615,Porte automatique,Non,Porte automatique 23 allée des frênes,MEYLAN,0033,SDC Maupertuis Park,Roman NOIREZ
0002,"Agence Fontaine, contrat AFEO",AF204637,Porte de garage,Non,285 rue du Jura,DIVONNE LES BAINS,0012,S 527 - SDC LE PLEIN SOLEIL,Heithem ABID
0002,"Agence Fontaine, contrat AFEO",AF204638,Porte de garage,Non,285 rue du Jura,DIVONNE LES BAINS,0012,S 527 - SDC LE PLEIN SOLEIL,Heithem ABID
0002,"Agence Fontaine, contrat AFEO",AF204639,Barrière Levante,Non,285 rue du Jura,DIVONNE LES BAINS,0012,S 527 - SDC LE PLEIN SOLEIL,Heithem ABID
0002,"Agence Fontaine, contrat AFEO",AF204642,Ascenseur,Non,2 rue Casimir Brenier,GRENOBLE,0068,SDC 2 RUE CASIMIR BRENIER,Léna GRAND CLEMENT
0002,"Agence Fontaine, contrat AFEO",AF204702,Ascenseur,Non,65 chemin des boeufs,ROMANS SUR ISERE,0030,CARRE NATURE,Karim MOKNECHE
0002,"Agence Fontaine, contrat AFEO",AF204703,Porte sectionnelle,Non,"685, ROUTE DU FAYET ",SALLANCHES,0054,VILLE DE SALLANCHES ,Kalifa DIOMANDE
0002,"Agence Fontaine, contrat AFEO",AF204704,Porte sectionnelle,Non,"685, ROUTE DU FAYET ",SALLANCHES,0054,VILLE DE SALLANCHES ,Kalifa DIOMANDE
0002,"Agence Fontaine, contrat AFEO",AF204705,Porte sectionnelle,Non,"685, ROUTE DU FAYET ",SALLANCHES,0054,VILLE DE SALLANCHES ,Kalifa DIOMANDE
0002,"Agence Fontaine, contrat AFEO",AF204706,Porte sectionnelle,Non,"685, ROUTE DU FAYET ",SALLANCHES,0054,VILLE DE SALLANCHES ,Kalifa DIOMANDE
0002,"Agence Fontaine, contrat AFEO",AF204707,Porte sectionnelle,Non,"685, ROUTE DU FAYET ",SALLANCHES,0054,VILLE DE SALLANCHES ,Kalifa DIOMANDE
0002,"Agence Fontaine, contrat AFEO",AF204708,Porte sectionnelle,Non,"685, ROUTE DU FAYET ",SALLANCHES,0054,VILLE DE SALLANCHES ,Kalifa DIOMANDE
0002,"Agence Fontaine, contrat AFEO",AF204709,Porte sectionnelle,Non,"685, ROUTE DU FAYET ",SALLANCHES,0054,VILLE DE SALLANCHES ,Kalifa DIOMANDE
0002,"Agence Fontaine, contrat AFEO",AF204710,Porte sectionnelle,Non,"685, ROUTE DU FAYET ",SALLANCHES,0054,VILLE DE SALLANCHES ,Kalifa DIOMANDE
0002,"Agence Fontaine, contrat AFEO",AF204711,Porte sectionnelle,Non,"685, ROUTE DU FAYET ",SALLANCHES,0054,VILLE DE SALLANCHES ,Kalifa DIOMANDE
0002,"Agence Fontaine, contrat AFEO",AF204712,Porte sectionnelle,Non,"685, ROUTE DU FAYET ",SALLANCHES,0054,VILLE DE SALLANCHES ,Kalifa DIOMANDE
0002,"Agence Fontaine, contrat AFEO",AF204713,Porte sectionnelle,Non,"685, ROUTE DU FAYET ",SALLANCHES,0054,VILLE DE SALLANCHES ,Kalifa DIOMANDE
0002,"Agence Fontaine, contrat AFEO",AF204714,Porte sectionnelle,Non,"685, ROUTE DU FAYET ",SALLANCHES,0054,VILLE DE SALLANCHES ,Kalifa DIOMANDE
0002,"Agence Fontaine, contrat AFEO",AF204715,Porte sectionnelle,Non,"685, ROUTE DU FAYET ",SALLANCHES,0054,VILLE DE SALLANCHES ,Kalifa DIOMANDE
0002,"Agence Fontaine, contrat AFEO",AF204716,Porte sectionnelle,Non,"685, ROUTE DU FAYET ",SALLANCHES,0054,VILLE DE SALLANCHES ,Kalifa DIOMANDE
0002,"Agence Fontaine, contrat AFEO",AF204717,Porte sectionnelle,Non,"685, ROUTE DU FAYET ",SALLANCHES,0054,VILLE DE SALLANCHES ,Kalifa DIOMANDE
0002,"Agence Fontaine, contrat AFEO",AF204718,Porte sectionnelle,Non,"685, ROUTE DU FAYET ",SALLANCHES,0054,VILLE DE SALLANCHES ,Kalifa DIOMANDE
0002,"Agence Fontaine, contrat AFEO",AF204719,Porte sectionnelle,Non,"685, ROUTE DU FAYET ",SALLANCHES,0054,VILLE DE SALLANCHES ,Kalifa DIOMANDE
0002,"Agence Fontaine, contrat AFEO",AF204720,Porte sectionnelle,Non,"685, ROUTE DU FAYET ",SALLANCHES,0054,VILLE DE SALLANCHES ,Kalifa DIOMANDE
0002,"Agence Fontaine, contrat AFEO",AF204721,Porte sectionnelle,Non,"685, ROUTE DU FAYET ",SALLANCHES,0054,VILLE DE SALLANCHES ,Kalifa DIOMANDE
0002,"Agence Fontaine, contrat AFEO",AF204722,Porte sectionnelle,Non,"685, ROUTE DU FAYET ",SALLANCHES,0054,VILLE DE SALLANCHES ,Kalifa DIOMANDE
0002,"Agence Fontaine, contrat AFEO",AF204723,Porte sectionnelle,Non,"685, ROUTE DU FAYET ",SALLANCHES,0054,VILLE DE SALLANCHES ,Kalifa DIOMANDE
0002,"Agence Fontaine, contrat AFEO",AF204724,Porte sectionnelle,Non,"685, ROUTE DU FAYET ",SALLANCHES,0054,VILLE DE SALLANCHES ,Kalifa DIOMANDE
0002,"Agence Fontaine, contrat AFEO",AF204725,Porte automatique,Non,112 rue Jules Ferry,SALLANCHES,0054,VILLE DE SALLANCHES ,Kalifa DIOMANDE
0002,"Agence Fontaine, contrat AFEO",AF204726,Portail,Non,"685, ROUTE DU FAYET ",SALLANCHES,0054,VILLE DE SALLANCHES ,Kalifa DIOMANDE
0002,"Agence Fontaine, contrat AFEO",AF204727,Porte sectionnelle,Non,291 rue Docteur Laffin,SALLANCHES,0054,VILLE DE SALLANCHES ,Kalifa DIOMANDE
0002,"Agence Fontaine, contrat AFEO",AF204728,Portail,Non,268 chemin du Grand Pré,SALLANCHES,0054,VILLE DE SALLANCHES ,Kalifa DIOMANDE
0002,"Agence Fontaine, contrat AFEO",AF204729,Porte automatique,Non,Place du Pré de Foire,SALLANCHES,0054,VILLE DE SALLANCHES ,Kalifa DIOMANDE
0002,"Agence Fontaine, contrat AFEO",AF204730,Porte automatique,Non,Place du Pré de Foire,SALLANCHES,0054,VILLE DE SALLANCHES ,Kalifa DIOMANDE
0002,"Agence Fontaine, contrat AFEO",AF204731,Porte automatique,Non,30 Quai de l'Hôtel de ville,SALLANCHES,0054,VILLE DE SALLANCHES ,Kalifa DIOMANDE
0002,"Agence Fontaine, contrat AFEO",AF204732,Porte automatique,Non,30 Quai de l'Hôtel de ville,SALLANCHES,0054,VILLE DE SALLANCHES ,Kalifa DIOMANDE
0002,"Agence Fontaine, contrat AFEO",AF204733,Porte de garage,Non,57 RUE RENÉ CASSIN,SALLANCHES,0054,VILLE DE SALLANCHES ,Kalifa DIOMANDE
0002,"Agence Fontaine, contrat AFEO",AF204734,Porte de garage,Non,59 RUE RENÉ CASSIN ,SALLANCHES,0054,VILLE DE SALLANCHES ,Kalifa DIOMANDE
0002,"Agence Fontaine, contrat AFEO",AF204735,Porte sectionnelle,Non,213 Avenue Albert Gruffat,SALLANCHES,0054,VILLE DE SALLANCHES ,Kalifa DIOMANDE
0002,"Agence Fontaine, contrat AFEO",AF204736,Portail,Non,213 Avenue Albert Gruffat,SALLANCHES,0054,VILLE DE SALLANCHES ,Kalifa DIOMANDE
0002,"Agence Fontaine, contrat AFEO",AF204741,EPMR elevtr pr pers a mobilité reduite,Non,2 place Saint Laurent,GRENOBLE,0068,EPCC de Diffusion de la CCSTI Grenoble Alpes,Léna GRAND CLEMENT
0002,"Agence Fontaine, contrat AFEO",IA204744,Ascenseur,Non,Place centrale,AURIS EN OISANS,0052,L'ETENDARD,Martin DO NASCIMENTO
0002,"Agence Fontaine, contrat AFEO",AF204754,Monte-Charge,Non,36 rue Pasteur,ST ANDRE LE GAZ,0074,BOUCHERIE MILLON,Julien TETU
0002,"Agence Fontaine, contrat AFEO",AF204761,EPMR elevtr pr pers a mobilité reduite,Non,24 rue de l'Oisans,ST MARTIN D HERES,0052,Monsieur Erwan REGUER,Martin DO NASCIMENTO
0002,"Agence Fontaine, contrat AFEO",HC204766,Portail,Non,"268,Boulevard des Epinettes ",DIVONNE LES BAINS,0012,SDC BOULEVARD DES EPINETTES,Heithem ABID
0002,"Agence Fontaine, contrat AFEO",HC204767,Ascenseur,Non,"268,Boulevard des Epinettes ",DIVONNE LES BAINS,0012,SDC BOULEVARD DES EPINETTES,Heithem ABID
0002,"Agence Fontaine, contrat AFEO",CM 000 037,Monte-Charge,Non,8 Rue Général Ferrié,GRENOBLE,0028,Les Animos,Xavier VICTORION
0002,"Agence Fontaine, contrat AFEO",AF204776,Porte automatique,Non,6 rue du Gymnase,SAINT EGREVE,0033,ACPPA LA MAISON DU LAC,Roman NOIREZ
0002,"Agence Fontaine, contrat AFEO",AF204777,Porte automatique,Non,6 rue du Gymnase,SAINT EGREVE,0033,ACPPA LA MAISON DU LAC,Roman NOIREZ
0002,"Agence Fontaine, contrat AFEO",AF204778,Portail,Non,6 rue du Gymnase,SAINT EGREVE,0033,ACPPA LA MAISON DU LAC,Roman NOIREZ
0002,"Agence Fontaine, contrat AFEO",Hors contrat n°4808,Porte sectionnelle,Non,Rue des fleurs,BOZEL,0029,INISYS,Houssam BOUAZIZ
0002,"Agence Fontaine, contrat AFEO",AF204820,Monte-Charge,Non,1 bis rue Lafayette,GRENOBLE,0022,Adelaide Cookies ,Jean-Paul SCARINGELLA
0002,"Agence Fontaine, contrat AFEO",AF204825,EPMR elevtr pr pers a mobilité reduite,Non,17 rue du tour de l'Eau,ST MARTIN D HERES,0033,Ecole Brassart,Roman NOIREZ
0002,"Agence Fontaine, contrat AFEO",AF204840,Ascenseur,Non,2 place du Bourg Neuf,LE PONT DE BEAUVOISIN,0074,SDC LE BOURG NEUF,Julien TETU
0002,"Agence Fontaine, contrat AFEO",AF214850,Ascenseur,Non,3789 route Napoléon,BRIE ET ANGONNES,0052,SDC LES BALCONS DE L'OLYMPE,Martin DO NASCIMENTO
0002,"Agence Fontaine, contrat AFEO",AF214856,Ascenseur,Non,71 chemin de Crouty,MEGEVE,0054,Chalet des Belles d'Arbois,Kalifa DIOMANDE
0002,"Agence Fontaine, contrat AFEO",AF214863,Ascenseur,Non,137 cours de la Libération,GRENOBLE,0052,SDC 137 Rue de la Libération,Martin DO NASCIMENTO
0002,"Agence Fontaine, contrat AFEO",AF214866,Portail,Non,1 Rue du Cotentin,ECHIROLLES,0033,ACPPA La Maisondes Anciens ,Roman NOIREZ
0002,"Agence Fontaine, contrat AFEO",AF214867,Portail,Non,1 Rue du Cotentin,ECHIROLLES,0033,ACPPA La Maisondes Anciens ,Roman NOIREZ
0002,"Agence Fontaine, contrat AFEO",AF214872,Porte automatique,Non,157 rue Lavoisier,MONTBONNOT ST MARTIN,0033,Corin,Roman NOIREZ
0002,"Agence Fontaine, contrat AFEO",AF214873,Porte automatique,Non,157 rue Lavoisier,MONTBONNOT ST MARTIN,0033,Corin,Roman NOIREZ
0002,"Agence Fontaine, contrat AFEO",AF214904,Porte de garage,Non,Baffardière,ST PIERRE DE CHARTREUSE,0022,SDC LE PARC SAINT PIERRE,Jean-Paul SCARINGELLA
0002,"Agence Fontaine, contrat AFEO",HC214905,Barrière Levante,Non,1 Place du Théatre de Verdure,LE PONT DE BEAUVOISIN,0062,MAIRIE DE PONT DE BEAUVOISIN,Olivier VUILLAUME 
0002,"Agence Fontaine, contrat AFEO",1/035/128,EPMR elevtr pr pers a mobilité reduite,Non,19 place Latour Maubourg,VALENCE,0022,UNIVERSITES GRENOBLE ALPES,Jean-Paul SCARINGELLA
0002,"Agence Fontaine, contrat AFEO",AF214929,Ascenseur,Non,2 rue Molière,GRENOBLE,0028,GANDY ,Xavier VICTORION
0002,"Agence Fontaine, contrat AFEO",AF214930,Porte automatique,Non,5 rue de l'Isle,ST MARTIN D HERES,0033,GANDY,Roman NOIREZ
0002,"Agence Fontaine, contrat AFEO",AF214932,Porte automatique,Non,2 rue Molière ,GRENOBLE,0033,GANDY ,Roman NOIREZ
0002,"Agence Fontaine, contrat AFEO",AF214933,Porte automatique,Non,2 rue Molière ,GRENOBLE,0033,GANDY ,Roman NOIREZ
0002,"Agence Fontaine, contrat AFEO",AF214934,Ascenseur,Non,Les Granges,ST PIERRE DE CHARTREUSE,0022,SDC LES GRANGES,Jean-Paul SCARINGELLA
0002,"Agence Fontaine, contrat AFEO",AF214935,Ascenseur,Non,Les Granges,ST PIERRE DE CHARTREUSE,0022,SDC LES GRANGES,Jean-Paul SCARINGELLA
0002,"Agence Fontaine, contrat AFEO",IA214943,Ascenseur,Non,10 boulevard Edouard Rey,GRENOBLE,0068,SDC - 10 BOULEVARD EDOUARD REY,Léna GRAND CLEMENT
0002,"Agence Fontaine, contrat AFEO",AF214948,Porte automatique,Non,"2, Boulevard Riondel",SAINT MARCELLIN,0030,VILLE DE ST MARCELLIN ,Karim MOKNECHE
0002,"Agence Fontaine, contrat AFEO",AF214949,Porte automatique,Non,"2, Boulevard Riondel",SAINT MARCELLIN,0030,VILLE DE ST MARCELLIN ,Karim MOKNECHE
0002,"Agence Fontaine, contrat AFEO",AF214957,Ascenseur,Non,657/697 rue de la Gare,PONTCHARRA,0033,SDC L'Equinoxe,Roman NOIREZ
0002,"Agence Fontaine, contrat AFEO",AF214968,Ascenseur,Non,657/697 rue de la Gare,PONTCHARRA,0033,SDC L'Equinoxe,Roman NOIREZ
0002,"Agence Fontaine, contrat AFEO",AF214969,Ascenseur,Non,657/697 rue de la Gare,PONTCHARRA,0033,SDC L'Equinoxe,Roman NOIREZ
0002,"Agence Fontaine, contrat AFEO",AF214970,Ascenseur,Non,657/697 rue de la Gare,PONTCHARRA,0033,SDC L'Equinoxe,Roman NOIREZ
0002,"Agence Fontaine, contrat AFEO",AF214973,Ascenseur,Non,108 Avenue du lac Leman ,LA MOTTE SERVOLEX,0054,GROUPAMA,Kalifa DIOMANDE
0002,"Agence Fontaine, contrat AFEO",AF214974,Porte automatique,Non,108 Avenue du lac Leman ,LA MOTTE SERVOLEX,0054,GROUPAMA,Kalifa DIOMANDE
0002,"Agence Fontaine, contrat AFEO",AF215000,Monte-Charge,Non,3 rue des Abattoirs,SAINT EGREVE,0068,HOMEBOX,Léna GRAND CLEMENT
0002,"Agence Fontaine, contrat AFEO",AF215001,Ascenseur,Non,Parc Sud Galaxie - 1 Rue de l'Octant ,ECHIROLLES,0052,SDC LE SINCRONE,Martin DO NASCIMENTO
0002,"Agence Fontaine, contrat AFEO",AF215002,Porte de garage,Non,Porte de garage,ECHIROLLES,0033,SDC LE SINCRONE,Roman NOIREZ
0002,"Agence Fontaine, contrat AFEO",AF215017,EPMR elevtr pr pers a mobilité reduite,Non,Le Mollaret,VENON,0052,Mairie de Venon,Martin DO NASCIMENTO
0002,"Agence Fontaine, contrat AFEO",AF215020,Ascenseur,Non,30 avenue de la Falaise,SASSENAGE,0068,SDC Les Balcons du Vercors,Léna GRAND CLEMENT
0002,"Agence Fontaine, contrat AFEO",AF215021,Ascenseur,Non,32 avenue de la Falaise,SASSENAGE,0068,SDC Les Balcons du Vercors,Léna GRAND CLEMENT
0002,"Agence Fontaine, contrat AFEO",AF215022,Ascenseur,Non,34 avenue de la Falaise,SASSENAGE,0068,SDC Les Balcons du Vercors,Léna GRAND CLEMENT
0002,"Agence Fontaine, contrat AFEO",AF215033,Ascenseur,Non,Lieu dit La Chaud,ST HONORE,0052,SDC Obiou et Tabor,Martin DO NASCIMENTO
0002,"Agence Fontaine, contrat AFEO",AF215034,Ascenseur,Non,Lieu dit La Chaud,ST HONORE,0052,SDC Obiou et Tabor,Martin DO NASCIMENTO
0002,"Agence Fontaine, contrat AFEO",AF215048,Porte automatique,Non,157 rue Lavoisier,MONTBONNOT ST MARTIN,0033,Corin,Roman NOIREZ
0002,"Agence Fontaine, contrat AFEO",AF215049,Porte automatique,Non,157 rue Lavoisier,MONTBONNOT ST MARTIN,0033,Corin,Roman NOIREZ
0002,"Agence Fontaine, contrat AFEO",AF215069,Ascenseur,Non,9ter RUE MARIUS CHARLES,DOMENE,0033,LE CHANTECLAIR,Roman NOIREZ
0002,"Agence Fontaine, contrat AFEO",HC215078,Porte automatique,Non,Grande Rue,SAINT MARCELLIN,0030,VILLE DE ST MARCELLIN ,Karim MOKNECHE
0002,"Agence Fontaine, contrat AFEO",AF215082,Ascenseur,Non,52 avenue Alsace Lorraine,GRENOBLE,0068,LE SAVOIE,Léna GRAND CLEMENT
0002,"Agence Fontaine, contrat AFEO",HP215085,Portail,Non,Allée des Bougies,ST RAMBERT D ALBON,0030,SNEF - Marché Orange Alpes Fermetures,Karim MOKNECHE
0002,"Agence Fontaine, contrat AFEO",AF215086,Parking automatisé,Non,6 avenue Aristide Briand,FONTAINE,0033,BOTICELLI,Roman NOIREZ
0002,"Agence Fontaine, contrat AFEO",HC215094,Porte automatique,Non,CHEZ SCP COURCHEVEL 2010,MONACO,0029,LES FERMES DE KASIA,Houssam BOUAZIZ
0002,"Agence Fontaine, contrat AFEO",AF215096,Ascenseur,Non,36 rue Saint Robert,ST EGREVE,0068,SDC Le Germinal,Léna GRAND CLEMENT
0002,"Agence Fontaine, contrat AFEO",AF215097,Ascenseur,Oui,38 rue Saint Robert,ST EGREVE,0068,SDC Le Germinal,Léna GRAND CLEMENT
0002,"Agence Fontaine, contrat AFEO",AF215098,Ascenseur,Non,40 rue Saint Robert,ST EGREVE,0068,SDC Le Germinal,Léna GRAND CLEMENT
0002,"Agence Fontaine, contrat AFEO",AF215099,Ascenseur,Non,42 rue Saint Robert,ST EGREVE,0068,SDC Le Germinal,Léna GRAND CLEMENT
0002,"Agence Fontaine, contrat AFEO",AF215109,Porte piétonne,Non,85 place de la Libération,VIZILLE,0033,Boulangerie Le Gavroche,Roman NOIREZ
0002,"Agence Fontaine, contrat AFEO",HC215110,Portail,Non,40 Chemin de la Cornière,LE PONT DE BEAUVOISIN,0062,MAIRIE DE PONT DE BEAUVOISIN,Olivier VUILLAUME 
0002,"Agence Fontaine, contrat AFEO",AF215111,Tourniquet,Non,56 RUE DE LA MARTELIERE,VOIRON,0022,LYCEE LA MARTELIERE,Jean-Paul SCARINGELLA
0002,"Agence Fontaine, contrat AFEO",AF215113,Ascenseur,Non,25 rue de la Libération,SAINT MARTIN LE VINOUX,0068,Ehpad Orsac Sévigné,Léna GRAND CLEMENT
0002,"Agence Fontaine, contrat AFEO",AF215116,Porte sectionnelle,Non,Route Levaud,SALLANCHES,0054,VILLE DE SALLANCHES ,Kalifa DIOMANDE
0002,"Agence Fontaine, contrat AFEO",AF215117,Porte sectionnelle,Non,Route Levaud,SALLANCHES,0054,VILLE DE SALLANCHES ,Kalifa DIOMANDE
0002,"Agence Fontaine, contrat AFEO",AF215119,Ascenseur,Non,10 Boulevard Edgar Kofler,VOIRON,0022,CHARTREUSE DIFFUSION,Jean-Paul SCARINGELLA
0002,"Agence Fontaine, contrat AFEO",AF215120,Ascenseur,Non,10 Boulevard Edgar Kofler,VOIRON CEDEX,0022,CHARTREUSE DIFFUSION,Jean-Paul SCARINGELLA
0002,"Agence Fontaine, contrat AFEO",AF215123,Portail,Non,101 route du Sablon,ST MARTIN DE VAULSERRE,0062,ANDRE PEGOUD ,Olivier VUILLAUME 
0002,"Agence Fontaine, contrat AFEO",32346,Ascenseur,Non,1007 route du Col de La Croix-Fry,LA CLUSAZ,0054,ILEX - IDF,Kalifa DIOMANDE
0002,"Agence Fontaine, contrat AFEO",32347,Ascenseur,Non,10 avenue du Gresivaudan,ECHIROLLES,0052,ILEX - IDF,Martin DO NASCIMENTO
0002,"Agence Fontaine, contrat AFEO",AF215130,Porte piétonne,Non,2560 Avenue d'Uriage,VAULNAVEYS LE HAUT,0033,RESIDENCE LE VERNON,Roman NOIREZ
0002,"Agence Fontaine, contrat AFEO",AF215131,Porte piétonne,Non,2560 Avenue d'Uriage,VAULNAVEYS LE HAUT,0033,RESIDENCE LE VERNON,Roman NOIREZ
0002,"Agence Fontaine, contrat AFEO",AF215132,Portail,Non,2560 Avenue d'Uriage,VAULNAVEYS LE HAUT,0033,RESIDENCE LE VERNON,Roman NOIREZ
0002,"Agence Fontaine, contrat AFEO",AF215137,Ascenseur,Non,22 Rue des Fleurs,GRENOBLE,0068,SDC LES JARDINS DES FLEURS,Léna GRAND CLEMENT
0002,"Agence Fontaine, contrat AFEO",CM 000 044 ,Elévateur,Non,66 ROUTE DE LYON,LE PONT DE BEAUVOISIN  ,0054,EAP FRANCE SAS,Kalifa DIOMANDE
0002,"Agence Fontaine, contrat AFEO",CM 000 041 ,Elévateur,Non,474 RUE CHARRAT,SAINT ETIENNE DE CROSSEY,0022,EAP FRANCE SAS,Jean-Paul SCARINGELLA
0002,"Agence Fontaine, contrat AFEO",AF215171,Portail,Non,Association Vacances Lac et Montagne ,MENTHON ST BERNARD,0054,Le Pavillon des Fleurs,Kalifa DIOMANDE
0002,"Agence Fontaine, contrat AFEO",AF215172,Ascenseur,Non,43 rue Gabriel PERI,GRENOBLE,0068,SDC 43 RUE GABRIEL PERI,Léna GRAND CLEMENT
0002,"Agence Fontaine, contrat AFEO",AF215178,Elévateur,Non,20 Rue du Cairou,Les Deux Alpes,0052,Societe NISA CONSEIL,Martin DO NASCIMENTO
0002,"Agence Fontaine, contrat AFEO",AF215274,Ascenseur,Non,35 rue de la Mairie,ST ETIENNE DE CROSSEY,0022,SDC LE RELAIS DE LA MARMOTTE,Jean-Paul SCARINGELLA
0002,"Agence Fontaine, contrat AFEO",AF215285,Portail,Non,253 Rue Clement Gondrant,AOSTE,0062,BUTET CHRISTIAN ,Olivier VUILLAUME 
0002,"Agence Fontaine, contrat AFEO",AF215287,Porte basculante,Non,36-38-40-42 Rue Saint Robert,Saint Egreve,0033,SDC Le Germinal,Roman NOIREZ
0002,"Agence Fontaine, contrat AFEO",AF215288,Porte basculante,Non,36-38-40-42 Rue Saint Robert,ST EGREVE,0033,SDC Le Germinal,Roman NOIREZ
0002,"Agence Fontaine, contrat AFEO",HC215289,Portail,Non,21 Rue Diderot ,GRENOBLE,0052,FONCIA (Foncière Etoile),Martin DO NASCIMENTO
0002,"Agence Fontaine, contrat AFEO",AF215359,Portail,Non,"8, boulevard du 4 septembre",VOIRON,0022,SDC Du 4 Septembre ,Jean-Paul SCARINGELLA
0002,"Agence Fontaine, contrat AFEO",AF215360,Ascenseur,Non,8 boulevard du 4 septembre,VOIRON,0022,SDC Du 4 Septembre ,Jean-Paul SCARINGELLA
0002,"Agence Fontaine, contrat AFEO",AF215361,Ascenseur,Non,14 boulevard du 4 septembre,VOIRON,0022,SDC Du 4 Septembre ,Jean-Paul SCARINGELLA
0002,"Agence Fontaine, contrat AFEO",AF215399,Ascenseur,Non,1135 route du village,PRESSINS,0074,Mairie de Pressins,Julien TETU
0002,"Agence Fontaine, contrat AFEO",AF215403,Ascenseur,Non,25 rue de la Libération,SAINT MARTIN LE VINOUX,0068,Ehpad Orsac Sévigné,Léna GRAND CLEMENT
0002,"Agence Fontaine, contrat AFEO",HC215425,Porte automatique,Non,Le Chalet ZI La Barronie ,LE PONT DE BEAUVOISIN,0062,Bijouterie Aurore Collection,Olivier VUILLAUME 
0002,"Agence Fontaine, contrat AFEO",HC215434,Barrière Levante,Non,30 Avenue de la Plaine Fleurie,MEYLAN,0033,FONCIA GRENOBLE (FF IMMOBILIER),Roman NOIREZ
0002,"Agence Fontaine, contrat AFEO",HC215437,Porte basculante,Non,1 Rue des Framboisiers,VALLEIRY,0012,S 554 - LA PRAIRIE SOUS LE VILLAGE,Heithem ABID
0002,"Agence Fontaine, contrat AFEO",AF215439,Porte de garage,Non,"1 rue des Framboisiers - BATIMENT A,B,C, D",VALLEIRY,0012,S 554 - LA PRAIRIE SOUS LE VILLAGE,Heithem ABID
0002,"Agence Fontaine, contrat AFEO",AF215440,Porte de garage,Non,"1 rue des Framboisiers - BATIMENT E,F,G, H",VALLEIRY,0012,S 554 - LA PRAIRIE SOUS LE VILLAGE,Heithem ABID
0002,"Agence Fontaine, contrat AFEO",AF215441,Porte de garage,Non,"1 rue des Framboisiers - BATIMENT I,J,K",VALLEIRY,0012,S 554 - LA PRAIRIE SOUS LE VILLAGE,Heithem ABID
0002,"Agence Fontaine, contrat AFEO",AF215442,Porte de garage,Non,"1 rue des Framboisiers - BATIMENT L, M",VALLEIRY,0012,S 554 - LA PRAIRIE SOUS LE VILLAGE,Heithem ABID
0002,"Agence Fontaine, contrat AFEO",HC215443,Plate-Forme,Non,291 Rue des Tovets,ST BON TARENTAISE,0029,Chalet Muse ,Houssam BOUAZIZ
0002,"Agence Fontaine, contrat AFEO",HC215449,Portail,Non,1 Rue Rif Tronchard ,FONTANIL CORNILLON,0022,ALFA LAVAL VICARB SAS,Jean-Paul SCARINGELLA
0002,"Agence Fontaine, contrat AFEO",HC215497,Portail,Non,326 Route de l'Eglise ,ST MARTIN DE VAULSERRE,0062,Madame Gavend Joelle,Olivier VUILLAUME 
0002,"Agence Fontaine, contrat AFEO",AF225498,Ascenseur,Non,47 Avenue Marie Reynoard,GRENOBLE,0052,GRENOBLE ALPES METROPOLE,Martin DO NASCIMENTO
0002,"Agence Fontaine, contrat AFEO",AF225499,Monte-Charge,Non,"85, Chemin du Bois de Cornage",VIZILLE,0052,Grande Pharmacie de Vizille,Martin DO NASCIMENTO
0002,"Agence Fontaine, contrat AFEO",HC215500,Porte de garage,Non,137 Cours de la libération ,GRENOBLE,0028,CASIER Catherine,Xavier VICTORION
0002,"Agence Fontaine, contrat AFEO",AF215502,Ascenseur,Non,34-36 avenue de Verdun,MEYLAN,0068,SDC LES CELIBATAIRES IV,Léna GRAND CLEMENT
0002,"Agence Fontaine, contrat AFEO",AF215503,Monte-Charge,Oui,34-36 avenue de Verdun,MEYLAN,0068,SDC LES CELIBATAIRES IV,Léna GRAND CLEMENT
0002,"Agence Fontaine, contrat AFEO",HC215521,Porte sectionnelle,Non,14 Rue Arago ,ST MARCELLIN,0030,VILLE DE ST MARCELLIN ,Karim MOKNECHE
0002,"Agence Fontaine, contrat AFEO",AF225523,Ascenseur,Non,15 Boulevard Joseph Vallier Grenoble,GRENOBLE,0028,GRENOBLE ALPES METROPOLE,Xavier VICTORION
0002,"Agence Fontaine, contrat AFEO",AF225525,Ascenseur,Non,8 rue Aimé Pupin ,GRENOBLE,0052,GRENOBLE ALPES METROPOLE,Martin DO NASCIMENTO
0002,"Agence Fontaine, contrat AFEO",AF225526,Ascenseur,Non,"4, CHEMIN DE LA TUILERIE",LA TRONCHE,0022,GRENOBLE ALPES METROPOLE,Jean-Paul SCARINGELLA
0002,"Agence Fontaine, contrat AFEO",AF225527,Ascenseur,Non,24 bis Boulevard de la Chantourne,LA TRONCHE,0022,GRENOBLE ALPES METROPOLE,Jean-Paul SCARINGELLA
0002,"Agence Fontaine, contrat AFEO",AF225528,Ascenseur,Non,24 bis Boulevard de la Chantourne,LA TRONCHE,0022,GRENOBLE ALPES METROPOLE,Jean-Paul SCARINGELLA
0002,"Agence Fontaine, contrat AFEO",AF225529,Ascenseur,Non,1 AVENUE INNSBRUCK,GRENOBLE,0052,GRENOBLE ALPES METROPOLE,Martin DO NASCIMENTO
0002,"Agence Fontaine, contrat AFEO",AF225531,Ascenseur,Non,1 RUE DE NORMANDIE,ECHIROLLES,0052,GRENOBLE ALPES METROPOLE,Martin DO NASCIMENTO
0002,"Agence Fontaine, contrat AFEO",AF225532,Ascenseur,Non,1 RUE DE NORMANDIE,ECHIROLLES,0052,GRENOBLE ALPES METROPOLE,Martin DO NASCIMENTO
0002,"Agence Fontaine, contrat AFEO",AF225533,Ascenseur,Non,12 RUE AMPERE,GRENOBLE,0068,CENTRE CEMOI,Léna GRAND CLEMENT
0002,"Agence Fontaine, contrat AFEO",AF225534,Ascenseur,Non,12 RUE AMPERE,GRENOBLE,0068,CENTRE CEMOI,Léna GRAND CLEMENT
0002,"Agence Fontaine, contrat AFEO",AF225535,Ascenseur,Non,12 RUE AMPERE,GRENOBLE,0068,CENTRE CEMOI,Léna GRAND CLEMENT
0002,"Agence Fontaine, contrat AFEO",AF225536,EPMR elevtr pr pers a mobilité reduite,Non,12 RUE AMPERE,GRENOBLE,0068,CENTRE CEMOI,Léna GRAND CLEMENT
0002,"Agence Fontaine, contrat AFEO",AF225537,Monte-Charge,Non,Chemin des Acacias,FONTANIL CORNILLON,0068,GRENOBLE ALPES METROPOLE,Léna GRAND CLEMENT
0002,"Agence Fontaine, contrat AFEO",AF225538,EPMR elevtr pr pers a mobilité reduite,Non,16 Boulevard Agutte Sembat,GRENOBLE,0028,GRENOBLE ALPES METROPOLE,Xavier VICTORION
0002,"Agence Fontaine, contrat AFEO",AF225539,EPMR elevtr pr pers a mobilité reduite,Non,5 rue Fédérico Garcia Lorca,GRENOBLE,0052,GRENOBLE ALPES METROPOLE,Martin DO NASCIMENTO
0002,"Agence Fontaine, contrat AFEO",AF225540,Ascenseur,Non,47 Avenue Marie Reynoard,GRENOBLE,0052,GRENOBLE ALPES METROPOLE,Martin DO NASCIMENTO
0002,"Agence Fontaine, contrat AFEO",AF215555,Porte coulissante,Non,Le Chalet ,LE PONT DE BEAUVOISIN,0062,SAS Vélo FM ,Olivier VUILLAUME 
0002,"Agence Fontaine, contrat AFEO",AF215556,Porte coulissante,Non,Le Chalet ,LE PONT DE BEAUVOISIN,0062,SAS Vélo FM ,Olivier VUILLAUME 
0002,"Agence Fontaine, contrat AFEO",AF215557,Rideau métallique,Non,Le Chalet ,LE PONT DE BEAUVOISIN,0062,SAS Vélo FM ,Olivier VUILLAUME 
0002,"Agence Fontaine, contrat AFEO",AF215558,Rideau métallique,Non,Le Chalet,LE PONT DE BEAUVOISIN,0062,SAS Vélo FM ,Olivier VUILLAUME 
0002,"Agence Fontaine, contrat AFEO",AF215559,Rideau métallique,Non,Le Chalet,LE PONT DE BEAUVOISIN,0062,SAS Vélo FM ,Olivier VUILLAUME 
0002,"Agence Fontaine, contrat AFEO",AF215560,Rideau métallique,Non,Le Chalet,LE PONT DE BEAUVOISIN,0062,SAS Vélo FM ,Olivier VUILLAUME 
0002,"Agence Fontaine, contrat AFEO",AF215561,Rideau métallique,Non,Le Chalet,LE PONT DE BEAUVOISIN,0062,SAS Vélo FM ,Olivier VUILLAUME 
0002,"Agence Fontaine, contrat AFEO",AF215562,Rideau métallique,Non,Le Chalet,LE PONT DE BEAUVOISIN,0062,SAS Vélo FM ,Olivier VUILLAUME 
0002,"Agence Fontaine, contrat AFEO",HC215574,Rideau métallique,Non,294 Rue Francois Peyron ,VIZILLE,0052,GRENOBLE ALPES METROPOLE,Martin DO NASCIMENTO
0002,"Agence Fontaine, contrat AFEO",AF225600,Ascenseur,Non,10 rue Hébert,GRENOBLE,0028,GRENOBLE ALPES METROPOLE,Xavier VICTORION
0002,"Agence Fontaine, contrat AFEO",AF225601,Ascenseur,Non,10 rue Hébert,GRENOBLE,0028,GRENOBLE ALPES METROPOLE,Xavier VICTORION
0002,"Agence Fontaine, contrat AFEO",AF225602,Ascenseur,Non,10 rue Hébert,GRENOBLE,0028,GRENOBLE ALPES METROPOLE,Xavier VICTORION
0002,"Agence Fontaine, contrat AFEO",AF225604,Ascenseur,Non,2 rue Auguste Prudhomme,GRENOBLE,0028,GRENOBLE ALPES METROPOLE,Xavier VICTORION
0002,"Agence Fontaine, contrat AFEO",AF225606,Ascenseur,Non,2 rue Auguste Prudhomme,GRENOBLE,0028,GRENOBLE ALPES METROPOLE,Xavier VICTORION
0002,"Agence Fontaine, contrat AFEO",AF225607,Ascenseur,Non,2 rue Auguste Prudhomme,GRENOBLE,0028,GRENOBLE ALPES METROPOLE,Xavier VICTORION
0002,"Agence Fontaine, contrat AFEO",AF225609,Ascenseur,Non,Place Winsen Luhe,LE PONT DE CLAIX,0052,GRENOBLE ALPES METROPOLE,Martin DO NASCIMENTO
0002,"Agence Fontaine, contrat AFEO",AF225610,Ascenseur,Non,Place André Malraux,GRENOBLE,0028,GRENOBLE ALPES METROPOLE,Xavier VICTORION
0002,"Agence Fontaine, contrat AFEO",AF225611,Ascenseur,Non,Place André Malraux,GRENOBLE,0028,GRENOBLE ALPES METROPOLE,Xavier VICTORION
0002,"Agence Fontaine, contrat AFEO",AF225612,Ascenseur,Non,Place André Malraux,GRENOBLE,0028,GRENOBLE ALPES METROPOLE,Xavier VICTORION
0002,"Agence Fontaine, contrat AFEO",AF225614,Ascenseur,Non,Place André Malraux - entrée rue Hoche,GRENOBLE,0028,GRENOBLE ALPES METROPOLE,Xavier VICTORION
0002,"Agence Fontaine, contrat AFEO",AF225615,Ascenseur,Non,Place André Malraux - entrée rue Hoche,GRENOBLE,0028,GRENOBLE ALPES METROPOLE,Xavier VICTORION
0002,"Agence Fontaine, contrat AFEO",AF225626,Porte de garage,Non,135 Rue Violette,RIVES ,0022,SDC LA CLAIRIERE,Jean-Paul SCARINGELLA
0002,"Agence Fontaine, contrat AFEO",AF225633,Ascenseur,Non,10 Boulevard Edgar Kofler,VOIRON CEDEX,0022,CHARTREUSE DIFFUSION,Jean-Paul SCARINGELLA
0002,"Agence Fontaine, contrat AFEO",AF225647,Porte de garage,Non,21-23 rue Lorenzaccio,GRENOBLE,0033,SDC Les Erables,Roman NOIREZ
0002,"Agence Fontaine, contrat AFEO",AF225656,Porte de garage,Non,21-23 rue Lorenzaccio,GRENOBLE,0033,SDC Les Erables,Roman NOIREZ
0002,"Agence Fontaine, contrat AFEO",AF225657,Porte de garage,Non,21-23 rue Lorenzaccio,GRENOBLE,0033,SDC Les Erables,Roman NOIREZ
0002,"Agence Fontaine, contrat AFEO",HC225676,Porte sectionnelle,Non,15B Boulevard Paul Langevin ,FONTAINE,0022,PRIMMO,Jean-Paul SCARINGELLA
0002,"Agence Fontaine, contrat AFEO",AF235679,Elévateur,Non,947 route de la côte,HERBEYS,0052,Madame DECAVELE ,Martin DO NASCIMENTO
0002,"Agence Fontaine, contrat AFEO",HC225693,Portail,Non,34 Rue du Béa ,ST MARTIN D HERES,0033,GRENOBLE ALPES METROPOLE,Roman NOIREZ
0002,"Agence Fontaine, contrat AFEO",AF225703,Monte Plats,Non,48 place de l'église ,LE GRAND BORNAND,0054,L'OPTRAKEN,Kalifa DIOMANDE
0002,"Agence Fontaine, contrat AFEO",AF225714,Porte automatique,Non,Chemin de la Charette,ALBERTVILLE ,0054,ENEDIS ISERE ET SAVOIE,Kalifa DIOMANDE
0002,"Agence Fontaine, contrat AFEO",AF225797,Porte sectionnelle,Non,9 Allée de la Houille Blanche,PONT DE CLAIX - Pont des Vannes,0033,ENEDIS ISERE ET SAVOIE,Roman NOIREZ
0002,"Agence Fontaine, contrat AFEO",AF225799,Porte Sectionnelle manuelle,Non,25 Allée Paul Decauville,VALENCE - Decauville,0030,ENEDIS VALENCE,Karim MOKNECHE
0002,"Agence Fontaine, contrat AFEO",AF225800,Porte Sectionnelle manuelle,Non,25 Allée Paul Decauville,VALENCE - Decauville,0030,ENEDIS VALENCE,Karim MOKNECHE
0002,"Agence Fontaine, contrat AFEO",AF225801,Porte Sectionnelle manuelle,Non,25 Allée Paul Decauville,VALENCE - Decauville,0030,ENEDIS VALENCE,Karim MOKNECHE
0002,"Agence Fontaine, contrat AFEO",AF225802,Porte sectionnelle motorisée,Non,25 Allée Paul Decauville,VALENCE - Decauville,0030,ENEDIS VALENCE,Karim MOKNECHE
0002,"Agence Fontaine, contrat AFEO",AF225803,Porte sectionnelle motorisée,Non,25 Allée Paul Decauville,VALENCE - Decauville,0030,ENEDIS VALENCE,Karim MOKNECHE
0002,"Agence Fontaine, contrat AFEO",AF225804,Porte sectionnelle motorisée,Non,25 Allée Paul Decauville,VALENCE - Decauville,0030,ENEDIS VALENCE,Karim MOKNECHE
0002,"Agence Fontaine, contrat AFEO",AF225805,Porte sectionnelle motorisée,Non,25 Allée Paul Decauville,VALENCE - Decauville,0030,ENEDIS VALENCE,Karim MOKNECHE
0002,"Agence Fontaine, contrat AFEO",AF225806,Porte sectionnelle motorisée,Non,25 Allée Paul Decauville,VALENCE - Decauville,0030,ENEDIS VALENCE,Karim MOKNECHE
0002,"Agence Fontaine, contrat AFEO",AF225807,Porte sectionnelle motorisée,Non,25 Allée Paul Decauville,VALENCE - Decauville,0030,ENEDIS VALENCE,Karim MOKNECHE
0002,"Agence Fontaine, contrat AFEO",AF225808,Porte sectionnelle motorisée,Non,25 Allée Paul Decauville,VALENCE - Decauville,0030,ENEDIS VALENCE,Karim MOKNECHE
0002,"Agence Fontaine, contrat AFEO",AF225809,Porte sectionnelle motorisée,Non,25 Allée Paul Decauville,VALENCE - Decauville,0030,ENEDIS VALENCE,Karim MOKNECHE
0002,"Agence Fontaine, contrat AFEO",AF225810,Portail,Non,25 Allée Paul Decauville,VALENCE - Decauville,0030,ENEDIS VALENCE,Karim MOKNECHE
0002,"Agence Fontaine, contrat AFEO",AF225811,Portail,Non,25 Allée Paul Decauville,VALENCE - Decauville,0030,ENEDIS VALENCE,Karim MOKNECHE
0002,"Agence Fontaine, contrat AFEO",AF225812,Portail,Non,25 Allée Paul Decauville,VALENCE - Decauville,0030,ENEDIS VALENCE,Karim MOKNECHE
0002,"Agence Fontaine, contrat AFEO",AF225813,Portail,Non,25 Allée Paul Decauville,VALENCE - Decauville,0030,ENEDIS VALENCE,Karim MOKNECHE
0002,"Agence Fontaine, contrat AFEO",AF225814,Porte coupe feu,Non,25 Allée Paul Decauville,VALENCE - Decauville,0030,ENEDIS VALENCE,Karim MOKNECHE
0002,"Agence Fontaine, contrat AFEO",AF225815,Porte coupe feu,Non,25 Allée Paul Decauville,VALENCE - Decauville,0030,ENEDIS VALENCE,Karim MOKNECHE
0002,"Agence Fontaine, contrat AFEO",AF225818,Portail,Non,Chemin de la Charrette,ALBERTVILLE - Charrette,0054,ENEDIS ISERE ET SAVOIE,Kalifa DIOMANDE
0002,"Agence Fontaine, contrat AFEO",AF225819,Porte automatique,Non,Chemin de la Charrette,ALBERTVILLE - Charrette,0054,ENEDIS ISERE ET SAVOIE,Kalifa DIOMANDE
0002,"Agence Fontaine, contrat AFEO",AF225823,Monte-Charge,Non,6 boulevard Paul Langevin,FONTAINE,0022,PHARMACIE LAFAYETTE DES BALMES,Jean-Paul SCARINGELLA
0002,"Agence Fontaine, contrat AFEO",AF225824,Porte piétonne,Non,6 boulevard Paul Langevin,FONTAINE,0033,PHARMACIE LAFAYETTE DES BALMES,Roman NOIREZ
0002,"Agence Fontaine, contrat AFEO",AF225825,Porte piétonne,Non,6 boulevard Paul Langevin,FONTAINE,0033,PHARMACIE LAFAYETTE DES BALMES,Roman NOIREZ
0002,"Agence Fontaine, contrat AFEO",AF225826,Rideau métallique,Non,6 boulevard Paul Langevin,FONTAINE,0033,PHARMACIE LAFAYETTE DES BALMES,Roman NOIREZ
0002,"Agence Fontaine, contrat AFEO",AF225827,Rideau métallique,Non,6 boulevard Paul Langevin,FONTAINE,0033,PHARMACIE LAFAYETTE DES BALMES,Roman NOIREZ
0002,"Agence Fontaine, contrat AFEO",AF225828,Rideau métallique,Non,6 boulevard Paul Langevin,FONTAINE,0033,PHARMACIE LAFAYETTE DES BALMES,Roman NOIREZ
0002,"Agence Fontaine, contrat AFEO",AF225829,Rideau métallique,Non,6 boulevard Paul Langevin,FONTAINE,0033,PHARMACIE LAFAYETTE DES BALMES,Roman NOIREZ
0002,"Agence Fontaine, contrat AFEO",AF225830,Rideau métallique,Non,6 boulevard Paul Langevin,FONTAINE,0033,PHARMACIE LAFAYETTE DES BALMES,Roman NOIREZ
0002,"Agence Fontaine, contrat AFEO",AF225831,Rideau métallique,Non,6 boulevard Paul Langevin,FONTAINE,0033,PHARMACIE LAFAYETTE DES BALMES,Roman NOIREZ
0002,"Agence Fontaine, contrat AFEO",AF225833,Plate-Forme,Non,625 route de Blanchelaine,MERCUROL VEAUNES,0030,BOUVAREL STOCKAGE,Karim MOKNECHE
0002,"Agence Fontaine, contrat AFEO",AF215294,Ascenseur,Non,305 route de Lady Grange,MEGEVE,0054,Chalet Côz,Kalifa DIOMANDE
0002,"Agence Fontaine, contrat AFEO",HC225844,Portail,Non,14 Rue de Genissieu ,GRENOBLE,0033,SDC 2 Rue Alexandre 1er de Yougoslavie,Roman NOIREZ
0002,"Agence Fontaine, contrat AFEO",AF225847,Ascenseur,Non,13 rue Rouchas,LES 2 ALPES,0052,COPAS ASCENSEUR ACCESSIBILITE,Martin DO NASCIMENTO
0002,"Agence Fontaine, contrat AFEO",AF225849,Ascenseur,Non,65 rue des Framboisiers - BATIMENT A,VALLEIRY,0012,S 554 - LA PRAIRIE SOUS LE VILLAGE,Heithem ABID
0002,"Agence Fontaine, contrat AFEO",AF225850,Ascenseur,Non,58 rue des Framboisiers - BATIMENT B,VALLEIRY,0012,S 554 - LA PRAIRIE SOUS LE VILLAGE,Heithem ABID
0002,"Agence Fontaine, contrat AFEO",AF225851,Ascenseur,Non,39 rue des Framboisiers - BATIMENT C,VALLEIRY,0012,S 554 - LA PRAIRIE SOUS LE VILLAGE,Heithem ABID
0002,"Agence Fontaine, contrat AFEO",AF225852,Ascenseur,Non,47 rue des Framboisiers - BATIMENT D,VALLEIRY,0012,S 554 - LA PRAIRIE SOUS LE VILLAGE,Heithem ABID
0002,"Agence Fontaine, contrat AFEO",AF225853,Ascenseur,Non,37 rue des Framboisiers - BATIMENT E,VALLEIRY,0012,S 554 - LA PRAIRIE SOUS LE VILLAGE,Heithem ABID
0002,"Agence Fontaine, contrat AFEO",AF225854,Ascenseur,Non,17 rue des Framboisiers - BATIMENT G,VALLEIRY,0012,S 554 - LA PRAIRIE SOUS LE VILLAGE,Heithem ABID
0002,"Agence Fontaine, contrat AFEO",AF225856,Ascenseur,Non,56 rue des Framboisiers - BATIMENT I,VALLEIRY,0012,S 554 - LA PRAIRIE SOUS LE VILLAGE,Heithem ABID
0002,"Agence Fontaine, contrat AFEO",AF225857,Ascenseur,Non,54 rue des Framboisiers - BATIMENT J,VALLEIRY,0012,S 554 - LA PRAIRIE SOUS LE VILLAGE,Heithem ABID
0002,"Agence Fontaine, contrat AFEO",AF225858,Ascenseur,Non,38 rue des Framboisiers - BATIMENT K,VALLEIRY,0012,S 554 - LA PRAIRIE SOUS LE VILLAGE,Heithem ABID
0002,"Agence Fontaine, contrat AFEO",AF225859,Ascenseur,Non,36 rue des Framboisiers - BATIMENT L,VALLEIRY,0012,S 554 - LA PRAIRIE SOUS LE VILLAGE,Heithem ABID
0002,"Agence Fontaine, contrat AFEO",AF225860,Ascenseur,Non,14 rue des Framboisiers - BATIMENT M,VALLEIRY,0012,S 554 - LA PRAIRIE SOUS LE VILLAGE,Heithem ABID
0002,"Agence Fontaine, contrat AFEO",hc225866,Porte automatique,Non,Place André Malraux,GRENOBLE,0033,GRENOBLE ALPES METROPOLE,Roman NOIREZ
0002,"Agence Fontaine, contrat AFEO",AF225883,EPMR elevtr pr pers a mobilité reduite,Non,16 Boulevard Marechal Lyautey ,GRENOBLE,0028,SNEF ORANGE ASCENSEURS ALPES & ISERE,Xavier VICTORION
0002,"Agence Fontaine, contrat AFEO",HC220589,Porte basculante,Non,Le Forum,GRENOBLE CEDEX 1,0028,GRENOBLE ALPES METROPOLE,Xavier VICTORION
0002,"Agence Fontaine, contrat AFEO",HC215890,Portail,Non,16 Chemin de l'Etang,ST CASSIEN,0022,VIRIOT Sébastien,Jean-Paul SCARINGELLA
0002,"Agence Fontaine, contrat AFEO",AF225899,Portail,Non,10 avenue du Gresivaudan,ECHIROLLES,0033,ILEX - IDF,Roman NOIREZ
0002,"Agence Fontaine, contrat AFEO",AF225903,Portail,Non,ELEVATEUR SEMA,SOYONS,0030,SEMA,Karim MOKNECHE
0002,"Agence Fontaine, contrat AFEO",AF225906,Rideau,Non,ELEVATEUR SEMA,SOYONS,0030,SEMA,Karim MOKNECHE
0002,"Agence Fontaine, contrat AFEO",HC2255982,Rideau,Non,77 boulevard Joliot Curie,FONTAINE,0022,SCI MAEWENN,Jean-Paul SCARINGELLA
0002,"Agence Fontaine, contrat AFEO",AF225996,Ascenseur,Non,5 avenue Victoria ,AIX LES BAINS,0054,SDC LE SAVOY,Kalifa DIOMANDE
0002,"Agence Fontaine, contrat AFEO",AF225997,Ascenseur,Non,7 avenue Victoria,AIX LES BAINS,0054,SDC LE SAVOY,Kalifa DIOMANDE
0002,"Agence Fontaine, contrat AFEO",AF225998,Ascenseur,Non,2 rue Charles Dullin,AIX LES BAINS,0054,SDC LE SAVOY,Kalifa DIOMANDE
0002,"Agence Fontaine, contrat AFEO",AF225999,Ascenseur,Non,6 rue des Fleurs,AIX LES BAINS,0054,SDC LE SAVOY,Kalifa DIOMANDE
0002,"Agence Fontaine, contrat AFEO",HC226028,Porte basculante,Non,10 Rue HERBERT,GRENOBLE,0028,GRENOBLE ALPES METROPOLE,Xavier VICTORION
0002,"Agence Fontaine, contrat AFEO",AF226205,Portail,Non,154 route de l'Epine,CHAMBERY,0074,SNEF - Marché Orange Alpes Fermeture,Julien TETU
0002,"Agence Fontaine, contrat AFEO",AF226206,Portail,Non,154 route de l'Epine,CHAMBERY,0074,SNEF - Marché Orange Alpes Fermeture,Julien TETU
0002,"Agence Fontaine, contrat AFEO",AF226207,Portail,Non,154 route de l'Epine,CHAMBERY,0074,SNEF - Marché Orange Alpes Fermeture,Julien TETU
0002,"Agence Fontaine, contrat AFEO",HC226216,Portail,Non,Route du Sablon,ST MARTIN DE VAULSERRE,0062,ANDRE PEGOUD ,Olivier VUILLAUME 
0002,"Agence Fontaine, contrat AFEO",1/035/129,EPMR elevtr pr pers a mobilité reduite,Non,801 Avenue centrale ,ST MARTIN D HERES,0033,UNIVERSITES GRENOBLE ALPES,Roman NOIREZ
0002,"Agence Fontaine, contrat AFEO",HC226397,Porte sectionnelle,Non,ZI LA BARRONIE ,LE PONT DE BEAUVOISIN,0062,MAGASIN CARRE,Olivier VUILLAUME 
0002,"Agence Fontaine, contrat AFEO",AF226398,EPMR elevtr pr pers a mobilité reduite,Non,10 Rue du Garat ,VOIRON,0033,CHION Edgard,Roman NOIREZ
0002,"Agence Fontaine, contrat AFEO",AF226401,Porte de garage,Non,38-42 rue Jean Jaures,DOMENE,0033,SDC Les Martinets,Roman NOIREZ
0002,"Agence Fontaine, contrat AFEO",AF226402,Ascenseur,Non,42 rue Jean Jaures,DOMENE,0033,SDC Les Martinets,Roman NOIREZ
0002,"Agence Fontaine, contrat AFEO",AF226403,Ascenseur,Non,5 rue des Martinets,DOMENE,0033,SDC Les Martinets,Roman NOIREZ
0002,"Agence Fontaine, contrat AFEO",AF226405,Ascenseur,Non,6 rue Chenoise,GRENOBLE,0068,SDC LES AMETHYSTES,Léna GRAND CLEMENT
0002,"Agence Fontaine, contrat AFEO",CM 000 053,Elévateur,Non,235 route des pensées ,ST SORLIN EN VALLOIRE,0030,EAP FRANCE SAS,Karim MOKNECHE
0002,"Agence Fontaine, contrat AFEO",AF226416,Rideau métallique,Non,ZI. LA BARONNIE,PONT DE BEAUVOISIN,0062,MAGASIN CARRE,Olivier VUILLAUME 
0002,"Agence Fontaine, contrat AFEO",AF226417,Rideau métallique,Non,ZI. LA BARONNIE,PONT DE BEAUVOISIN,0062,MAGASIN CARRE,Olivier VUILLAUME 
0002,"Agence Fontaine, contrat AFEO",AF226418,Rideau métallique,Non,ZI. LA BARONNIE,PONT DE BEAUVOISIN,0062,MAGASIN CARRE,Olivier VUILLAUME 
0002,"Agence Fontaine, contrat AFEO",AF226419,Rideau métallique,Non,ZI. LA BARONNIE,PONT DE BEAUVOISIN,0062,MAGASIN CARRE,Olivier VUILLAUME 
0002,"Agence Fontaine, contrat AFEO",2007381,EPMR elevtr pr pers a mobilité reduite,Non,36 Rue de Stalingrad,ECHIROLLES,0052,LOMATY,Martin DO NASCIMENTO
0002,"Agence Fontaine, contrat AFEO",AF226463,Elévateur,Non,1105 Chemin des Ducs ,ROCHEFORT SAMSON,0030,M et Mme BONNET,Karim MOKNECHE
0002,"Agence Fontaine, contrat AFEO",AF226467,Chaise,Non,175 rue du lac ,CROLLES,0033,MR GAUDE ,Roman NOIREZ
0002,"Agence Fontaine, contrat AFEO",CM 000 054,EPMR elevtr pr pers a mobilité reduite,Non,32 rue Vernand,ANNEMASSE,0012,EAP FRANCE SAS,Heithem ABID
0002,"Agence Fontaine, contrat AFEO",AF226530,Porte de garage,Non,8 boulevard du 4 septembre,VOIRON,0022,SDC Du 4 Septembre ,Jean-Paul SCARINGELLA
0002,"Agence Fontaine, contrat AFEO",AF226541,EPMR elevtr pr pers a mobilité reduite,Non,11 RUE DES ROSIERS ,EYBENS,0052,MME MAUREL ,Martin DO NASCIMENTO
0002,"Agence Fontaine, contrat AFEO",AF226545,Porte de garage,Non,40 RUE DU JURA ,FERNEY VOLTAIRE ,0012,PARC DU JURA,Heithem ABID
0002,"Agence Fontaine, contrat AFEO",AF226546,Porte de garage,Non,40 RUE DU JURA ,FERNEY VOLTAIRE ,0012,PARC DU JURA,Heithem ABID
0002,"Agence Fontaine, contrat AFEO",AF226547,Portail,Non,40 RUE DU JURA ,FERNEY VOLTAIRE ,0012,PARC DU JURA,Heithem ABID
0002,"Agence Fontaine, contrat AFEO",AF226548,Portail,Non,40 RUE DU JURA ,FERNEY VOLTAIRE ,0012,PARC DU JURA,Heithem ABID
0002,"Agence Fontaine, contrat AFEO",AF226550,Monte-Charge,Non,76 Av. de la Muzelle,LES 2 ALPES,0052,Atmosphère Hôtel,Martin DO NASCIMENTO
0002,"Agence Fontaine, contrat AFEO",1/035/133,Ascenseur,Non,La Côte des Chavants,LES HOUCHES,0029,UNIVERSITES GRENOBLE ALPES,Houssam BOUAZIZ
0002,"Agence Fontaine, contrat AFEO",AF226620,Monte-Charge,Non,27 Route des Bauges,GRESY SUR AIX,0054,SARL Quentin BUISINE ,Kalifa DIOMANDE
0002,"Agence Fontaine, contrat AFEO",AF226628,Ascenseur,Oui,35 rue de la Mairie,ST ETIENNE DE CROSSEY,0022,SDC LE RELAIS DE LA MARMOTTE,Jean-Paul SCARINGELLA
0002,"Agence Fontaine, contrat AFEO",AF226629,Rideau métallique,Non,15 Boulevard Paul Langevin,FONTAINE,0033,Agence Isère Ascenseurs,Roman NOIREZ
0002,"Agence Fontaine, contrat AFEO",AF226630,Porte sectionnelle,Non,15 Boulevard Paul Langevin,FONTAINE,0033,Agence Isère Ascenseurs,Roman NOIREZ
0002,"Agence Fontaine, contrat AFEO",AF226649,Porte piétonne,Non,183 B Le Chalet - rue du Chalet - ZAE La Baronnie,LE PONT DE BEAUVOISIN,0062,La Vaposphère,Olivier VUILLAUME 
0002,"Agence Fontaine, contrat AFEO",AF226691,Porte automatique,Non,17 place Grenette,GRENOBLE,0033,Boutique Orange - FONTAINE,Roman NOIREZ
0002,"Agence Fontaine, contrat AFEO",AF226692,Rideau,Non,17 place Grenette,GRENOBLE,0033,Boutique Orange - FONTAINE,Roman NOIREZ
0002,"Agence Fontaine, contrat AFEO",AF226693,Rideau,Non,17 place Grenette,GRENOBLE,0033,Boutique Orange - FONTAINE,Roman NOIREZ
0002,"Agence Fontaine, contrat AFEO",AF226698,Rideau,Non,Avenue des Landiers,CHAMBERY,0074,Boutique Orange - FONTAINE,Julien TETU
0002,"Agence Fontaine, contrat AFEO",AF226699,Porte automatique,Non,17 rue Carnot,ANNECY,0054,Boutique Orange - FONTAINE,Kalifa DIOMANDE
0002,"Agence Fontaine, contrat AFEO",AF226700,Rideau,Non,17 rue Carnot,ANNECY,0054,Boutique Orange - FONTAINE,Kalifa DIOMANDE
0002,"Agence Fontaine, contrat AFEO",AF226701,Rideau,Non,17 rue Carnot,ANNECY,0054,Boutique Orange - FONTAINE,Kalifa DIOMANDE
0002,"Agence Fontaine, contrat AFEO",AF226704,Porte automatique,Non,29 rue de Genève,ANNEMASSE,0012,Boutique Orange - FONTAINE,Heithem ABID
0002,"Agence Fontaine, contrat AFEO",AF226705,Rideau,Non,29 rue de Genève,ANNEMASSE,0012,Boutique Orange - FONTAINE,Heithem ABID
0002,"Agence Fontaine, contrat AFEO",AF226706,Rideau,Non,29 rue de Genève,ANNEMASSE,0012,Boutique Orange - FONTAINE,Heithem ABID
0002,"Agence Fontaine, contrat AFEO",AF226707,Rideau,Non,29 rue de Genève,ANNEMASSE,0012,Boutique Orange - FONTAINE,Heithem ABID
0002,"Agence Fontaine, contrat AFEO",AF226708,Rideau,Non,29 rue de Genève,ANNEMASSE,0012,Boutique Orange - FONTAINE,Heithem ABID
0002,"Agence Fontaine, contrat AFEO",AF226709,Rideau,Non,29 rue de Genève,ANNEMASSE,0012,Boutique Orange - FONTAINE,Heithem ABID
0002,"Agence Fontaine, contrat AFEO",AF226710,Rideau,Non,29 rue de Genève,ANNEMASSE,0012,Boutique Orange - FONTAINE,Heithem ABID
0002,"Agence Fontaine, contrat AFEO",AF226711,Rideau,Non,29 rue de Genève,ANNEMASSE,0012,Boutique Orange - FONTAINE,Heithem ABID
0002,"Agence Fontaine, contrat AFEO",AF226718,Ascenseur,Non,130 Route de la gare,ST MARTIN BELLEVUE,0054,SDC LE RENAISSANCE ,Kalifa DIOMANDE
0002,"Agence Fontaine, contrat AFEO",AM02454Y,Portail,Non,825 BD DU DOCTEUR JEAN JULES HERBERT,AIX LES BAINS,0054,HERMES - Aix Les Bains,Kalifa DIOMANDE
0002,"Agence Fontaine, contrat AFEO",AM02457Y,Portail,Non,825 BD DU DOCTEUR JEAN JULES HERBERT,AIX LES BAINS,0054,HERMES - Aix Les Bains,Kalifa DIOMANDE
0002,"Agence Fontaine, contrat AFEO",AM02460Y,Portail,Non,825 BD DU DOCTEUR JEAN JULES HERBERT,AIX LES BAINS,0054,HERMES - Aix Les Bains,Kalifa DIOMANDE
0002,"Agence Fontaine, contrat AFEO",AM02465Y,Rideau,Non,825 BD DU DOCTEUR JEAN JULES HERBERT,AIX LES BAINS,0054,HERMES - Aix Les Bains,Kalifa DIOMANDE
0002,"Agence Fontaine, contrat AFEO",AM02466Y,Porte piétonne,Non,825 BD DU DOCTEUR JEAN JULES HERBERT,AIX LES BAINS,0054,HERMES - Aix Les Bains,Kalifa DIOMANDE
0002,"Agence Fontaine, contrat AFEO",AF226724,Porte piétonne,Non,825 BD DU DOCTEUR JEAN JULES HERBERT,AIX LES BAINS,0054,HERMES - Aix Les Bains,Kalifa DIOMANDE
0002,"Agence Fontaine, contrat AFEO",AM02467Y,Barrière Levante,Non,825 BD DU DOCTEUR JEAN JULES HERBERT,AIX LES BAINS,0054,HERMES - Aix Les Bains,Kalifa DIOMANDE
0002,"Agence Fontaine, contrat AFEO",AM02468Y,Rideau,Non,825 BD DU DOCTEUR JEAN JULES HERBERT,AIX LES BAINS,0054,HERMES - Aix Les Bains,Kalifa DIOMANDE
0002,"Agence Fontaine, contrat AFEO",AF226727,Porte piétonne,Non,825 BD DU DOCTEUR JEAN JULES HERBERT,AIX LES BAINS,0054,HERMES - Aix Les Bains,Kalifa DIOMANDE
0002,"Agence Fontaine, contrat AFEO",AF226728,Porte sectionnelle,Non,825 BD DU DOCTEUR JEAN JULES HERBERT,AIX LES BAINS,0054,HERMES - Aix Les Bains,Kalifa DIOMANDE
0002,"Agence Fontaine, contrat AFEO",AF226729,Porte sectionnelle,Non,825 BD DU DOCTEUR JEAN JULES HERBERT,AIX LES BAINS,0054,HERMES - Aix Les Bains,Kalifa DIOMANDE
0002,"Agence Fontaine, contrat AFEO",AF226730,Niveleur de quai,Non,825 BD DU DOCTEUR JEAN JULES HERBERT,AIX LES BAINS,0054,HERMES - Aix Les Bains,Kalifa DIOMANDE
0002,"Agence Fontaine, contrat AFEO",AF226731,Porte piétonne,Non,825 BD DU DOCTEUR JEAN JULES HERBERT,AIX LES BAINS,0054,HERMES - Aix Les Bains,Kalifa DIOMANDE
0002,"Agence Fontaine, contrat AFEO",AF226732,Porte piétonne,Non,825 BD DU DOCTEUR JEAN JULES HERBERT,AIX LES BAINS,0054,HERMES - Aix Les Bains,Kalifa DIOMANDE
0002,"Agence Fontaine, contrat AFEO",AF226733,Porte piétonne,Non,825 BD DU DOCTEUR JEAN JULES HERBERT,AIX LES BAINS,0054,HERMES - Aix Les Bains,Kalifa DIOMANDE
0002,"Agence Fontaine, contrat AFEO",AF226734,Porte piétonne,Non,825 BD DU DOCTEUR JEAN JULES HERBERT,AIX LES BAINS,0054,HERMES - Aix Les Bains,Kalifa DIOMANDE
0002,"Agence Fontaine, contrat AFEO",AF226735,Ascenseur,Non,825 BD DU DOCTEUR JEAN JULES HERBERT,AIX LES BAINS,0054,HERMES - Aix Les Bains,Kalifa DIOMANDE
0002,"Agence Fontaine, contrat AFEO",AM02469Y,Portail,Non,47 route des Ecassaz,BELLEY,0058,Hermes - Belley,Olivier VUILLAUME 
0002,"Agence Fontaine, contrat AFEO",AM02473Y,Portail,Non,47 route des Ecassaz,BELLEY,0058,Hermes - Belley,Olivier VUILLAUME 
0002,"Agence Fontaine, contrat AFEO",AM02474Y,Portail,Non,47 route des Ecassaz,BELLEY,0058,Hermes - Belley,Olivier VUILLAUME 
0002,"Agence Fontaine, contrat AFEO",AM02475Y,Porte sectionnelle,Non,47 route des Ecassaz,BELLEY,0058,Hermes - Belley,Olivier VUILLAUME 
0002,"Agence Fontaine, contrat AFEO",AF226741,Porte piétonne,Non,47 route des Ecassaz,BELLEY,0058,Hermes - Belley,Olivier VUILLAUME 
0002,"Agence Fontaine, contrat AFEO",AF226742,Porte piétonne,Non,47 route des Ecassaz,BELLEY,0058,Hermes - Belley,Olivier VUILLAUME 
0002,"Agence Fontaine, contrat AFEO",AF226743,Rideau,Non,47 route des Ecassaz,BELLEY,0058,Hermes - Belley,Olivier VUILLAUME 
0002,"Agence Fontaine, contrat AFEO",AF226744,Rideau,Non,47 route des Ecassaz,BELLEY,0058,Hermes - Belley,Olivier VUILLAUME 
0002,"Agence Fontaine, contrat AFEO",AF226745,Porte piétonne,Non,47 route des Ecassaz,BELLEY,0058,Hermes - Belley,Olivier VUILLAUME 
0002,"Agence Fontaine, contrat AFEO",AM02490Y,Porte piétonne,Non,163 route de Bonnet Gris,LES ABRETS EN DAUPHINE,0062,Hermes - Fitilieu,Olivier VUILLAUME 
0002,"Agence Fontaine, contrat AFEO",AM02491Y,Porte piétonne,Non,163 route de Bonnet Gris,LES ABRETS EN DAUPHINE,0062,Hermes - Fitilieu,Olivier VUILLAUME 
0002,"Agence Fontaine, contrat AFEO",AM02492Y,Porte piétonne,Non,163 route de Bonnet Gris,LES ABRETS EN DAUPHINE,0062,Hermes - Fitilieu,Olivier VUILLAUME 
0002,"Agence Fontaine, contrat AFEO",AM02493Y,Porte piétonne,Non,163 route de Bonnet Gris,LES ABRETS EN DAUPHINE,0062,Hermes - Fitilieu,Olivier VUILLAUME 
0002,"Agence Fontaine, contrat AFEO",AM02494Y,Porte piétonne,Non,163 route de Bonnet Gris,LES ABRETS EN DAUPHINE,0062,Hermes - Fitilieu,Olivier VUILLAUME 
0002,"Agence Fontaine, contrat AFEO",AM02495Y,Porte piétonne,Non,163 route de Bonnet Gris,LES ABRETS EN DAUPHINE,0062,Hermes - Fitilieu,Olivier VUILLAUME 
0002,"Agence Fontaine, contrat AFEO",AM02496Y,Porte piétonne,Non,163 route de Bonnet Gris,LES ABRETS EN DAUPHINE,0062,Hermes - Fitilieu,Olivier VUILLAUME 
0002,"Agence Fontaine, contrat AFEO",AM02497Y,Porte Souple ,Non,163 route de Bonnet Gris,LES ABRETS EN DAUPHINE,0062,Hermes - Fitilieu,Olivier VUILLAUME 
0002,"Agence Fontaine, contrat AFEO",AM02498Y,Rideau,Non,163 route de Bonnet Gris,LES ABRETS EN DAUPHINE,0062,Hermes - Fitilieu,Olivier VUILLAUME 
0002,"Agence Fontaine, contrat AFEO",AM02499Y,Porte sectionnelle,Non,163 route de Bonnet Gris,LES ABRETS EN DAUPHINE,0062,Hermes - Fitilieu,Olivier VUILLAUME 
0002,"Agence Fontaine, contrat AFEO",AM02500Y,Porte Souple ,Non,163 route de Bonnet Gris,LES ABRETS EN DAUPHINE,0062,Hermes - Fitilieu,Olivier VUILLAUME 
0002,"Agence Fontaine, contrat AFEO",AM02501Y,Portail,Non,163 route de Bonnet Gris,LES ABRETS EN DAUPHINE,0062,Hermes - Fitilieu,Olivier VUILLAUME 
0002,"Agence Fontaine, contrat AFEO",AM02503Y,Portail,Non,163 route de Bonnet Gris,LES ABRETS EN DAUPHINE,0062,Hermes - Fitilieu,Olivier VUILLAUME 
0002,"Agence Fontaine, contrat AFEO",AF226760,Borne escamotable,Non,163 route de Bonnet Gris,LES ABRETS EN DAUPHINE,0062,Hermes - Fitilieu,Olivier VUILLAUME 
0002,"Agence Fontaine, contrat AFEO",AM02476Y,Rideau,Non,rue Victor Hugo,LES ABRETS EN DAUPHINE,0062,Hermes - Les Abrets,Olivier VUILLAUME 
0002,"Agence Fontaine, contrat AFEO",AM02477Y,Rideau,Non,rue Victor Hugo,LES ABRETS EN DAUPHINE,0062,Hermes - Les Abrets,Olivier VUILLAUME 
0002,"Agence Fontaine, contrat AFEO",AM02478Y,Rideau,Non,rue Victor Hugo,LES ABRETS EN DAUPHINE,0062,Hermes - Les Abrets,Olivier VUILLAUME 
0002,"Agence Fontaine, contrat AFEO",AM02479Y,Portail,Non,rue Victor Hugo,LES ABRETS EN DAUPHINE,0062,Hermes - Les Abrets,Olivier VUILLAUME 
0002,"Agence Fontaine, contrat AFEO",AM02480Y,Portail,Non,rue Victor Hugo,LES ABRETS EN DAUPHINE,0062,Hermes - Les Abrets,Olivier VUILLAUME 
0002,"Agence Fontaine, contrat AFEO",AM02482Y,Rideau,Non,rue Victor Hugo,LES ABRETS EN DAUPHINE,0062,Hermes - Les Abrets,Olivier VUILLAUME 
0002,"Agence Fontaine, contrat AFEO",AM02483Y,Porte piétonne,Non,rue Victor Hugo,LES ABRETS EN DAUPHINE,0062,Hermes - Les Abrets,Olivier VUILLAUME 
0002,"Agence Fontaine, contrat AFEO",AM02484Y,Porte piétonne,Non,rue Victor Hugo,LES ABRETS EN DAUPHINE,0062,Hermes - Les Abrets,Olivier VUILLAUME 
0002,"Agence Fontaine, contrat AFEO",AM02485Y,Porte piétonne,Non,rue Victor Hugo,LES ABRETS EN DAUPHINE,0062,Hermes - Les Abrets,Olivier VUILLAUME 
0002,"Agence Fontaine, contrat AFEO",AM02486Y,Porte piétonne,Non,rue Victor Hugo,LES ABRETS EN DAUPHINE,0062,Hermes - Les Abrets,Olivier VUILLAUME 
0002,"Agence Fontaine, contrat AFEO",AM02487Y,Rideau,Non,rue Victor Hugo,LES ABRETS EN DAUPHINE,0062,Hermes - Les Abrets,Olivier VUILLAUME 
0002,"Agence Fontaine, contrat AFEO",AM02488Y,Rideau,Non,rue Victor Hugo,LES ABRETS EN DAUPHINE,0062,Hermes - Les Abrets,Olivier VUILLAUME 
0002,"Agence Fontaine, contrat AFEO",AM02489Y,Rideau,Non,rue Victor Hugo,LES ABRETS EN DAUPHINE,0062,Hermes - Les Abrets,Olivier VUILLAUME 
0002,"Agence Fontaine, contrat AFEO",AM15494Y,Niveleur de quai,Non,rue Victor Hugo,LES ABRETS EN DAUPHINE,0062,Hermes - Les Abrets,Olivier VUILLAUME 
0002,"Agence Fontaine, contrat AFEO",AM15497Y,Rideau métallique,Non,rue Victor Hugo,LES ABRETS EN DAUPHINE,0062,Hermes - Les Abrets,Olivier VUILLAUME 
0002,"Agence Fontaine, contrat AFEO",AM15498Y,Rideau métallique,Non,rue Victor Hugo,LES ABRETS EN DAUPHINE,0062,Hermes - Les Abrets,Olivier VUILLAUME 
0002,"Agence Fontaine, contrat AFEO",AF226779,Porte piétonne,Non,rue Victor Hugo,LES ABRETS EN DAUPHINE,0062,Hermes - Les Abrets,Olivier VUILLAUME 
0002,"Agence Fontaine, contrat AFEO",AF226780,Porte piétonne,Non,rue Victor Hugo,LES ABRETS EN DAUPHINE,0062,Hermes - Les Abrets,Olivier VUILLAUME 
0002,"Agence Fontaine, contrat AFEO",AF226781,Porte piétonne,Non,rue Victor Hugo,LES ABRETS EN DAUPHINE,0062,Hermes - Les Abrets,Olivier VUILLAUME 
0002,"Agence Fontaine, contrat AFEO",CM 000 056,EPMR elevtr pr pers a mobilité reduite,Non,240 Chemin de la Résistance,BEAUREPAIRE,0030,Monsieur et Madame MANDON,Karim MOKNECHE
0002,"Agence Fontaine, contrat AFEO",AF226792,Monte-escaliers ,Non,16 avenue Frédéric Joliot-Cuire,ECHIROLLES,0052,Madame FERRER,Martin DO NASCIMENTO
0002,"Agence Fontaine, contrat AFEO",AF226794,Porte de garage,Non,112 rue Sadi Carnot,RIVES SUR FURE,0022,SDC LES BALCONS DE L'ORGERE,Jean-Paul SCARINGELLA
0002,"Agence Fontaine, contrat AFEO",AF226795,Barrière Levante,Non,112 rue Sadi Carnot,RIVES SUR FURE,0022,SDC LES BALCONS DE L'ORGERE,Jean-Paul SCARINGELLA
0002,"Agence Fontaine, contrat AFEO",AF226796,Ascenseur,Non,112 rue Sadi Carnot,RIVES SUR FURE,0022,SDC LES BALCONS DE L'ORGERE,Jean-Paul SCARINGELLA
0002,"Agence Fontaine, contrat AFEO",AF226800,Ascenseur,Non,641 avenue de la République,GUILHERAND GRANGES,0030,HOTEL ALPES CEVENNES,Karim MOKNECHE
0002,"Agence Fontaine, contrat AFEO",AF226802,Elévateur,Non,117 B Chemin du Rocher de la Bourgeoisie ,ST PAUL DE VARCES,0052,Mr et Mme BALI,Martin DO NASCIMENTO
0002,"Agence Fontaine, contrat AFEO",AF226808,Ascenseur,Non,268 boulevard des Epinettes Ascenseur Batiment Ancolie,DIVONNE LES BAINS,0012,S 546 - DIVONA PARK 1,Heithem ABID
0002,"Agence Fontaine, contrat AFEO",AF226809,Ascenseur,Non,268 boulevard des Epinettes Ascenseur Bâtiment Bardane,DIVONNE LES BAINS,0012,S 546 - DIVONA PARK 1,Heithem ABID
0002,"Agence Fontaine, contrat AFEO",AF226810,Ascenseur,Non,268 boulevard des Epinettes Ascenseur Bâtiment Crocus,DIVONNE LES BAINS,0012,S 546 - DIVONA PARK 1,Heithem ABID
0002,"Agence Fontaine, contrat AFEO",AF226811,Ascenseur,Non,268 boulevard des Epinettes Ascenseur Bâtiment Daintus,DIVONNE LES BAINS,0012,S 546 - DIVONA PARK 1,Heithem ABID
0002,"Agence Fontaine, contrat AFEO",AF226812,Ascenseur,Non,268 boulevard des Epinettes Ascenseur Edelweiss,DIVONNE LES BAINS,0012,S 546 - DIVONA PARK 1,Heithem ABID
0002,"Agence Fontaine, contrat AFEO",AF226813,Ascenseur,Non,268 boulevard des Epinettes Ascenseur Fuschia,DIVONNE LES BAINS,0012,S 546 - DIVONA PARK 1,Heithem ABID
0002,"Agence Fontaine, contrat AFEO",AF226815,Porte automatique,Non,115 avenue de Saint Martin,SALLANCHES,0054,VILLE DE SALLANCHES ,Kalifa DIOMANDE
0002,"Agence Fontaine, contrat AFEO",AF226816,Porte automatique,Non,115 avenue de Saint Martin,SALLANCHES,0054,VILLE DE SALLANCHES ,Kalifa DIOMANDE
0002,"Agence Fontaine, contrat AFEO",AF226818,Ascenseur,Non,268 boulevard des Epinettes Ascenseur Fragaria,DIVONNE LES BAINS,0012,S 546 - DIVONA PARK 1,Heithem ABID
0002,"Agence Fontaine, contrat AFEO",AF226879,Ascenseur,Non,ZI - LA BARONNIE ,PONT DE BEAUVOISIN,0074,SCI LE CHALET ,Julien TETU
0002,"Agence Fontaine, contrat AFEO",AF226880,EPMR elevtr pr pers a mobilité reduite,Non,116 COURS DE LA LIBERATION ,GRENOBLE ,0052,KYRIAD GRENOBLE ,Martin DO NASCIMENTO
0002,"Agence Fontaine, contrat AFEO",AF226884,Porte de garage,Non,534 MONTEE DE LA CREUSE ,JARRIE,0033,SDC Le Petit Crey ,Roman NOIREZ
0002,"Agence Fontaine, contrat AFEO",AF226899,Parking automatisé,Non,6 Avenue Aristide Briand,FONTAINE,0033,BOTICELLI,Roman NOIREZ
0002,"Agence Fontaine, contrat AFEO",AF226900,Parking automatisé,Non,6 avenue Aristide Briand ,FONTAINE,0033,BOTICELLI,Roman NOIREZ
0002,"Agence Fontaine, contrat AFEO",AF226901,Parking automatisé,Non,6 avenue Aristide Briand ,FONTAINE,0033,BOTICELLI,Roman NOIREZ
0002,"Agence Fontaine, contrat AFEO",AF226902,Parking automatisé,Non,6 avenue Aristide Briand ,FONTAINE,0033,BOTICELLI,Roman NOIREZ
0002,"Agence Fontaine, contrat AFEO",AF226903,Parking automatisé,Non,6 avenue Aristide Briand ,FONTAINE,0033,BOTICELLI,Roman NOIREZ
0002,"Agence Fontaine, contrat AFEO",AF226904,Parking automatisé,Non,6 Avenue Aristide Briand ,FONTAINE,0033,BOTICELLI,Roman NOIREZ
0002,"Agence Fontaine, contrat AFEO",AF226905,Parking automatisé,Non,6 avenue Aristide Briand ,FONTAINE,0033,BOTICELLI,Roman NOIREZ
0002,"Agence Fontaine, contrat AFEO",AF226906,Parking automatisé,Non,6 avenue Aristide Briand ,FONTAINE,0033,BOTICELLI,Roman NOIREZ
0002,"Agence Fontaine, contrat AFEO",AF226907,Parking automatisé,Non,6 avenue Aristide Briand ,FONTAINE,0033,BOTICELLI,Roman NOIREZ
0002,"Agence Fontaine, contrat AFEO",AF226908,Parking automatisé,Non,9 avenue Aristide Briand ,FONTAINE,0033,BOTICELLI,Roman NOIREZ
0002,"Agence Fontaine, contrat AFEO",AF226909,Parking automatisé,Non,6 avenue Aristide Briand,FONTAINE,0033,BOTICELLI,Roman NOIREZ
0002,"Agence Fontaine, contrat AFEO",AF226910,Parking automatisé,Non,6 avenue Aristide Briand ,FONTAINE,0033,BOTICELLI,Roman NOIREZ
0002,"Agence Fontaine, contrat AFEO",AF226911,Parking automatisé,Non,6 avenue Aristide Briand ,FONTAINE,0033,BOTICELLI,Roman NOIREZ
0002,"Agence Fontaine, contrat AFEO",AF226912,Parking automatisé,Non,6 avenue Aristide Briand ,FONTAINE,0033,BOTICELLI,Roman NOIREZ
0002,"Agence Fontaine, contrat AFEO",AF226913,Parking automatisé,Non,6 avenue Aristide Briand ,FONTAINE,0033,BOTICELLI,Roman NOIREZ
0002,"Agence Fontaine, contrat AFEO",AF226914,Parking automatisé,Non,6 avenue Aristide Briand ,FONTAINE,0033,BOTICELLI,Roman NOIREZ
0002,"Agence Fontaine, contrat AFEO",AF226915,Parking automatisé,Non,6 avenue Aristide Briand ,FONTAINE,0033,BOTICELLI,Roman NOIREZ
0002,"Agence Fontaine, contrat AFEO",AF226917,Monte-escaliers ,Non,20 CHEMIN DU BOIS CORNAGE ,VIZILLE,0052,M. Marc BROG ,Martin DO NASCIMENTO
0002,"Agence Fontaine, contrat AFEO",CM 000 048,Elévateur,Non,224 B Route de Rieux,MONTBONNOT,0033,EAP FRANCE SAS,Roman NOIREZ
0002,"Agence Fontaine, contrat AFEO",AF226938,Portail,Non,120 148 186 CHEMIN DES HERISSONS ,PREVESSINS -MOENS ,0012,S 550 - SDC VILLA MATHILDA,Heithem ABID
0002,"Agence Fontaine, contrat AFEO",AF226939,Portail,Non,120 148 186 CHEMIN DES HERISSONS ,PREVESSINS -MOENS ,0012,S 550 - SDC VILLA MATHILDA,Heithem ABID
0002,"Agence Fontaine, contrat AFEO",AF226940,Porte de garage,Non,120 148 186 CHEMIN DES HERISSONS ,PREVESSINS -MOENS ,0012,S 550 - SDC VILLA MATHILDA,Heithem ABID
0002,"Agence Fontaine, contrat AFEO",AF226941,Porte de garage,Non,120 148 186 CHEMIN DES HERISSONS ,PREVESSINS -MOENS ,0012,S 550 - SDC VILLA MATHILDA,Heithem ABID
0002,"Agence Fontaine, contrat AFEO",AF226954,Rideau métallique,Non,"1, Chemin de la Croix Rouge ",ANNECY,0054, LP PROMOTION ,Kalifa DIOMANDE
0002,"Agence Fontaine, contrat AFEO",AF226957,Porte de garage,Non,35 RUE DE LA MAIRIE ,ST ETIENNE DE CROSSEY,0022,SDC LE RELAIS DE LA MARMOTTE,Jean-Paul SCARINGELLA
0002,"Agence Fontaine, contrat AFEO",AF236959,Porte de garage,Non,138 Route de la Douane,SAUVERNY,0012,S 552 - SDC SAUVERNY VILLAGE,Heithem ABID
0002,"Agence Fontaine, contrat AFEO",AF226963,EPMR elevtr pr pers a mobilité reduite,Non,COURCHEVEL 1850,COURCHEVEL ,0029,LE CAMP DE BASE ,Houssam BOUAZIZ
0002,"Agence Fontaine, contrat AFEO",AC3281,Ascenseur,Oui,50 rue des Alpes B.P,TOURNON SUR RHONE,0030,GHT RHONE VERCORS VIVARAIS ,Karim MOKNECHE
0002,"Agence Fontaine, contrat AFEO",AC3282,Ascenseur,Non,50 rue des Alpes B.P,TOURNON SUR RHONE,0030,GHT RHONE VERCORS VIVARAIS ,Karim MOKNECHE
0002,"Agence Fontaine, contrat AFEO",AC3283,Ascenseur,Non,50 rue des Alpes B.P,TOURNON SUR RHONE,0030,GHT RHONE VERCORS VIVARAIS ,Karim MOKNECHE
0002,"Agence Fontaine, contrat AFEO",AC3284,Ascenseur,Non,50 rue des Alpes B.P,TOURNON SUR RHONE,0030,GHT RHONE VERCORS VIVARAIS ,Karim MOKNECHE
0002,"Agence Fontaine, contrat AFEO",AC3285,Ascenseur,Non,50 rue des Alpes B.P,TOURNON SUR RHONE,0030,GHT RHONE VERCORS VIVARAIS ,Karim MOKNECHE
0002,"Agence Fontaine, contrat AFEO",AC3286,Ascenseur,"Oui, Devis en attente de validation",50 rue des Alpes B.P,TOURNON SUR RHONE,0030,GHT RHONE VERCORS VIVARAIS ,Karim MOKNECHE
0002,"Agence Fontaine, contrat AFEO",AC3287,Ascenseur,Non,50 rue des Alpes B.P,TOURNON SUR RHONE,0030,GHT RHONE VERCORS VIVARAIS ,Karim MOKNECHE
0002,"Agence Fontaine, contrat AFEO",AC3288,Ascenseur,Non,50 rue des Alpes B.P,TOURNON SUR RHONE,0030,GHT RHONE VERCORS VIVARAIS ,Karim MOKNECHE
0002,"Agence Fontaine, contrat AFEO",AC3289,Ascenseur,Non,50 rue des Alpes B.P,TOURNON SUR RHONE,0030,GHT RHONE VERCORS VIVARAIS ,Karim MOKNECHE
0002,"Agence Fontaine, contrat AFEO",AF237008,Porte automatique,Non,3 AVENUE DU 08 MAI 1945,ECHIROLLES,0033,SDC MEDICENTRE,Roman NOIREZ
0002,"Agence Fontaine, contrat AFEO",AF237014,Ascenseur,Non,RUE DE LA SCIERIE ,VILLARD BONNOT,0033,LPV LOGEMENT DU PAYS DE VIZILLE,Roman NOIREZ
0002,"Agence Fontaine, contrat AFEO",AF237032,Ascenseur,Non,"584, Avenue d'Uriage ",VAULNAVEYS LE HAUT,0052,MAIRIE DE VAULNAVEYS LE HAUT ,Martin DO NASCIMENTO
0002,"Agence Fontaine, contrat AFEO",AF237033,Ascenseur,Non,25 Avenue Marcellin Berthelot ,GRENOBLE,0028,MONGE PERETTO,Xavier VICTORION
0002,"Agence Fontaine, contrat AFEO",AF237034,Ascenseur,Non,27 Allée Marcellin Berthelot ,GRENOBLE,0028,MONGE PERETTO,Xavier VICTORION
0002,"Agence Fontaine, contrat AFEO",AF237035,Ascenseur,Non,29 Avenue Marcellin Berthelot ,GRENOBLE,0028,MONGE PERETTO,Xavier VICTORION
0002,"Agence Fontaine, contrat AFEO",AF237038,EPMR elevtr pr pers a mobilité reduite,Non,10 Bis rue de la Cécile,VALENCE,0030,SNEF ORANGE ASCENSEURS DROME - ARDECHE,Karim MOKNECHE
0002,"Agence Fontaine, contrat AFEO",HC237041,Porte sectionnelle,Non,3 Rue des Abattoirs ,ST EGREVE,0033,HOMEBOX,Roman NOIREZ
0002,"Agence Fontaine, contrat AFEO",AM27930X,Ascenseur,Non,QUARTIER GRATENAS CHEMIN DE CHEVILLONNE,Privas,0030,SNEF ORANGE ASCENSEURS DROME - ARDECHE,Karim MOKNECHE
0002,"Agence Fontaine, contrat AFEO",AM27932X,Ascenseur,Non,10 BIS RUE DE LA CECILE,VALENCE,0030,SNEF ORANGE ASCENSEURS DROME - ARDECHE,Karim MOKNECHE
0002,"Agence Fontaine, contrat AFEO",AM27933X,Ascenseur,Non,10 BIS RUE DE LA CECILE,VALENCE,0030,SNEF ORANGE ASCENSEURS DROME - ARDECHE,Karim MOKNECHE
0002,"Agence Fontaine, contrat AFEO",AF237050,Monte-Charge,Non,10 BIS RUE DE LA CECILE,VALENCE,0030,SNEF ORANGE ASCENSEURS DROME - ARDECHE,Karim MOKNECHE
0002,"Agence Fontaine, contrat AFEO",AF237053,EPMR elevtr pr pers a mobilité reduite,Non,10 CHEMIN DE LA MANCHE,MONTELIMAR,0030,SNEF ORANGE ASCENSEURS DROME - ARDECHE,Karim MOKNECHE
0002,"Agence Fontaine, contrat AFEO",AF237058,Portail,Non,138 Route de la Douane,SAUVERNY,0012,S 552 - SDC SAUVERNY VILLAGE,Heithem ABID
0002,"Agence Fontaine, contrat AFEO",AF237063,Rideau,Non,"183 B, Le Chalet ",LE PONT DE BEAUVOISIN,0062,La Vaposphère,Olivier VUILLAUME 
0002,"Agence Fontaine, contrat AFEO",AF237064,Rideau,Non,"183 B, Le Chalet ",LE PONT DE BEAUVOISIN,0062,La Vaposphère,Olivier VUILLAUME 
0002,"Agence Fontaine, contrat AFEO",AF237067,Porte de garage,Non,76 Grande Rue Les Portes,Divonne les Bains ,0012,S 501 - SDC DIVONNE CENTRE,Heithem ABID
0002,"Agence Fontaine, contrat AFEO",AF237068,Porte de garage,Non,76 Grande Rue Les Portes,Divonne les Bains ,0012,S 501 - SDC DIVONNE CENTRE,Heithem ABID
0002,"Agence Fontaine, contrat AFEO",AF237069,Porte de garage,Non,76 Grande Rue Les Portes,Divonne les Bains ,0012,S 501 - SDC DIVONNE CENTRE,Heithem ABID
0002,"Agence Fontaine, contrat AFEO",AF237070,Porte de garage,Non,76 Grande Rue Les Portes,Divonne les Bains ,0012,S 501 - SDC DIVONNE CENTRE,Heithem ABID
0002,"Agence Fontaine, contrat AFEO",AF237071,Porte de garage,Non,76 Grande Rue Les Portes,Divonne les Bains ,0012,S 501 - SDC DIVONNE CENTRE,Heithem ABID
0002,"Agence Fontaine, contrat AFEO",AF237072,Barrière Levante,Non,76 Grande Rue Les Portes,Divonne les Bains ,0012,S 501 - SDC DIVONNE CENTRE,Heithem ABID
0002,"Agence Fontaine, contrat AFEO",AF237073,Barrière Levante,Non,76 Grande Rue Les Portes,Divonne les Bains ,0012,S 501 - SDC DIVONNE CENTRE,Heithem ABID
0002,"Agence Fontaine, contrat AFEO",AF237074,Barrière Levante,Non,76 Grande Rue Les Portes,Divonne les Bains ,0012,S 501 - SDC DIVONNE CENTRE,Heithem ABID
0002,"Agence Fontaine, contrat AFEO",AF237086,Ascenseur,Non,Route de Meyrin ,FERNEY VOLTAIRE,0012,ESPACE CANDIDE ,Heithem ABID
0002,"Agence Fontaine, contrat AFEO",AF237087,Portail,"Oui, Travaux",18 Rue Vincent D'indy ,TOURNON SUR RHONE,0030,RESIDENCE AMAYA ,Karim MOKNECHE
0002,"Agence Fontaine, contrat AFEO",AF237088,Portail,Non,18 Rue Vincent D'Indy ,TOURNON SUR RHONE,0030,RESIDENCE AMAYA ,Karim MOKNECHE
0002,"Agence Fontaine, contrat AFEO",AF237109,Porte sectionnelle motorisée,Non,3 Rue des Abattoirs,ST EGREVE,0033,HOMEBOX ,Roman NOIREZ
0002,"Agence Fontaine, contrat AFEO",AF237110,Porte sectionnelle motorisée,Non,3 Rue des Abattoirs  ,ST EGREVE,0033,HOMEBOX ,Roman NOIREZ
0002,"Agence Fontaine, contrat AFEO",AF237111,Porte sectionnelle,Non,3 Rue des Abattoirs,ST EGREVE,0033,HOMEBOX ,Roman NOIREZ
0002,"Agence Fontaine, contrat AFEO",AF237112,Porte sectionnelle,Non,3 Rue des Abattoirs,ST EGREVE,0033,HOMEBOX ,Roman NOIREZ
0002,"Agence Fontaine, contrat AFEO",AF237113,Porte sectionnelle,Non,3 Rue des Abattoirs,ST EGREVE,0033,HOMEBOX ,Roman NOIREZ
0002,"Agence Fontaine, contrat AFEO",AF237114,Porte sectionnelle,Non,3 Rue des Abattoirs,ST EGREVE,0033,HOMEBOX ,Roman NOIREZ
0002,"Agence Fontaine, contrat AFEO",AF237115,Porte sectionnelle,Non,3 Rue des Abattoirs ,ST EGREVE,0033,HOMEBOX ,Roman NOIREZ
0002,"Agence Fontaine, contrat AFEO",AF237116,Porte sectionnelle,Non,3 Rue des Abattoirs,ST EGREVE,0033,HOMEBOX ,Roman NOIREZ
0002,"Agence Fontaine, contrat AFEO",AF237117,Porte sectionnelle,Non,3 Eue des Abattoirs,ST EGREVE,0033,HOMEBOX ,Roman NOIREZ
0002,"Agence Fontaine, contrat AFEO",AF237118,Porte sectionnelle,Non,3 Rue des Abattoirs,ST EGREVE,0033,HOMEBOX ,Roman NOIREZ
0002,"Agence Fontaine, contrat AFEO",AF237119,Plate-Forme,Non,3 Rue des Abattoirs,ST EGREVE,0033,HOMEBOX ,Roman NOIREZ
0002,"Agence Fontaine, contrat AFEO",AF237137,Barrière Levante,Non,3 Rue des Abattoirs,ST EGREVE,0033,HOMEBOX ,Roman NOIREZ
0002,"Agence Fontaine, contrat AFEO",AF237138,Barrière Levante,Non,3 Rue des Abattoirs,ST EGREVE,0033,HOMEBOX ,Roman NOIREZ
0002,"Agence Fontaine, contrat AFEO",AF237139,Barrière Levante,Non,3 Rue des Abattoirs,ST EGREVE,0033,HOMEBOX ,Roman NOIREZ
0002,"Agence Fontaine, contrat AFEO",AF237172,Ascenseur,Non,163 route de Bonnet Gris,LES ABRETS EN DAUPHINE,0074,Hermes - Fitilieu,Julien TETU
0002,"Agence Fontaine, contrat AFEO",AF237173,EPMR elevtr pr pers a mobilité reduite,Non,163 Route de Bonnet  Gris ,LES ABRETS EN DAUPHINE,0074,Hermes - Fitilieu,Julien TETU
0002,"Agence Fontaine, contrat AFEO",AF237174,Porte piétonne,Non,163 Route de Bonnet Gris ,LES ABRETS EN DAUPHINE,0062,Hermes - Fitilieu,Olivier VUILLAUME 
0002,"Agence Fontaine, contrat AFEO",AF237176,Porte piétonne,Non,163 Route de Bonnet Gris ,LES ABRETS EN DAUPHINE,0062,Hermes - Fitilieu,Olivier VUILLAUME 
0002,"Agence Fontaine, contrat AFEO",AF237177,Porte sectionnelle,Non,Rue Victor Hugo ,LES ABRETS EN DAUPHINE,0062,Hermes - Les Abrets,Olivier VUILLAUME 
0002,"Agence Fontaine, contrat AFEO",AF237178,Niveleur de quai,Non,825 BD DU DOCTEUR JEAN JULES HERBERT,AIX LES BAINS,0054,HERMES - Aix Les Bains,Kalifa DIOMANDE
0002,"Agence Fontaine, contrat AFEO",AF237180,Portail,Non,56 impasse des fauvettes,PREVESSIN MOENS,0012,SDC VILLA SIMA,Heithem ABID
0002,"Agence Fontaine, contrat AFEO",AF237182,EPMR elevtr pr pers a mobilité reduite,Non,6 Rue du 05 Juillet 1944,LE CHEYLARD,0030,CASRA RHONE-ALPES,Karim MOKNECHE
0002,"Agence Fontaine, contrat AFEO",AF237183,Ascenseur,Non,La Grive 643,BOURGOIN JALLIEU,0070,CASRA RHONE-ALPES,Guillaume LANGLOIS
0002,"Agence Fontaine, contrat AFEO",AF237184,EPMR elevtr pr pers a mobilité reduite,Non,47 Avenue Marcellin Berthelot,GRENOBLE,0028,CASRA RHONE-ALPES,Xavier VICTORION
0002,"Agence Fontaine, contrat AFEO",AF237187,EPMR elevtr pr pers a mobilité reduite,Non,281 avenue du Géneral de Gaulles,VILLARD DE LANS,0052,CASRA RHONE-ALPES,Martin DO NASCIMENTO
0002,"Agence Fontaine, contrat AFEO",AF237189,Ascenseur,Non,35 Rue Joseph Chanrion ,GRENOBLE,0028,GRENOBLE ALPES METROPOLE,Xavier VICTORION
0002,"Agence Fontaine, contrat AFEO",AF237203,Porte de garage,Non,48 Impasse du Baillage,GEX,0012,S 545 - SDC DOMAINE DE TOUGIN 2,Heithem ABID
0002,"Agence Fontaine, contrat AFEO",AF237207,EPMR elevtr pr pers a mobilité reduite,Non,35 Rue de la république,Vizille,0052,CASRA RHONE-ALPES,Martin DO NASCIMENTO
0002,"Agence Fontaine, contrat AFEO",AF237210,Ascenseur,Non,Place Firmin Gautier ,GRENOBLE,0022,PALAIS DE JUSTICE DE GRENOBLE ,Jean-Paul SCARINGELLA
0002,"Agence Fontaine, contrat AFEO",AF237211,Ascenseur,Non,Place Firmin Gautier ,GRENOBLE,0022,PALAIS DE JUSTICE DE GRENOBLE ,Jean-Paul SCARINGELLA
0002,"Agence Fontaine, contrat AFEO",AF237212,Ascenseur,Non,Place Firmin Gautier ,GRENOBLE,0022,PALAIS DE JUSTICE DE GRENOBLE ,Jean-Paul SCARINGELLA
0002,"Agence Fontaine, contrat AFEO",AF237213,Ascenseur,Oui,Place Firmin Gautier ,GRENOBLE,0022,PALAIS DE JUSTICE DE GRENOBLE ,Jean-Paul SCARINGELLA
0002,"Agence Fontaine, contrat AFEO",AF237214,Ascenseur,Non,Place Firmin Gautier ,GRENOBLE,0022,PALAIS DE JUSTICE DE GRENOBLE ,Jean-Paul SCARINGELLA
0002,"Agence Fontaine, contrat AFEO",AF237215,Ascenseur,Non,Place Firmin Gautier ,GRENOBLE,0022,PALAIS DE JUSTICE DE GRENOBLE ,Jean-Paul SCARINGELLA
0002,"Agence Fontaine, contrat AFEO",AF237216,Ascenseur,Non,Place Firmin Gautier ,GRENOBLE,0022,PALAIS DE JUSTICE DE GRENOBLE ,Jean-Paul SCARINGELLA
0002,"Agence Fontaine, contrat AFEO",AF237217,Ascenseur,Non,Place Firmin Gautier ,GRENOBLE,0022,PALAIS DE JUSTICE DE GRENOBLE ,Jean-Paul SCARINGELLA
0002,"Agence Fontaine, contrat AFEO",AF237218,Ascenseur,Non,Place Firmin Gautier ,GRENOBLE,0022,PALAIS DE JUSTICE DE GRENOBLE ,Jean-Paul SCARINGELLA
0002,"Agence Fontaine, contrat AFEO",AF237219,Plate-Forme,Non,Place Firmin Gautier,GRENOBLE,0022,PALAIS DE JUSTICE DE GRENOBLE ,Jean-Paul SCARINGELLA
0002,"Agence Fontaine, contrat AFEO",AF237220,Portail,Non,9 F des Poulnard,Tournon,0030,LE CLOS MARIE ,Karim MOKNECHE
0002,"Agence Fontaine, contrat AFEO",2020-008-69,Monte voiture,Non,8 chemin des fermes,MEGEVE,0054,LUGDUNUM ASCENSEURS,Kalifa DIOMANDE
0002,"Agence Fontaine, contrat AFEO",AF237227,EPMR elevtr pr pers a mobilité reduite,Non,977 route d'Huez,HUEZ,0052,SDC Le Paradis B ,Martin DO NASCIMENTO
0002,"Agence Fontaine, contrat AFEO",AF237234,Portail,Non,279 chemin de Tir-mir,Divonne les bains,0012,SDC HOTEL MONT BLANC,Heithem ABID
0002,"Agence Fontaine, contrat AFEO",2023-018-38,Ascenseur,Non,3 Rue Lazare Carnot,VOIRON,0022,LUGDUNUM ASCENSEURS,Jean-Paul SCARINGELLA
0002,"Agence Fontaine, contrat AFEO",AF237237,Ascenseur,Non,46 Allée des Deux Mondes,GRENOBLE,0052,LES TERRASSES DE MUSSET ,Martin DO NASCIMENTO
0002,"Agence Fontaine, contrat AFEO",AF237238,Ascenseur,Non,46 Allée des Deux Mondes,GRENOBLE,0052,LES TERRASSES DE MUSSET ,Martin DO NASCIMENTO
0002,"Agence Fontaine, contrat AFEO",AF237239,Ascenseur,Non,46 Allée des Deux Mondes,GRENOBLE,0052,LES TERRASSES DE MUSSET ,Martin DO NASCIMENTO
0002,"Agence Fontaine, contrat AFEO",AF237240,Ascenseur,Non,28 BIS AVENUE GENERAL LECLERC,VIENNE,0070,Cours d'Appel de Grenoble ,Guillaume LANGLOIS
0002,"Agence Fontaine, contrat AFEO",AF237242,Porte piétonne,Non,CPH ,VIENNE,0073,Cours d'Appel de Grenoble ,Yann GENIEIS
0002,"Agence Fontaine, contrat AFEO",AF237243,Rideau métallique,Non,CPH ,VIENNE,0073,Cours d'Appel de Grenoble ,Yann GENIEIS
0002,"Agence Fontaine, contrat AFEO",AF237247,Porte automatique,Non,TRIBUNAL DE PROXIMITE,MONTELIMAR,0030,Cours d'Appel de Grenoble ,Karim MOKNECHE
0002,"Agence Fontaine, contrat AFEO",AF237248,Porte automatique,Non,TRIBUNAL DE PROXIMITE,MONTELIMAR,0030,Cours d'Appel de Grenoble ,Karim MOKNECHE
0002,"Agence Fontaine, contrat AFEO",AF237249,Portail,Non,TRIBUNAL JUDICIAIRE ,VALENCE ,0030,Cours d'Appel de Grenoble ,Karim MOKNECHE
0002,"Agence Fontaine, contrat AFEO",AF237250,Portail,Non,TRIBUNAL JUDICIAIRE ,VALENCE ,0030,Cours d'Appel de Grenoble ,Karim MOKNECHE
0002,"Agence Fontaine, contrat AFEO",AF237251,Portail,Non,TRIBUNAL JUDICIAIRE ,VALENCE ,0030,Cours d'Appel de Grenoble ,Karim MOKNECHE
0002,"Agence Fontaine, contrat AFEO",AF237252,Portail,Non,TRIBUNAL JUDICIAIRE ,VALENCE ,0030,Cours d'Appel de Grenoble ,Karim MOKNECHE
0002,"Agence Fontaine, contrat AFEO",AF237253,Porte automatique,Non,TRIBUNAL JUDICIAIRE ,VALENCE,0030,Cours d'Appel de Grenoble ,Karim MOKNECHE
0002,"Agence Fontaine, contrat AFEO",AF237254,Porte automatique,Non,TRIBUNAL JUDICIAIRE ,VALENCE ,0030,Cours d'Appel de Grenoble ,Karim MOKNECHE
0002,"Agence Fontaine, contrat AFEO",AF237255,Porte automatique,Non,TRIBUNAL JUDICIAIRE ,VALENCE ,0030,Cours d'Appel de Grenoble ,Karim MOKNECHE
0002,"Agence Fontaine, contrat AFEO",AF237272,Porte de garage,Non,601 Route du Sougey ,ST ALBAN DE MONTBEL,0074,SIAEP Syndicat du Thiers,Julien TETU
0002,"Agence Fontaine, contrat AFEO",AF237273,Ascenseur,Non,9 Rue des Usines,VOIRON,0022,SDC L'AMARYLLIS,Jean-Paul SCARINGELLA
0002,"Agence Fontaine, contrat AFEO",AF237274,Barrière Levante,Non,Impasse Le Baronnat,VALENCIN,0058,SDC 9014 - ASL LE BARONNAT,Olivier VUILLAUME 
0002,"Agence Fontaine, contrat AFEO",HC237283,Ascenseur,Non,6 RUE DE L INDUSTRIE,FONTANIL CORNILLON,0052,S.R.P.M.,Martin DO NASCIMENTO
0002,"Agence Fontaine, contrat AFEO",AF237291,Porte automatique,Non,21 Place d'Armes,SAINT MARCELLIN,0030,VILLE DE ST MARCELLIN ,Karim MOKNECHE
0002,"Agence Fontaine, contrat AFEO",AF237293,EPMR elevtr pr pers a mobilité reduite,Non,12 RUE AMPERE,GRENOBLE,0068,CENTRE CEMOI,Léna GRAND CLEMENT
0002,"Agence Fontaine, contrat AFEO",AF237299,Ascenseur,Non,20 clos du Buisson,ANNECY LE VIEUX,0054,SDC LES CAPUCINES 3,Kalifa DIOMANDE
0002,"Agence Fontaine, contrat AFEO",AF237300,Ascenseur,Non,19 clos du Buisson,ANNECY LE VIEUX,0054,SDC LES CAPUCINES 3,Kalifa DIOMANDE
0002,"Agence Fontaine, contrat AFEO",HC237304,Porte automatique,Non,59 route des Morats,VEYRIER DU LAC,0029,Andrée LAURENT,Houssam BOUAZIZ
0002,"Agence Fontaine, contrat AFEO",HC237311,Barrière Levante,Non,20 clos du Buisson,ANNECY LE VIEUX,0029,SDC LES CAPUCINES 3,Houssam BOUAZIZ
0002,"Agence Fontaine, contrat AFEO",AF237315,Ascenseur,Non,34 Avenue de la République ,Saint Genis Pouilly,0012,LOT 1 ST GENIS POULLY - SAUVERGNY ,Heithem ABID
0002,"Agence Fontaine, contrat AFEO",AF237316,Ascenseur,Non,46 Avenue de la République ,Saint Genis Pouilly,0012,LOT 1 ST GENIS POULLY - SAUVERGNY ,Heithem ABID
0002,"Agence Fontaine, contrat AFEO",AF237317,Ascenseur,Non,18 Avenue de la République ,Saint Genis Pouilly,0012,LOT 1 ST GENIS POULLY - SAUVERGNY ,Heithem ABID
0002,"Agence Fontaine, contrat AFEO",AF237318,Ascenseur,Non,105 Les Roitelets,Sauverny,0012,LOT 1 ST GENIS POULLY - SAUVERGNY ,Heithem ABID
0002,"Agence Fontaine, contrat AFEO",AF237319,Ascenseur,Non,106 Les Roitelets ,Sauverny,0012,LOT 1 ST GENIS POULLY - SAUVERGNY ,Heithem ABID
0002,"Agence Fontaine, contrat AFEO",AF237320,Porte automatique,Non,Route de Belley ,AOSTE,0062,SARL PICOT PRIMEURS,Olivier VUILLAUME 
0002,"Agence Fontaine, contrat AFEO",AF237332,Ascenseur,Non,11 Place de la gare,GRENOBLE,0068,GARE ROUTIERE DE GRENOBLE,Léna GRAND CLEMENT
0002,"Agence Fontaine, contrat AFEO",AF237345,Portail,Non,195 Rue Lavoisier,Montbonnot,0033,SNEF - Marché Orange Alpes Fermeture,Roman NOIREZ
0002,"Agence Fontaine, contrat AFEO",AF237352,Porte de garage,Non,138 Route de la Douane,SAUVERNY,0012,S 552 - SDC SAUVERNY VILLAGE,Heithem ABID
0002,"Agence Fontaine, contrat AFEO",AF237353,Porte de garage,Non,138 Route de la Douane,SAUVERNY,0012,S 552 - SDC SAUVERNY VILLAGE,Heithem ABID
0002,"Agence Fontaine, contrat AFEO",AF237354,Portail,Non,138 Route de la Douane,SAUVERNY,0012,S 552 - SDC SAUVERNY VILLAGE,Heithem ABID
0002,"Agence Fontaine, contrat AFEO",AF237385,Porte automatique,Non,33 rue Normandie Niemen,ECHIROLLES,0033,SDC LE CUBE,Roman NOIREZ
0002,"Agence Fontaine, contrat AFEO",AF237415,Porte sectionnelle,Non,375  Avenue Albert Gruffat,SALLANCHES,0054,VILLE DE SALLANCHES ,Kalifa DIOMANDE
0002,"Agence Fontaine, contrat AFEO",AF237418,Ascenseur,Non,50 bis rue de la Liberté,FONTAINE,0068,SDC LE PARC DES MARRONNIERS,Léna GRAND CLEMENT
0002,"Agence Fontaine, contrat AFEO",AF237419,Ascenseur,Non,4 rue des Marronniers,FONTAINE,0068,SDC LE PARC DES MARRONNIERS,Léna GRAND CLEMENT
0002,"Agence Fontaine, contrat AFEO",AF237420,Ascenseur,Non,6 rue des Marronniers,FONTAINE,0068,SDC LE PARC DES MARRONNIERS,Léna GRAND CLEMENT
0002,"Agence Fontaine, contrat AFEO",HC237435,Porte de garage,Non,28 - 46 Avenue de Vessy,FERNEY VOLTAIRE,0012,SDC LES CRETS DE FERNEY,Heithem ABID
0002,"Agence Fontaine, contrat AFEO",AF237445,Porte automatique,Non,22 Chemin du Vieux Chêne,MEYLAN,0033,SNEF - ORANGE NEWS MEYLAN,Roman NOIREZ
0002,"Agence Fontaine, contrat AFEO",AF237446,Porte automatique,Non,22 Chemin du Vieux Chêne,MEYLAN,0033,SNEF - ORANGE NEWS MEYLAN,Roman NOIREZ
0002,"Agence Fontaine, contrat AFEO",AF237447,Porte automatique,Non,22 Chemin du Vieux Chêne,MEYLAN,0033,SNEF - ORANGE NEWS MEYLAN,Roman NOIREZ
0002,"Agence Fontaine, contrat AFEO",AF237448,Porte automatique,Non,22 Chemin du Vieux Chêne,MEYLAN,0033,SNEF - ORANGE NEWS MEYLAN,Roman NOIREZ
0002,"Agence Fontaine, contrat AFEO",AF237449,Porte automatique,Non,22 Chemin du Vieux Chêne,MEYLAN,0033,SNEF - ORANGE NEWS MEYLAN,Roman NOIREZ
0002,"Agence Fontaine, contrat AFEO",AF237450,Porte automatique,Non,22 Chemin du Vieux Chêne,MEYLAN,0033,SNEF - ORANGE NEWS MEYLAN,Roman NOIREZ
0002,"Agence Fontaine, contrat AFEO",AF237451,Porte automatique,Non,22 Chemin du Vieux Chêne,MEYLAN,0033,SNEF - ORANGE NEWS MEYLAN,Roman NOIREZ
0002,"Agence Fontaine, contrat AFEO",AF237452,Porte automatique,Non,22 Chemin du Vieux Chêne,MEYLAN,0033,SNEF - ORANGE NEWS MEYLAN,Roman NOIREZ
0002,"Agence Fontaine, contrat AFEO",AF237453,Porte automatique,Non,22 Chemin du Vieux Chêne,MEYLAN,0033,SNEF - ORANGE NEWS MEYLAN,Roman NOIREZ
0002,"Agence Fontaine, contrat AFEO",AF237454,Porte automatique,Non,22 Chemin du Vieux Chêne,MEYLAN,0033,SNEF - ORANGE NEWS MEYLAN,Roman NOIREZ
0002,"Agence Fontaine, contrat AFEO",AF237455,Porte automatique,Non,22 Chemin du Vieux Chêne,MEYLAN,0033,SNEF - ORANGE NEWS MEYLAN,Roman NOIREZ
0002,"Agence Fontaine, contrat AFEO",AF237456,Porte automatique,Non,22 Chemin du Vieux Chêne,MEYLAN,0033,SNEF - ORANGE NEWS MEYLAN,Roman NOIREZ
0002,"Agence Fontaine, contrat AFEO",HC237460,Porte de garage,Non,HOTEL BIG SKY,CHAMONIX MONT BLANC,0029,HOTEL BIG SKY,Houssam BOUAZIZ
0002,"Agence Fontaine, contrat AFEO",AF237461,Ascenseur,Non,28  Avenue de Vessy,FERNEY VOLTAIRE,0012,SDC LES CRETS DE FERNEY,Heithem ABID
0002,"Agence Fontaine, contrat AFEO",AF237462,Ascenseur,Non,30 Avenue de Vessy,FERNEY VOLTAIRE,0012,SDC LES CRETS DE FERNEY,Heithem ABID
0002,"Agence Fontaine, contrat AFEO",AF237463,Ascenseur,Non,34 Avenue de Vessy,FERNEY VOLTAIRE,0012,SDC LES CRETS DE FERNEY,Heithem ABID
0002,"Agence Fontaine, contrat AFEO",AF237464,Ascenseur,Non,32 Avenue de Vessy,FERNEY VOLTAIRE,0012,SDC LES CRETS DE FERNEY,Heithem ABID
0002,"Agence Fontaine, contrat AFEO",AF237465,Ascenseur,Non,38 Avenue de Vessy,FERNEY VOLTAIRE,0012,SDC LES CRETS DE FERNEY,Heithem ABID
0002,"Agence Fontaine, contrat AFEO",AF237466,Ascenseur,Non,36 Avenue de Vessy,FERNEY VOLTAIRE,0012,SDC LES CRETS DE FERNEY,Heithem ABID
0002,"Agence Fontaine, contrat AFEO",AF237467,Ascenseur,Non,42 Avenue de Vessy,FERNEY VOLTAIRE,0012,SDC LES CRETS DE FERNEY,Heithem ABID
0002,"Agence Fontaine, contrat AFEO",AF237468,Ascenseur,Non,40 Avenue de Vessy,FERNEY VOLTAIRE,0012,SDC LES CRETS DE FERNEY,Heithem ABID
0002,"Agence Fontaine, contrat AFEO",AF237469,Ascenseur,Non,46 Avenue de Vessy,FERNEY VOLTAIRE,0012,SDC LES CRETS DE FERNEY,Heithem ABID
0002,"Agence Fontaine, contrat AFEO",AF237470,Ascenseur,Non,44 Avenue de Vessy,FERNEY VOLTAIRE,0012,SDC LES CRETS DE FERNEY,Heithem ABID
0002,"Agence Fontaine, contrat AFEO",AF237471,Porte de garage,Non,28 - 34 Avenue de Vessy,FERNEY VOLTAIRE,0012,SDC LES CRETS DE FERNEY,Heithem ABID
0002,"Agence Fontaine, contrat AFEO",AF237472,Porte de garage,Non,36 - 38 Avenue de Vessy,FERNEY VOLTAIRE,0012,SDC LES CRETS DE FERNEY,Heithem ABID
0002,"Agence Fontaine, contrat AFEO",AF237473,Porte de garage,Non,40 - 46 Avenue de Vessy,FERNEY VOLTAIRE,0012,SDC LES CRETS DE FERNEY,Heithem ABID
0002,"Agence Fontaine, contrat AFEO",AF237478,Ascenseur,Non,Le Bois des Lièvres,ST PIERRE DE CHARTREUSE,0022,Le Bois des Lièvres,Jean-Paul SCARINGELLA
0002,"Agence Fontaine, contrat AFEO",AF237480,Porte automatique,Non,22 Chemin du Vieux Chêne,MEYLAN,0033,SNEF - ORANGE NEWS MEYLAN,Roman NOIREZ
0002,"Agence Fontaine, contrat AFEO",AF237481,Porte automatique,Non,22 Chemin du Vieux Chêne,MEYLAN,0033,SNEF - ORANGE NEWS MEYLAN,Roman NOIREZ
0002,"Agence Fontaine, contrat AFEO",AF237482,Elévateur,Non,237 Chemin du Trincon,ST JEAN DE MOIRANS,0022,M. Franck SORAGNA,Jean-Paul SCARINGELLA
0002,"Agence Fontaine, contrat AFEO",AF237483,Rideau,Non,115 Avenue de Saint Martin,SALLANCHES,0054,VILLE DE SALLANCHES ,Kalifa DIOMANDE
0002,"Agence Fontaine, contrat AFEO",AF237498,Ascenseur,Non,33 rue de Normandie Niemen,ECHIROLLES,0052,SDC LE CUBE,Martin DO NASCIMENTO
0002,"Agence Fontaine, contrat AFEO",AF237504,Ascenseur,Non,Le Bois des Lièvres,ST PIERRE DE CHARTREUSE,0022,Le Bois des Lièvres,Jean-Paul SCARINGELLA
0002,"Agence Fontaine, contrat AFEO",AF237505,Ascenseur,Non,Le Bois des Lièvres,ST PIERRE DE CHARTREUSE,0022,Le Bois des Lièvres,Jean-Paul SCARINGELLA
0002,"Agence Fontaine, contrat AFEO",AF237506,Porte de garage,Non,33 rue de Normandie Niemen,ECHIROLLES,0033,SDC LE CUBE,Roman NOIREZ
0002,"Agence Fontaine, contrat AFEO",AF237514,Barrière Levante,Non,8 avenue de la Saulaie,ST MARCELLIN,0030,VILLE DE ST MARCELLIN ,Karim MOKNECHE
0002,"Agence Fontaine, contrat AFEO",AF237517,Portail,Non,30 rue Claude Chappe,GUILHERAND GRANGES,0030,Conduent Valence,Karim MOKNECHE
0002,"Agence Fontaine, contrat AFEO",AF237518,Porte sectionnelle,Non,30 rue Claude Chappe,GUILHERAND GRANGES,0030,Conduent Valence,Karim MOKNECHE
0002,"Agence Fontaine, contrat AFEO",AF237520,Barrière,Non,30 rue Claude Chappe,GUILHERAND GRANGES,0030,Conduent Valence,Karim MOKNECHE
0002,"Agence Fontaine, contrat AFEO",AF237521,Barrière,Non,30 rue Claude Chappe,GUILHERAND GRANGES,0030,Conduent Valence,Karim MOKNECHE
0002,"Agence Fontaine, contrat AFEO",AF237522,Barrière,Non,30 rue Claude Chappe,GUILHERAND GRANGES,0030,Conduent Valence,Karim MOKNECHE
0002,"Agence Fontaine, contrat AFEO",AF237523,Barrière,Non,30 rue Claude Chappe,GUILHERAND GRANGES,0030,Conduent Valence,Karim MOKNECHE
0002,"Agence Fontaine, contrat AFEO",AF237524,Tourniquet,Non,30 rue Claude Chappe,GUILHERAND GRANGES,0030,Conduent Valence,Karim MOKNECHE
0002,"Agence Fontaine, contrat AFEO",AF237525,Porte coulissante,Non,30 rue Claude Chappe,GUILHERAND GRANGES,0030,Conduent Valence,Karim MOKNECHE
0002,"Agence Fontaine, contrat AFEO",AF237526,Porte coulissante,Non,30 rue Claude Chappe,GUILHERAND GRANGES,0030,Conduent Valence,Karim MOKNECHE
0002,"Agence Fontaine, contrat AFEO",AF237527,Tourniquet,Non,30 rue Claude Chappe,GUILHERAND GRANGES,0030,Conduent Valence,Karim MOKNECHE
0002,"Agence Fontaine, contrat AFEO",AF237528,Tourniquet,Non,30 rue Claude Chappe,GUILHERAND GRANGES,0030,Conduent Valence,Karim MOKNECHE
0002,"Agence Fontaine, contrat AFEO",AF237529,Ascenseur,Non,30 rue Claude Chappe,GUILHERAND GRANGES,0030,Conduent Valence,Karim MOKNECHE
0002,"Agence Fontaine, contrat AFEO",AF237536,Ascenseur,Non,30 rue Claude Chappe,GUILHERAND GRANGES,0030,Conduent Valence,Karim MOKNECHE
0002,"Agence Fontaine, contrat AFEO",AF237537,Ascenseur,Non,30 rue Claude Chappe,GUILHERAND GRANGES,0030,Conduent Valence,Karim MOKNECHE
0002,"Agence Fontaine, contrat AFEO",AF237538,Ascenseur,Non,30 rue Claude Chappe,GUILHERAND GRANGES,0030,Conduent Valence,Karim MOKNECHE
0002,"Agence Fontaine, contrat AFEO",AF237539,Ascenseur,Non,30 rue Claude Chappe,GUILHERAND GRANGES,0030,Conduent Valence,Karim MOKNECHE
0002,"Agence Fontaine, contrat AFEO",AF237540,Ascenseur,Non,30 rue Claude Chappe,GUILHERAND GRANGES,0030,Conduent Valence,Karim MOKNECHE
0002,"Agence Fontaine, contrat AFEO",AF237541,Portail,Non,30 rue Claude Chappe,GUILHERAND GRANGES,0030,Conduent Valence,Karim MOKNECHE
0002,"Agence Fontaine, contrat AFEO",AF237542,Porte automatique,Non,30 rue Claude Chappe,GUILHERAND GRANGES,0030,Conduent Valence,Karim MOKNECHE
0002,"Agence Fontaine, contrat AFEO",AF237543,Porte automatique,Non,30 rue Claude Chappe,GUILHERAND GRANGES,0030,Conduent Valence,Karim MOKNECHE
0002,"Agence Fontaine, contrat AFEO",AF237544,Porte automatique,Non,30 rue Claude Chappe,GUILHERAND GRANGES,0030,Conduent Valence,Karim MOKNECHE
0002,"Agence Fontaine, contrat AFEO",AF237545,Porte sectionnelle,Non,30 rue Claude Chappe,GUILHERAND GRANGES,0030,Conduent Valence,Karim MOKNECHE
0002,"Agence Fontaine, contrat AFEO",AF237546,Porte automatique,Non,30 rue Claude Chappe,GUILHERAND GRANGES,0030,Conduent Valence,Karim MOKNECHE
0002,"Agence Fontaine, contrat AFEO",AF237547,Porte automatique,Non,30 rue Claude Chappe,GUILHERAND GRANGES,0030,Conduent Valence,Karim MOKNECHE
0002,"Agence Fontaine, contrat AFEO",AF237548,Porte automatique,Non,30 rue Claude Chappe,GUILHERAND GRANGES,0030,Conduent Valence,Karim MOKNECHE
0002,"Agence Fontaine, contrat AFEO",AF237549,Barrière Levante,Non,30 rue Claude Chappe,GUILHERAND GRANGES,0030,Conduent Valence,Karim MOKNECHE
0002,"Agence Fontaine, contrat AFEO",AF237551,Porte piétonne,Non,30 rue Claude Chappe,GUILHERAND GRANGES,0030,Conduent Valence,Karim MOKNECHE
0002,"Agence Fontaine, contrat AFEO",AF237552,Porte piétonne,Non,30 rue Claude Chappe,GUILHERAND GRANGES,0030,Conduent Valence,Karim MOKNECHE
0002,"Agence Fontaine, contrat AFEO",AF237553,Porte piétonne,Non,30 rue Claude Chappe,GUILHERAND GRANGES,0030,Conduent Valence,Karim MOKNECHE
0002,"Agence Fontaine, contrat AFEO",AF237554,Porte piétonne,Non,30 rue Claude Chappe,GUILHERAND GRANGES,0030,Conduent Valence,Karim MOKNECHE
0002,"Agence Fontaine, contrat AFEO",AF237576,Porte de garage,Non,100 avenue du Salève,DIVONNE LES BAINS,0012,S557-LES TERRASSES DU SALEVE,Heithem ABID
0002,"Agence Fontaine, contrat AFEO",AF237618,Porte de garage,"Oui, Devis en attente de validation",29 rue de la minoterie,ANNECY,0054,RESIDENCE LE FLORESCENCE,Kalifa DIOMANDE
0002,"Agence Fontaine, contrat AFEO",AF237625,Ascenseur,Non,175 impasse Cote Chalets,COURCHEVEL,0029,175 impasse Cote Chalets,Houssam BOUAZIZ
0002,"Agence Fontaine, contrat AFEO",AF237630,Porte sectionnelle,Non,213 Avenue Albert Gruffat ,SALLANCHES,0029,VILLE DE SALLANCHES ,Houssam BOUAZIZ
0002,"Agence Fontaine, contrat AFEO",AF237656 ,EPMR elevtr pr pers a mobilité reduite,Non,16 PLACE DU LACA ,CHAMPAGNIER,0052,M. LEFORT ,Martin DO NASCIMENTO
0002,"Agence Fontaine, contrat AFEO",AF237657,Portail,Non,11chemin  des Essarts,VOIRON,0022,Selarl Voiron Imagerie,Jean-Paul SCARINGELLA
0002,"Agence Fontaine, contrat AFEO",AF237658,Porte automatique,Non,11 Chemin  des Essarts,VOIRON,0022,Selarl Voiron Imagerie,Jean-Paul SCARINGELLA
0002,"Agence Fontaine, contrat AFEO",AF237659,Porte automatique,Non,11 Chemin des Essarts,VOIRON,0022,Selarl Voiron Imagerie,Jean-Paul SCARINGELLA
0002,"Agence Fontaine, contrat AFEO",AF237660,Ascenseur,Non,194 rue Jean Moulin,MONTMELIAN,0074,Les Roches Blanches,Julien TETU
0002,"Agence Fontaine, contrat AFEO",AF237661,Ascenseur,Non,192 rue Jean Moulin,MONTMELIAN,0074,Les Roches Blanches,Julien TETU
0002,"Agence Fontaine, contrat AFEO",AF237685,Monte-Charge,Non,52 avenue Hélène de tournon,TOURNON SUR RHONE,0030,Fareva Cosmopar,Karim MOKNECHE
0002,"Agence Fontaine, contrat AFEO",AF237686,Monte-Charge,Non,52 avenue Hélène de tournon,TOURNON SUR RHONE,0030,Fareva Cosmopar,Karim MOKNECHE
0002,"Agence Fontaine, contrat AFEO",CM 000 063,EPMR elevtr pr pers a mobilité reduite,Non,1635 Route des Communailles,ST GERVAIS LES BAINS,0054, LE RELAIS DES COMMUNAILLES,Kalifa DIOMANDE
0002,"Agence Fontaine, contrat AFEO",AF247688,Portail,Non,52 bis rue de la République,BOURG DE PEAGE,0030,SDC Les Terrasses de la République,Karim MOKNECHE
0002,"Agence Fontaine, contrat AFEO",AF247689,Porte de garage,Non,52 bis rue de la République,BOURG DE PEAGE,0030,SDC Les Terrasses de la République,Karim MOKNECHE
0002,"Agence Fontaine, contrat AFEO",AF247692,EPMR elevtr pr pers a mobilité reduite,Non,423 chemin des Grandes Vignes,ST ISMIER,0033,Madame & Monsieur VERONESE,Roman NOIREZ
0002,"Agence Fontaine, contrat AFEO",AF247698,Ascenseur,Non,1 avenue de la Gare,ALIXAN,0030,SCPI Notapierre - Rhovalparc,Karim MOKNECHE
0002,"Agence Fontaine, contrat AFEO",AF247699,Ascenseur,Non,1 avenue de la Gare,ALIXAN,0030,SCPI Notapierre - Rhovalparc,Karim MOKNECHE
0002,"Agence Fontaine, contrat AFEO",AF247713,Porte piétonne,Non,32 Place de l'Eglise ,LE GRAND BORNAND,0054,L'OPTRAKEN,Kalifa DIOMANDE
0002,"Agence Fontaine, contrat AFEO",AF247714,Porte piétonne,Non,32 Place de l'Eglise ,LE GRAND BORNAND,0054,L'OPTRAKEN,Kalifa DIOMANDE
0002,"Agence Fontaine, contrat AFEO",AF247724,Ascenseur,Non,2  Rue Collé Umberto ,LA BALME DE SILLINGY,0054,SDC La Balme Coeur de Ville ,Kalifa DIOMANDE
0002,"Agence Fontaine, contrat AFEO",AF247725,Ascenseur,Non,4 Rue Collé Umberto ,LA BALME DE SILLINGY,0054,SDC La Balme Coeur de Ville ,Kalifa DIOMANDE
0002,"Agence Fontaine, contrat AFEO",AF247756,Monte-Charge,Non,285 Avenue Victor Hugo,VALENCE,0030,SAS PIC,Karim MOKNECHE
0002,"Agence Fontaine, contrat AFEO",AF247758,Ascenseur,Non,22 Chemin du Vieux Chêne ,MEYLAN,0033,SNEF - ORANGE NEWS MEYLAN,Roman NOIREZ
0002,"Agence Fontaine, contrat AFEO",AF247759,Ascenseur,Non,22 Chemin du Vieux Chêne ,MEYLAN,0033,SNEF - ORANGE NEWS MEYLAN,Roman NOIREZ
0002,"Agence Fontaine, contrat AFEO",AF247760 ,Ascenseur,Non,22 Chemin du Vieux Chêne ,MEYLAN,0033,SNEF - ORANGE NEWS MEYLAN,Roman NOIREZ
0002,"Agence Fontaine, contrat AFEO",AF247761,Porte de garage,Non,22 Chemin du VIeux Chêne ,MEYLAN,0033,SNEF - ORANGE NEWS MEYLAN,Roman NOIREZ
0002,"Agence Fontaine, contrat AFEO",AF247762,Barrière Levante,Non,22 Chemin du Vieux Chêne ,MEYLAN,0033,SNEF - ORANGE NEWS MEYLAN,Roman NOIREZ
0002,"Agence Fontaine, contrat AFEO",AF247785,Portail,Non,10 B Boulevard des Frères Desaires,SEYSSINET PARISET,0033,LES ALP'INN,Roman NOIREZ
0002,"Agence Fontaine, contrat AFEO",CM 000 064,EPMR elevtr pr pers a mobilité reduite,Non,90 ROUTE DE SAINT NIZIER,SEYSSINS,0052,M. et Mme CALIGULA,Martin DO NASCIMENTO
0002,"Agence Fontaine, contrat AFEO",HC247864,Barrière,Non,SQUARE ERNESTO BOUY,ST MARCELLIN,0022,VILLE DE ST MARCELLIN ,Jean-Paul SCARINGELLA
0002,"Agence Fontaine, contrat AFEO",HC247865,Barrière,Non,ENTREE PARKING SQUARE ERNESTO BOUY,ST MARCELLIN,0022,VILLE DE ST MARCELLIN ,Jean-Paul SCARINGELLA
0002,"Agence Fontaine, contrat AFEO",AF247869,Elévateur,Non,Chemin des Jeandiats,VILLARD DE LANS,0052,Maxime FABRE,Martin DO NASCIMENTO
0002,"Agence Fontaine, contrat AFEO",AF247873,Monte-Charge,Non,2 route de Prémol,VAULNAVEYS LE HAUT,0052,LES 3 ELLES ,Martin DO NASCIMENTO
0002,"Agence Fontaine, contrat AFEO",AF2407874,Elévateur,Non,26 BOULEVARD GENERAL DE GAULLE,VALENCE,0030,BANQUE POPULAIRE,Karim MOKNECHE
0002,"Agence Fontaine, contrat AFEO",AF257896,Portail,Non,57 René Cassin,SALLANCHES,0054,VILLE DE SALLANCHES ,Kalifa DIOMANDE
0002,"Agence Fontaine, contrat AFEO",AF247899,Elévateur,Non,135 Vieille Rue ,TENCIN,0033,M.LAPIERRE ,Roman NOIREZ
0002,"Agence Fontaine, contrat AFEO",AF247906,Portail,Non,3 Rue des Platanes ,ST EGREVE,0033,CAURET ,Roman NOIREZ
0002,"Agence Fontaine, contrat AFEO",AF247907,Porte de garage,Non,601 Route du Sougey,ST ALBAN DE MONTBEL,0074,SIAEP Syndicat du Thiers,Julien TETU
0002,"Agence Fontaine, contrat AFEO",AF247909,Ascenseur,Non,115 RUE PRINCIPALE,CHARAVINE,0022,HOTEL BEAU RIVAGE,Jean-Paul SCARINGELLA
0002,"Agence Fontaine, contrat AFEO",AF247921,EPMR elevtr pr pers a mobilité reduite,Non,51 Route de Thônes ,ANNECY ,0054,GROUPAMA,Kalifa DIOMANDE
0002,"Agence Fontaine, contrat AFEO",AF247932,Portail,Non,18 BIS Rue Bastille,FONTAINE,0033,LE NERON,Roman NOIREZ
0002,"Agence Fontaine, contrat AFEO",AF247933,Portail,Non,18 BIS Rue Bastille,FONTAINE,0033,LE NERON,Roman NOIREZ
0002,"Agence Fontaine, contrat AFEO",AF247934,Portail,Oui,Rue Buissonnées,FONTAINE,0033,LE NERON,Roman NOIREZ
0002,"Agence Fontaine, contrat AFEO",AF247961- Doublon ,Ascenseur,Non,684 Route des Pettoreaux,MEGEVE,0012,CHALET RIVASAN,Heithem ABID
0002,"Agence Fontaine, contrat AFEO",AF247967,Porte automatique,Non,32 RUE DE NORMANDIE NIEMEN,ECHIROLLES,0033,L'ANNEXE DU GASTELIER,Roman NOIREZ
0002,"Agence Fontaine, contrat AFEO",AF247968,Porte automatique,Non,70 AVENUE JEAN JAURES,EYBENS,0033,L'ANNEXE DU GASTELIER,Roman NOIREZ
0002,"Agence Fontaine, contrat AFEO",AF247970,Porte de garage,Non,9 bis Chemin des Berthets,BRISON ST INNOCENT ,0054,RIVES DE SAINT INN,Kalifa DIOMANDE
0002,"Agence Fontaine, contrat AFEO",AF247971,Ascenseur,Non,9 bis Chemin des Berthets,BRISON ST INNOCENT ,0054,RIVES DE SAINT INN,Kalifa DIOMANDE
0002,"Agence Fontaine, contrat AFEO",AF247972,Porte automatique,Non,Rue des Frères Tassille ,ANNEMASSE,0012,SNEF - Marché Orange Alpes Fermeture,Heithem ABID
0002,"Agence Fontaine, contrat AFEO",AF247974,Porte automatique,Non,Rue des Frères Tassille ,ANNEMASSE,0012,SNEF - Marché Orange Alpes Fermeture,Heithem ABID
0002,"Agence Fontaine, contrat AFEO",AF247975,Porte automatique,Non,11 RUE DU 4EME REGIMENT DU GENIE,GRENOBLE,0033,SNEF - Marché Orange Alpes Fermeture,Roman NOIREZ
0002,"Agence Fontaine, contrat AFEO",AF247978,Porte automatique,Non,6 rue de Chamrousse,GRENOBLE,0033,ECOLE IPSO FORMATIONS,Roman NOIREZ
0002,"Agence Fontaine, contrat AFEO",AF247983,Portail,Non, ,BONS EN CHABLAIS,0054,Hermes -Bons en Chablais ,Kalifa DIOMANDE
0002,"Agence Fontaine, contrat AFEO",AF247984,Barrière,Non, ,BONS EN CHABLAIS,0054,Hermes -Bons en Chablais ,Kalifa DIOMANDE
0002,"Agence Fontaine, contrat AFEO",AF247985,Barrière,Non, ,BONS EN CHABLAIS,0054,Hermes -Bons en Chablais ,Kalifa DIOMANDE
0002,"Agence Fontaine, contrat AFEO",AF247986,Portail,Non, ,BONS EN CHABLAIS,0054,Hermes -Bons en Chablais ,Kalifa DIOMANDE
0002,"Agence Fontaine, contrat AFEO",AF247987,Porte sectionnelle motorisée,Non, ,BONS EN CHABLAIS,0054,Hermes -Bons en Chablais ,Kalifa DIOMANDE
0002,"Agence Fontaine, contrat AFEO",AF247988,Porte sectionnelle motorisée,Non, ,BONS EN CHABLAIS,0054,Hermes -Bons en Chablais ,Kalifa DIOMANDE
0002,"Agence Fontaine, contrat AFEO",AF247989,Porte automatique,Non, ,BONS EN CHABLAIS,0054,Hermes -Bons en Chablais ,Kalifa DIOMANDE
0002,"Agence Fontaine, contrat AFEO",AF247990,Porte automatique,Non, ,BONS EN CHABLAIS,0054,Hermes -Bons en Chablais ,Kalifa DIOMANDE
0002,"Agence Fontaine, contrat AFEO",AF247991,Porte automatique,Non, ,BONS EN CHABLAIS,0054,Hermes -Bons en Chablais ,Kalifa DIOMANDE
0002,"Agence Fontaine, contrat AFEO",AF247992,Porte automatique,Non, ,BONS EN CHABLAIS,0054,Hermes -Bons en Chablais ,Kalifa DIOMANDE
0002,"Agence Fontaine, contrat AFEO",AF247993,Porte automatique,Non, ,BONS EN CHABLAIS,0054,Hermes -Bons en Chablais ,Kalifa DIOMANDE
0002,"Agence Fontaine, contrat AFEO",AF247994,Porte automatique,Non, ,BONS EN CHABLAIS,0054,Hermes -Bons en Chablais ,Kalifa DIOMANDE
0002,"Agence Fontaine, contrat AFEO",AF247995,Porte Souple ,Non, ,BONS EN CHABLAIS,0054,Hermes -Bons en Chablais ,Kalifa DIOMANDE
0002,"Agence Fontaine, contrat AFEO",AF247996,Porte automatique,Non, ,BONS EN CHABLAIS,0054,Hermes -Bons en Chablais ,Kalifa DIOMANDE
0002,"Agence Fontaine, contrat AFEO",AF247997,Porte sectionnelle motorisée,Non, ,BONS EN CHABLAIS,0054,Hermes -Bons en Chablais ,Kalifa DIOMANDE
0002,"Agence Fontaine, contrat AFEO",AF248003,Porte de garage,Non,154 Route de l'Epine ,CHAMBERY,0074,SNEF - Marché Orange Alpes Fermeture,Julien TETU
0002,"Agence Fontaine, contrat AFEO",AF248005,Porte automatique,Non, ,BONS EN CHABLAIS,0054,Hermes -Bons en Chablais ,Kalifa DIOMANDE
0002,"Agence Fontaine, contrat AFEO",AF248006,Porte automatique,Non, ,BONS EN CHABLAIS,0054,Hermes -Bons en Chablais ,Kalifa DIOMANDE
0002,"Agence Fontaine, contrat AFEO",AF248007,Ascenseur,Non,IMPASSE DE GOUGE,TOURNON SUR RHONE ,0030,SNEF - France Travail VALENCE,Karim MOKNECHE
0002,"Agence Fontaine, contrat AFEO",AF248008,Ascenseur,Non,71 CHEMIN DE LA CHARREYRASSE,AUBENAS,0030,SNEF - France Travail VALENCE,Karim MOKNECHE
0002,"Agence Fontaine, contrat AFEO",AF248009,Ascenseur,Non,4 AVENUE FELIX ROZIER,CREST ,0030,SNEF - France Travail VALENCE,Karim MOKNECHE
0002,"Agence Fontaine, contrat AFEO",AF248010,Ascenseur,Non,354 A Avenue de Chabeuil,VALENCE,0030,SNEF - France Travail VALENCE,Karim MOKNECHE
0002,"Agence Fontaine, contrat AFEO",AF248011,Ascenseur,"Oui, Devis en attente de validation",Rue Perret,ROMANS SUR ISERE,0030,SNEF - France Travail VALENCE,Karim MOKNECHE
0002,"Agence Fontaine, contrat AFEO",AF248012,Ascenseur,Non,8 Rue Leon Blum,MONTELIMAR,0030,SNEF - France Travail VALENCE,Karim MOKNECHE
0002,"Agence Fontaine, contrat AFEO",AF248013,Rideau métallique,Non,Impasse de Gouge,TOURNON SUR RHONE,0030,SNEF - France Travail VALENCE,Karim MOKNECHE
0002,"Agence Fontaine, contrat AFEO",AF248014,Rideau métallique,Non,Avenue Marc Seguin - Z.I.  Le Lac,PRIVAS,0030,SNEF - France Travail VALENCE,Karim MOKNECHE
0002,"Agence Fontaine, contrat AFEO",AF248015,Rideau métallique,Non,71 Chemin de la Charreyrasse,AUBENAS,0030,SNEF - France Travail VALENCE,Karim MOKNECHE
0002,"Agence Fontaine, contrat AFEO",AF248016,Rideau métallique,Non,Boulevard de la République,ANNONAY,0030,SNEF - France Travail VALENCE,Karim MOKNECHE
0002,"Agence Fontaine, contrat AFEO",AF248017,Rideau métallique,Non,354 A Avenue de Chabeuil,VALENCE,0030,SNEF - France Travail VALENCE,Karim MOKNECHE
0002,"Agence Fontaine, contrat AFEO",AF248019,Rideau métallique,Non,2 rue James Watt,PIERRELATTE,0030,SNEF - France Travail VALENCE,Karim MOKNECHE
0002,"Agence Fontaine, contrat AFEO",AF248020,Rideau métallique,Non,"ZA des Laurons, 465 rue Guillaume de Pays",NYONS,0030,SNEF - France Travail VALENCE,Karim MOKNECHE
0002,"Agence Fontaine, contrat AFEO",AF248021,Rideau métallique,"Oui, Devis en attente de validation",8 Rue Leon Blum,MONTELIMAR,0030,SNEF - France Travail VALENCE,Karim MOKNECHE
0002,"Agence Fontaine, contrat AFEO",AF248022,Rideau métallique,Non,4 Avenue Félix Rozier,CREST,0030,SNEF - France Travail VALENCE,Karim MOKNECHE
0002,"Agence Fontaine, contrat AFEO",AF248023,Porte automatique,Non,Boulevard de la République,ANNONAY,0030,SNEF - France Travail VALENCE,Karim MOKNECHE
0002,"Agence Fontaine, contrat AFEO",AF248024,Porte automatique,Non,Boulevard de la République,ANNONAY,0030,SNEF - France Travail VALENCE,Karim MOKNECHE
0002,"Agence Fontaine, contrat AFEO",AF248025,Portail,Non,Impasse de Gouge,TOURNON SUR RHONE,0030,SNEF - France Travail VALENCE,Karim MOKNECHE
0002,"Agence Fontaine, contrat AFEO",AF248027,Porte automatique,Non,Impasse de Gouge,TOURNON SUR RHONE,0030,SNEF - France Travail VALENCE,Karim MOKNECHE
0002,"Agence Fontaine, contrat AFEO",AF248028,Porte automatique,Non,Impasse de Gouge,TOURNON SUR RHONE ,0030,SNEF - France Travail VALENCE,Karim MOKNECHE
0002,"Agence Fontaine, contrat AFEO",AF248029,Porte automatique,Non,Avenue Marc Seguin - Z.I.  Le Lac,PRIVAS,0030,SNEF - France Travail VALENCE,Karim MOKNECHE
0002,"Agence Fontaine, contrat AFEO",AF248030,Porte automatique,Non,Avenue Marc Seguin - Z.I.  Le Lac,PRIVAS,0030,SNEF - France Travail VALENCE,Karim MOKNECHE
0002,"Agence Fontaine, contrat AFEO",AF248031,Portail,Non,Avenue Marc Seguin - Z.I.  Le Lac,PRIVAS,0030,SNEF - France Travail VALENCE,Karim MOKNECHE
0002,"Agence Fontaine, contrat AFEO",AF248033,Porte automatique,Non,71 Chemin de la Charreyrasse,AUBENAS,0030,SNEF - France Travail VALENCE,Karim MOKNECHE
0002,"Agence Fontaine, contrat AFEO",AF248034,Porte automatique,Non,71 Chemin de la Charreyrasse,AUBENAS,0030,SNEF - France Travail VALENCE,Karim MOKNECHE
0002,"Agence Fontaine, contrat AFEO",AF248035,Portail,Non,71 Chemin de la Charreyrasse,AUBENAS,0030,SNEF - France Travail VALENCE,Karim MOKNECHE
0002,"Agence Fontaine, contrat AFEO",AF248036,Porte piétonne,Non,71 Chemin de la Charreyrasse,AUBENAS,0030,SNEF - France Travail VALENCE,Karim MOKNECHE
0002,"Agence Fontaine, contrat AFEO",AF248037,Porte automatique,Non,4 Avenue Félix Rozier,CREST,0030,SNEF - France Travail VALENCE,Karim MOKNECHE
0002,"Agence Fontaine, contrat AFEO",AF248038,Portail,Non,354 A Avenue de Chabeuil,VALENCE,0030,SNEF - France Travail VALENCE,Karim MOKNECHE
0002,"Agence Fontaine, contrat AFEO",AF248041,Porte piétonne,Non,354 A Avenue de Chabeuil,VALENCE,0030,SNEF - France Travail VALENCE,Karim MOKNECHE
0002,"Agence Fontaine, contrat AFEO",AF248042,Porte piétonne,Non,354 A Avenue de Chabeuil,VALENCE,0030,SNEF - France Travail VALENCE,Karim MOKNECHE
0002,"Agence Fontaine, contrat AFEO",AF248043,Porte piétonne,Non,354 A Avenue de Chabeuil,VALENCE,0030,SNEF - France Travail VALENCE,Karim MOKNECHE
0002,"Agence Fontaine, contrat AFEO",AF248044,Porte piétonne,Non,354 A Avenue de Chabeuil,VALENCE,0030,SNEF - France Travail VALENCE,Karim MOKNECHE
0002,"Agence Fontaine, contrat AFEO",AF248045,Porte piétonne,Non,354 A Avenue de Chabeuil,VALENCE,0030,SNEF - France Travail VALENCE,Karim MOKNECHE
0002,"Agence Fontaine, contrat AFEO",AF248046,Porte piétonne,Non,354 A Avenue de Chabeuil,VALENCE,0030,SNEF - France Travail VALENCE,Karim MOKNECHE
0002,"Agence Fontaine, contrat AFEO",AF248047,Porte piétonne,Non,354 A Avenue de Chabeuil,VALENCE,0030,SNEF - France Travail VALENCE,Karim MOKNECHE
0002,"Agence Fontaine, contrat AFEO",AF248048,Portail,Non,Rue Perret,ROMANS SUR ISERE,0030,SNEF - France Travail VALENCE,Karim MOKNECHE
0002,"Agence Fontaine, contrat AFEO",AF248050,Porte automatique,Non,Rue Perret,ROMANS SUR ISERE,0030,SNEF - France Travail VALENCE,Karim MOKNECHE
0002,"Agence Fontaine, contrat AFEO",AF248051,Porte automatique,Non,Rue Perret,ROMANS SUR ISERE,0030,SNEF - France Travail VALENCE,Karim MOKNECHE
0002,"Agence Fontaine, contrat AFEO",AF248052,Porte coulissante,Non,"ZA des Laurons, 465 rue Guillaume de Pays",NYONS,0030,SNEF - France Travail VALENCE,Karim MOKNECHE
0002,"Agence Fontaine, contrat AFEO",AF248053,Portail,"Oui, Devis en attente de validation",8 Rue Leon Blum,MONTELIMAR,0030,SNEF - France Travail VALENCE,Karim MOKNECHE
0002,"Agence Fontaine, contrat AFEO",AF248054,Portail,Non,8 Rue Leon Blum,MONTELIMAR,0030,SNEF - France Travail VALENCE,Karim MOKNECHE
0002,"Agence Fontaine, contrat AFEO",AF248057,Porte automatique,Non,8 Rue Leon Blum,MONTELIMAR,0030,SNEF - France Travail VALENCE,Karim MOKNECHE
0002,"Agence Fontaine, contrat AFEO",AF248058,Porte automatique,Non,8 Rue Leon Blum,MONTELIMAR,0030,SNEF - France Travail VALENCE,Karim MOKNECHE
0002,"Agence Fontaine, contrat AFEO",AF248059,Rideau métallique,Non,4 Avenue Félix Rozier,CREST,0030,SNEF - France Travail VALENCE,Karim MOKNECHE
0002,"Agence Fontaine, contrat AFEO",AF248060,Barrière Levante,Non,4 Avenue Félix Rozier,CREST,0030,SNEF - France Travail VALENCE,Karim MOKNECHE
0002,"Agence Fontaine, contrat AFEO",AF248061,Barrière Levante,Non,4 Avenue Félix Rozier,CREST,0030,SNEF - France Travail VALENCE,Karim MOKNECHE
0002,"Agence Fontaine, contrat AFEO",AF248062,Barrière Levante,Non,354 A Avenue de Chabeuil,VALENCE,0030,SNEF - France Travail VALENCE,Karim MOKNECHE
0002,"Agence Fontaine, contrat AFEO",AF248063,Barrière Levante,Non,Rue Perret,ROMANS SUR ISERE,0030,SNEF - France Travail VALENCE,Karim MOKNECHE
0002,"Agence Fontaine, contrat AFEO",AF248066,Barrière Levante,Non,"ZA des Laurons, 465 rue Guillaume de Pays",NYONS,0030,SNEF - France Travail VALENCE,Karim MOKNECHE
0002,"Agence Fontaine, contrat AFEO",AF248131,Rideau métallique,Non,1 Avenue du Mont Blanc,THOIRY,0012,SNEF - France Travail CHAMBERY,Heithem ABID
0002,"Agence Fontaine, contrat AFEO",AF248132,Rideau métallique,Non,33 Rue Normandie Niemen,ECHIROLLES,0033,SNEF - France Travail GRENOBLE,Roman NOIREZ
0002,"Agence Fontaine, contrat AFEO",AF248133,Rideau métallique,Non,80 bd Franklin Roosevelt,VOIRON,0022,SNEF - France Travail GRENOBLE,Jean-Paul SCARINGELLA
0002,"Agence Fontaine, contrat AFEO",AF248134,Rideau métallique,Non,310 Rue Jean Moulin,ST JEAN DE MAURIENNE,0029,SNEF - France Travail CHAMBERY,Houssam BOUAZIZ
0002,"Agence Fontaine, contrat AFEO",AF248135,Rideau métallique,Non,11 Rue des casernes,MOUTIERS,0029,SNEF - France Travail CHAMBERY,Houssam BOUAZIZ
0002,"Agence Fontaine, contrat AFEO",AF248136,Rideau métallique,Non,363 avenue de la gare,MONTMELIAN,0074,SNEF - France Travail CHAMBERY,Julien TETU
0002,"Agence Fontaine, contrat AFEO",AF218137,Rideau métallique,Non,272 Avenue du Grand Verger,CHAMBERY,0074,SNEF - France Travail CHAMBERY,Julien TETU
0002,"Agence Fontaine, contrat AFEO",AF248138,Rideau métallique,Non,11 avenue des chasseurs Alpins,ALBERTVILLE,0054,SNEF - France Travail CHAMBERY,Kalifa DIOMANDE
0002,"Agence Fontaine, contrat AFEO",AF248139,Rideau métallique,Non,228 boulevard Wilson,AIX LES BAINS,0054,SNEF - France Travail CHAMBERY,Kalifa DIOMANDE
0002,"Agence Fontaine, contrat AFEO",AF248140,Rideau métallique,Non,"2C, avenue de Verdun ",ANNEMASSE,0054,SNEF - France Travail CHAMBERY,Kalifa DIOMANDE
0002,"Agence Fontaine, contrat AFEO",AF248141,Rideau,Non,22 rue Jean Blanchard,THONON,0054,SNEF - France Travail CHAMBERY,Kalifa DIOMANDE
0002,"Agence Fontaine, contrat AFEO",AF248142,Rideau métallique,Non,2 bis Rue du champ de la Taillée,SEYNOD,0054,SNEF - France Travail CHAMBERY,Kalifa DIOMANDE
0002,"Agence Fontaine, contrat AFEO",AF248143,Rideau métallique,Non,170 rue du Coloney,SALLANCHES,0054,SNEF - France Travail CHAMBERY,Kalifa DIOMANDE
0002,"Agence Fontaine, contrat AFEO",AF248144,Rideau métallique,Non,171 Place Edmond Desailloud,CHAMONIX,0054,SNEF - France Travail CHAMBERY,Kalifa DIOMANDE
0002,"Agence Fontaine, contrat AFEO",AF248145,Rideau métallique,Non,127 avenue de Genève - BP 532,ANNECY ,0054,SNEF - France Travail CHAMBERY,Kalifa DIOMANDE
0002,"Agence Fontaine, contrat AFEO",AF248146,Rideau métallique,Non,22 Av Benoit Frachon,ST MARTIN D'HERES,0033,SNEF - France Travail GRENOBLE,Roman NOIREZ
0002,"Agence Fontaine, contrat AFEO",AF248147,Rideau métallique,Non,440 Avenue de la Gare,PONTCHARRA,0033,SNEF - France Travail GRENOBLE,Roman NOIREZ
0002,"Agence Fontaine, contrat AFEO",AF248150,Rideau métallique,Non,12 Avenue de Jongkind,COTE ST ANDRE,0030,SNEF - France Travail GRENOBLE,Karim MOKNECHE
0002,"Agence Fontaine, contrat AFEO",AF248151,Rideau métallique,Non,78 avenue de la bruyère,GRENOBLE,0033,SNEF - France Travail GRENOBLE,Roman NOIREZ
0002,"Agence Fontaine, contrat AFEO",AF248152,Rideau métallique,Non,1 rue d'Arménie,GRENOBLE,0033,SNEF - France Travail GRENOBLE,Roman NOIREZ
0002,"Agence Fontaine, contrat AFEO",AF248153,Rideau métallique,Non,1 Avenue Maréchal Juin,PONT DE CLAIX,0033,SNEF - France Travail GRENOBLE,Roman NOIREZ
0002,"Agence Fontaine, contrat AFEO",AF248154,EPMR elevtr pr pers a mobilité reduite,Non,1 Avenue du Mont Blanc,THOIRY,0012,SNEF - France Travail CHAMBERY,Heithem ABID
0002,"Agence Fontaine, contrat AFEO",AF248155,Porte piétonne,Non,1 Avenue du Mont Blanc,THOIRY,0012,SNEF - France Travail CHAMBERY,Heithem ABID
0002,"Agence Fontaine, contrat AFEO",AF248156,Barrière Levante,Non,80 bd Franklin Roosevelt,VOIRON,0022,SNEF - France Travail GRENOBLE,Jean-Paul SCARINGELLA
0002,"Agence Fontaine, contrat AFEO",AF248157,Barrière Levante,Non,80 bd Franklin Roosevelt,VOIRON,0022,SNEF - France Travail GRENOBLE,Jean-Paul SCARINGELLA
0002,"Agence Fontaine, contrat AFEO",AF248158,Porte piétonne,Non,80 bd Franklin Roosevelt,VOIRON,0022,SNEF - France Travail GRENOBLE,Jean-Paul SCARINGELLA
0002,"Agence Fontaine, contrat AFEO",AF248159,Porte piétonne,Non,80 bd Franklin Roosevelt,VOIRON,0022,SNEF - France Travail GRENOBLE,Jean-Paul SCARINGELLA
0002,"Agence Fontaine, contrat AFEO",AF248162,Ascenseur,Non,78 avenue de la bruyère,GRENOBLE,0028,SNEF - France Travail GRENOBLE,Xavier VICTORION
0002,"Agence Fontaine, contrat AFEO",AF248163,Ascenseur,Non,26 Rue de la Liberté,FONTAINE,0068,SNEF - France Travail GRENOBLE,Léna GRAND CLEMENT
0002,"Agence Fontaine, contrat AFEO",AF248164,Ascenseur,Non,1 Avenue Maréchal Juin,PONT DE CLAIX,0052,SNEF - France Travail GRENOBLE,Martin DO NASCIMENTO
0002,"Agence Fontaine, contrat AFEO",AF248165,Ascenseur,Non,11 Rue des casernes,MOUTIERS,0029,SNEF - France Travail CHAMBERY,Houssam BOUAZIZ
0002,"Agence Fontaine, contrat AFEO",AF248166,Ascenseur,Non,310 Rue Jean Moulin,ST JEAN DE MAURIENNE,0029,SNEF - France Travail CHAMBERY,Houssam BOUAZIZ
0002,"Agence Fontaine, contrat AFEO",AF248167,Ascenseur,Non,363 avenue de la gare,MONTMELIAN,0074,SNEF - France Travail CHAMBERY,Julien TETU
0002,"Agence Fontaine, contrat AFEO",AF248168,Ascenseur,Non,22 rue Jean Blanchard,THONON,0054,SNEF - France Travail CHAMBERY,Kalifa DIOMANDE
0002,"Agence Fontaine, contrat AFEO",AF248169,Ascenseur,Non,2 bis Rue du champ de la Taillée,SEYNOD,0054,SNEF - France Travail CHAMBERY,Kalifa DIOMANDE
0002,"Agence Fontaine, contrat AFEO",AF248170,Ascenseur,Non,170 rue du Coloney,SALLANCHES,0054,SNEF - France Travail CHAMBERY,Kalifa DIOMANDE
0002,"Agence Fontaine, contrat AFEO",AF248171,Ascenseur,Non,1 rue de l'Euro,MEYTHET,0054,SNEF - France Travail CHAMBERY,Kalifa DIOMANDE
0002,"Agence Fontaine, contrat AFEO",AF248172,Ascenseur,Non,127 avenue de Genève - BP 532,ANNECY,0054,SNEF - France Travail CHAMBERY,Kalifa DIOMANDE
0002,"Agence Fontaine, contrat AFEO",AF248173,Ascenseur,Non,"2C, avenue de Verdun ",ANNEMASSE ,0054,SNEF - France Travail CHAMBERY,Kalifa DIOMANDE
0002,"Agence Fontaine, contrat AFEO",AF248174,Ascenseur,Non,"2C, avenue de Verdun",ANNEMASSE ,0054,SNEF - France Travail CHAMBERY,Kalifa DIOMANDE
0002,"Agence Fontaine, contrat AFEO",AF248199,Barrière Levante,Non,354 A Avenue de Chabeuil,VALENCE,0030,SNEF - France Travail VALENCE,Karim MOKNECHE
0002,"Agence Fontaine, contrat AFEO",CM 000 066 ,Elévateur,Non,123 Impasse des Muguets ,LA ROCHE SUR FORON,0029,EAP FRANCE SAS,Houssam BOUAZIZ
0002,"Agence Fontaine, contrat AFEO",AF248223,Porte automatique,Non,3 RUE DES TERREAUX,COUBLEVIE,0022,GANDY,Jean-Paul SCARINGELLA
0002,"Agence Fontaine, contrat AFEO",AF248233,Portail,Non,1 Rue de l'Euro ,MEYTHET ,0054,SNEF - France Travail CHAMBERY,Kalifa DIOMANDE
0002,"Agence Fontaine, contrat AFEO",AF248234,Portail,Non,78 Avenue de la Bruyère ,GRENOBLE,0033,SNEF - France Travail GRENOBLE,Roman NOIREZ
0002,"Agence Fontaine, contrat AFEO",AF248252,Portail,Non,127 Avenue de Genève ,ANNECY ,0054,SNEF - France Travail CHAMBERY,Kalifa DIOMANDE
0002,"Agence Fontaine, contrat AFEO",AF248253,Portail,Non,127 Avenue de Genève ,ANNECY ,0054,SNEF - France Travail CHAMBERY,Kalifa DIOMANDE
0002,"Agence Fontaine, contrat AFEO",AF248254,Porte piétonne,Non,127 Avenue de Genève ,ANNECY ,0054,SNEF - France Travail CHAMBERY,Kalifa DIOMANDE
0002,"Agence Fontaine, contrat AFEO",AF248256,Porte automatique,Non,"1, Chemin de la Croix Rouge ",ANNECY,0054, LP PROMOTION ,Kalifa DIOMANDE
0002,"Agence Fontaine, contrat AFEO",AF248259,Ascenseur,Non,8 rue Paul Janet,GRENOBLE,0028,SDC 8 RUE PAUL JANET,Xavier VICTORION
0002,"Agence Fontaine, contrat AFEO",AF248277,Ascenseur,Non, 9A PLACE ST BRUNO,GRENOBLE,0022,SDC 9A PLACE ST BRUNO,Jean-Paul SCARINGELLA
0002,"Agence Fontaine, contrat AFEO",AF248278,Ascenseur,Non,8 Route de Chez Besson ,ST JORIOZ,0054,LA FERME DU CHATEAU DE NOIRET,Kalifa DIOMANDE
0002,"Agence Fontaine, contrat AFEO",AF248279,Monte voiture,Non,8 Route de Chez Besson ,ST JORIOZ,0054,LA FERME DU CHATEAU DE NOIRET,Kalifa DIOMANDE
0002,"Agence Fontaine, contrat AFEO",AF248280,Ascenseur,Non,1 rue Yves Farges ,FONTAINE,0068,LA MONTAIGNE,Léna GRAND CLEMENT
0002,"Agence Fontaine, contrat AFEO",AF248290,Porte automatique,Non,80 ROUTE DE LA MURAZ,ARCHAMPS,0012,BUFFALO GRILL D'ARCHAMPS ,Heithem ABID
0002,"Agence Fontaine, contrat AFEO",AF248292,Monte-Charge,Non,80 ROUTE DE LA MURAZ,ARCHAMPS,0012,BUFFALO GRILL D'ARCHAMPS ,Heithem ABID
0002,"Agence Fontaine, contrat AFEO",AF248326,Porte piétonne,Non,228 boulevard Wilson,AIX LES BAINS,0054,SNEF - France Travail CHAMBERY,Kalifa DIOMANDE
0002,"Agence Fontaine, contrat AFEO",AF248327,Porte piétonne,Non,228 boulevard Wilson,AIX LES BAINS,0054,SNEF - France Travail CHAMBERY,Kalifa DIOMANDE
0002,"Agence Fontaine, contrat AFEO",AF248328,Porte automatique,Non,11 avenue des chasseurs Alpins,ALBERTVILLE,0054,SNEF - France Travail CHAMBERY,Kalifa DIOMANDE
0002,"Agence Fontaine, contrat AFEO",AF248329,Porte automatique,Non,"2C, avenue de Verdun ",ANNEMASSE,0054,SNEF - France Travail CHAMBERY,Kalifa DIOMANDE
0002,"Agence Fontaine, contrat AFEO",AF248332,Porte automatique,Non,"2C, avenue de Verdun ",ANNEMASSE,0054,SNEF - France Travail CHAMBERY,Kalifa DIOMANDE
0002,"Agence Fontaine, contrat AFEO",AF248333,Porte automatique,Non,272 Avenue du Grand Verger,CHAMBERY,0074,SNEF - France Travail CHAMBERY,Julien TETU
0002,"Agence Fontaine, contrat AFEO",AF248334,Porte automatique,Non,272 Avenue du Grand Verger,CHAMBERY,0074,SNEF - France Travail CHAMBERY,Julien TETU
0002,"Agence Fontaine, contrat AFEO",AF248335,Porte automatique,Non,171 Place Edmond Desailloud,CHAMONIX,0054,SNEF - France Travail CHAMBERY,Kalifa DIOMANDE
0002,"Agence Fontaine, contrat AFEO",AF248336,Porte automatique,Oui,26 Rue de la Liberté,FONTAINE,0033,SNEF - France Travail GRENOBLE,Roman NOIREZ
0002,"Agence Fontaine, contrat AFEO",AF248337,Porte automatique,Non,78 avenue de la bruyère,GRENOBLE,0033,SNEF - France Travail GRENOBLE,Roman NOIREZ
0002,"Agence Fontaine, contrat AFEO",AF248338,Porte automatique,Non,78 avenue de la bruyère,GRENOBLE,0033,SNEF - France Travail GRENOBLE,Roman NOIREZ
0002,"Agence Fontaine, contrat AFEO",AF248339,Porte automatique,Non,1 rue d'Arménie,GRENOBLE,0033,SNEF - France Travail GRENOBLE,Roman NOIREZ
0002,"Agence Fontaine, contrat AFEO",AF248340,Porte automatique,Non,1 rue d'Arménie,GRENOBLE,0033,SNEF - France Travail GRENOBLE,Roman NOIREZ
0002,"Agence Fontaine, contrat AFEO",AF248341,Porte piétonne,Non,1 rue d'Arménie,GRENOBLE,0033,SNEF - France Travail GRENOBLE,Roman NOIREZ
0002,"Agence Fontaine, contrat AFEO",AF248342,Porte piétonne,Non,1 rue d'Arménie,GRENOBLE,0033,SNEF - France Travail GRENOBLE,Roman NOIREZ
0002,"Agence Fontaine, contrat AFEO",AF248343,Porte piétonne,Non,1 rue d'Arménie,GRENOBLE,0033,SNEF - France Travail GRENOBLE,Roman NOIREZ
0002,"Agence Fontaine, contrat AFEO",AF248344,Porte piétonne,Non,1 rue d'Arménie,GRENOBLE,0033,SNEF - France Travail GRENOBLE,Roman NOIREZ
0002,"Agence Fontaine, contrat AFEO",AF248346,Porte automatique,Non,20 Rue du Lac Majeur ,LE BOURGET DU LAC,0054,SNEF - France Travail CHAMBERY,Kalifa DIOMANDE
0002,"Agence Fontaine, contrat AFEO",AF248347,Porte automatique,Non,1 Rue de l'Euro ,MEYTHET ,0054,SNEF - France Travail CHAMBERY,Kalifa DIOMANDE
0002,"Agence Fontaine, contrat AFEO",AF248348,Porte de garage,Non,86 RUE DU RIVIER,APPRIEU,0022,SDC LE ST GEORGES,Jean-Paul SCARINGELLA
0002,"Agence Fontaine, contrat AFEO",AF248349,Porte piétonne,Non,11 Rue des casernes,MOUTIERS,0029,SNEF - France Travail CHAMBERY,Houssam BOUAZIZ
0002,"Agence Fontaine, contrat AFEO",AF248351,Porte coulissante,Non,1 Avenue Maréchal Juin,PONT DE CLAIX,0033,SNEF - France Travail GRENOBLE,Roman NOIREZ
0002,"Agence Fontaine, contrat AFEO",AF248352,Porte automatique,Non,440 Avenue de la Gare,PONTCHARRA,0033,SNEF - France Travail GRENOBLE,Roman NOIREZ
0002,"Agence Fontaine, contrat AFEO",AF248353,Porte automatique,Non,440 Avenue de la Gare,PONTCHARRA,0033,SNEF - France Travail GRENOBLE,Roman NOIREZ
0002,"Agence Fontaine, contrat AFEO",AF248356,Porte coulissante,Non,2 bis Rue du champ de la Taillée,SEYNOD,0054,SNEF - France Travail CHAMBERY,Kalifa DIOMANDE
0002,"Agence Fontaine, contrat AFEO",AF248357,Porte coulissante,Non,2 bis Rue du champ de la Taillée,SEYNOD,0054,SNEF - France Travail CHAMBERY,Kalifa DIOMANDE
0002,"Agence Fontaine, contrat AFEO",AF248358,Porte piétonne,Non,310 Rue Jean Moulin,ST JEAN DE MAURIENNE,0029,SNEF - France Travail CHAMBERY,Houssam BOUAZIZ
0002,"Agence Fontaine, contrat AFEO",AF248359,Porte piétonne,Non,310 Rue Jean Moulin,ST JEAN DE MAURIENNE,0029,SNEF - France Travail CHAMBERY,Houssam BOUAZIZ
0002,"Agence Fontaine, contrat AFEO",AF248360,Porte automatique,Non,4 Rue la Fontaine,ST MARCELLIN,0030,SNEF - France Travail VALENCE,Karim MOKNECHE
0002,"Agence Fontaine, contrat AFEO",AF248361,Porte automatique,Non,22 Av Benoit Frachon,ST MARTIN D'HERES,0033,SNEF - France Travail GRENOBLE,Roman NOIREZ
0002,"Agence Fontaine, contrat AFEO",AF248362,Porte piétonne,Non,22 rue Jean Blanchard,THONON,0054,SNEF - France Travail CHAMBERY,Kalifa DIOMANDE
0002,"Agence Fontaine, contrat AFEO",AF248363,Porte piétonne,Non,22 rue Jean Blanchard,THONON,0054,SNEF - France Travail CHAMBERY,Kalifa DIOMANDE
0002,"Agence Fontaine, contrat AFEO",AF248367,Porte automatique,Non,4 Rue la Fontaine,ST MARCELLIN,0030,SNEF - France Travail VALENCE,Karim MOKNECHE
0002,"Agence Fontaine, contrat AFEO",AF248368,Rideau métallique,Non,4 Rue de la Fontaine ,ST MARCELLIN,0030,SNEF - France Travail VALENCE,Karim MOKNECHE
0002,"Agence Fontaine, contrat AFEO",AF248369,Porte coulissante,Non,"ZA des Laurons, 465 rue Guillaume de Pays",NYONS,0030,SNEF - France Travail VALENCE,Karim MOKNECHE
0002,"Agence Fontaine, contrat AFEO",AF248370,Porte automatique,Non,4 Avenue Félix Rozier,CREST,0030,SNEF - France Travail VALENCE,Karim MOKNECHE
0002,"Agence Fontaine, contrat AFEO",AF248372,Rideau métallique,Non,26 Rue de la Liberté ,FONTAINE,0033,SNEF - France Travail GRENOBLE,Roman NOIREZ
0002,"Agence Fontaine, contrat AFEO",AF248375,Porte automatique,Non,"Chamrousse ""La Croisette""",CHAMROUSSE,0033,La Croisette ,Roman NOIREZ
0002,"Agence Fontaine, contrat AFEO",AF248401,Porte automatique,Non,941 ROUTE DEPARTEMENTALE 1090,BIVIERS,0033,SAS J ET G AU CHARBON,Roman NOIREZ
0002,"Agence Fontaine, contrat AFEO",AF248402,Tourniquet,Non,30 rue Claude Chappe,GUILHERAND GRANGES,0030,Conduent Valence,Karim MOKNECHE
0002,"Agence Fontaine, contrat AFEO",AF248406,Portail,Non,33 rue Frédéric Chopin ,VALENCE,0030,SNEF - France Travail VALENCE,Karim MOKNECHE
0002,"Agence Fontaine, contrat AFEO",AF248407,Porte de garage,Non,5 RUE DE LA GARENNE,VOIRON,0022,INUA,Jean-Paul SCARINGELLA
0002,"Agence Fontaine, contrat AFEO",AF248408,Portail,Non,5 RUE DE LA GARENNE,VOIRON,0022,INUA,Jean-Paul SCARINGELLA
0002,"Agence Fontaine, contrat AFEO",AF248428,Rideau métallique,Non,1115 AVENUE GEORGES CLEMENCEAU,CLUSES,0054,SNEF - France Travail CHAMBERY,Kalifa DIOMANDE
0002,"Agence Fontaine, contrat AFEO",AF248429,Rideau métallique,Non,1115 AVENUE GEORGES CLEMENCEAU,CLUSES,0054,SNEF - France Travail CHAMBERY,Kalifa DIOMANDE
0002,"Agence Fontaine, contrat AFEO",AF248430,Porte automatique,Non,1115 AVENUE GEORGES CLEMENCEAU,CLUSES,0054,SNEF - France Travail CHAMBERY,Kalifa DIOMANDE
0002,"Agence Fontaine, contrat AFEO",AF248431,Porte automatique,Non,1115 AVENUE GEORGES CLEMENCEAU,CLUSES,0054,SNEF - France Travail CHAMBERY,Kalifa DIOMANDE
0002,"Agence Fontaine, contrat AFEO",AF248433,Porte automatique,Non,11 avenue des chasseurs Alpins,ALBERTVILLE,0054,SNEF - France Travail CHAMBERY,Kalifa DIOMANDE
0002,"Agence Fontaine, contrat AFEO",AF248434,Rideau métallique,Non,11 avenue des chasseurs Alpins,ALBERTVILLE,0054,SNEF - France Travail CHAMBERY,Kalifa DIOMANDE
0002,"Agence Fontaine, contrat AFEO",AF248435,Porte basculante,Non,11 avenue des chasseurs Alpins,ALBERTVILLE,0054,SNEF - France Travail CHAMBERY,Kalifa DIOMANDE
0002,"Agence Fontaine, contrat AFEO",AF248436,Porte basculante,Non,11 avenue des chasseurs Alpins,ALBERTVILLE,0054,SNEF - France Travail CHAMBERY,Kalifa DIOMANDE
0002,"Agence Fontaine, contrat AFEO",AF248437,Barrière Levante,Non,1 Rue de l'Euro ,MEYTHET ,0054,SNEF - France Travail CHAMBERY,Kalifa DIOMANDE
0002,"Agence Fontaine, contrat AFEO",AF248439,Barrière Levante,Non,11 Rue des casernes,MOUTIERS,0029,SNEF - France Travail CHAMBERY,Houssam BOUAZIZ
0002,"Agence Fontaine, contrat AFEO",AF248441,Porte de garage,Non,2 bis Rue du champ de la Taillée,SEYNOD,0054,SNEF - France Travail CHAMBERY,Kalifa DIOMANDE
0002,"Agence Fontaine, contrat AFEO",AF248442,Barrière,Non,310 Rue Jean Moulin,ST JEAN DE MAURIENNE,0029,SNEF - France Travail CHAMBERY,Houssam BOUAZIZ
0002,"Agence Fontaine, contrat AFEO",AF248460,Elévateur,Non,Avenue Jean Séraphin Achard Picard,VILLARD DE LANS,0052,SCI TROPHI,Martin DO NASCIMENTO
0002,"Agence Fontaine, contrat AFEO",AF248466,Porte piétonne,Non,825 BD DU DOCTEUR JEAN JULES HERBERT,AIX LES BAINS,0054,HERMES - Aix Les Bains,Kalifa DIOMANDE
0002,"Agence Fontaine, contrat AFEO",AF248467,Porte piétonne,Non,825 BD DU DOCTEUR JEAN JULES HERBERT,AIX LES BAINS,0054,HERMES - Aix Les Bains,Kalifa DIOMANDE
0002,"Agence Fontaine, contrat AFEO",AF248490,Rideau métallique,Non,26 Rue de la Liberté ,FONTAINE,0033,SNEF - France Travail GRENOBLE,Roman NOIREZ
0002,"Agence Fontaine, contrat AFEO",AF248493,Portail,Non,1 Avenue Maréchal Juin,PONT DE CLAIX,0033,SNEF - France Travail GRENOBLE,Roman NOIREZ
0002,"Agence Fontaine, contrat AFEO",AF248503,EPMR elevtr pr pers a mobilité reduite,Non,18 Chemin de Maupertuis,MEYLAN,0033,Monsieur POLLICAND,Roman NOIREZ
0002,"Agence Fontaine, contrat AFEO",AF247961,Ascenseur,Non,684 Route des Pettoreaux,MEGEVE,0054,SCI  RIVASAN Corp ,Kalifa DIOMANDE
0002,"Agence Fontaine, contrat AFEO",AF247913,Ascenseur,Non,324 Allée des Champs Loquets,MEGEVE,0054,SNC Bougie Mégeve,Kalifa DIOMANDE
0002,"Agence Fontaine, contrat AFEO",AF248523,Barrière,Non,29 rue de la minoterie,ANNECY,0054,RESIDENCE LE FLORESCENCE,Kalifa DIOMANDE
0002,"Agence Fontaine, contrat AFEO",AF248526,Portail,Non,29 rue de la minoterie,ANNECY,0054,RESIDENCE LE FLORESCENCE,Kalifa DIOMANDE
0002,"Agence Fontaine, contrat AFEO",AF248534,Porte de garage,Non,29 rue de la minoterie,ANNECY,0054,RESIDENCE LE FLORESCENCE,Kalifa DIOMANDE
0002,"Agence Fontaine, contrat AFEO",AF248535,Porte de garage,Non,29 rue de la minoterie,ANNECY,0054,RESIDENCE LE FLORESCENCE,Kalifa DIOMANDE
0002,"Agence Fontaine, contrat AFEO",AF248536,Ascenseur,Non,3 Boulevard Clémenceau ,GRENOBLE,0028,SDC L'AMIRAL ,Xavier VICTORION
0002,"Agence Fontaine, contrat AFEO",AF248555,EPMR elevtr pr pers a mobilité reduite,Non,20 Rue du Cairou ,LES 2 ALPES,0052,SARL PEARLS ,Martin DO NASCIMENTO
0002,"Agence Fontaine, contrat AFEO",AF248562,Ascenseur,Non,181 Rue du Colonel Manhès,VIZILLE,0052,LPV LOGEMENT DU PAYS DE VIZILLE,Martin DO NASCIMENTO
0002,"Agence Fontaine, contrat AFEO",AF258656,Porte de garage,Non,08 Allée d'Anjou ,ECHIROLLES,0033,LE BOURG NEUF ,Roman NOIREZ
0002,"Agence Fontaine, contrat AFEO",AF258657,Porte de garage,Non,08 Allée d'Anjou ,ECHIROLLES,0033,LE BOURG NEUF ,Roman NOIREZ
0002,"Agence Fontaine, contrat AFEO",AF258658,Porte de garage,Non,08 Allée d'Anjou ,ECHIROLLES,0033,LE BOURG NEUF ,Roman NOIREZ
0002,"Agence Fontaine, contrat AFEO",AF258659,Porte de garage,Non,08 Allée d'Anjou ,ECHIROLLES,0033,LE BOURG NEUF ,Roman NOIREZ
0002,"Agence Fontaine, contrat AFEO",AF258665,Elévateur,Non,270 MALOMBRE,MALATAVERNE,0067,DOMAINE DU COLOMBIER,SOREA
0002,"Agence Fontaine, contrat AFEO",AF258668,Ascenseur,Non,50 Rue Jean Vaujany ,GRENOBLE,0052,GRENOBLE ALPES METROPOLE,Martin DO NASCIMENTO
0002,"Agence Fontaine, contrat AFEO",AF258671,Porte automatique,Non,2 avenue du vercors ,MEYLAN,0033,ROCHE DIAGNOSTICS FRANCE,Roman NOIREZ
0002,"Agence Fontaine, contrat AFEO",AF258672,Porte automatique,Non,2 avenue du vercors ,MEYLAN,0033,ROCHE DIAGNOSTICS FRANCE,Roman NOIREZ
0002,"Agence Fontaine, contrat AFEO",AF258673,Porte automatique,Non,2 avenue du vercors ,MEYLAN,0033,ROCHE DIAGNOSTICS FRANCE,Roman NOIREZ
0002,"Agence Fontaine, contrat AFEO",AF258674,Porte automatique,Non,2 avenue du vercors ,MEYLAN,0033,ROCHE DIAGNOSTICS FRANCE,Roman NOIREZ
0002,"Agence Fontaine, contrat AFEO",AF258675,Porte automatique,Non, 2 avenue du vercors ,MEYLAN,0033,ROCHE DIAGNOSTICS FRANCE,Roman NOIREZ
0002,"Agence Fontaine, contrat AFEO",AF258676,Porte automatique,Non,2 avenue du vercors ,MEYLAN,0033,ROCHE DIAGNOSTICS FRANCE,Roman NOIREZ
0002,"Agence Fontaine, contrat AFEO",AF258677,Porte automatique,Non,2 avenue du vercors ,MEYLAN,0033,ROCHE DIAGNOSTICS FRANCE,Roman NOIREZ
0002,"Agence Fontaine, contrat AFEO",AF258678,Porte automatique,Non,2 avenue du vercors,MEYLAN,0033,ROCHE DIAGNOSTICS FRANCE,Roman NOIREZ
0002,"Agence Fontaine, contrat AFEO",AF258679,Porte automatique,Non,2 avenue du vercors ,MEYLAN,0033,ROCHE DIAGNOSTICS FRANCE,Roman NOIREZ
0002,"Agence Fontaine, contrat AFEO",AF258680,Porte automatique,Non,2 avenue du vercors ,MEYLAN,0033,ROCHE DIAGNOSTICS FRANCE,Roman NOIREZ
0002,"Agence Fontaine, contrat AFEO",AF258681,Portail,Non,2 avenue du vercors ,MEYLAN,0033,ROCHE DIAGNOSTICS FRANCE,Roman NOIREZ
0002,"Agence Fontaine, contrat AFEO",AF258682,Portail,Non,2 avenue du vercors ,MEYLAN,0033,ROCHE DIAGNOSTICS FRANCE,Roman NOIREZ
0002,"Agence Fontaine, contrat AFEO",AF258683,Portail,Non,2 avenue du vercors ,MEYLAN,0033,ROCHE DIAGNOSTICS FRANCE,Roman NOIREZ
0002,"Agence Fontaine, contrat AFEO",AF258684,Portail,Non,2 avenue du vercors ,MEYLAN,0033,ROCHE DIAGNOSTICS FRANCE,Roman NOIREZ
0002,"Agence Fontaine, contrat AFEO",AF258685,Barrière Levante,Non,2 avenue du vercors ,MEYLAN,0033,ROCHE DIAGNOSTICS FRANCE,Roman NOIREZ
0002,"Agence Fontaine, contrat AFEO",AF258686,Barrière Levante,Non, 2 avenue du vercors ,MEYLAN,0033,ROCHE DIAGNOSTICS FRANCE,Roman NOIREZ
0002,"Agence Fontaine, contrat AFEO",AF258709,Portail,"Oui, Travaux",75 Rue de Versoix ,FERNEY VOLTAIRE,0012,SDC Résidence LES FLORALIES ,Heithem ABID
0002,"Agence Fontaine, contrat AFEO",AF258710,Porte de garage,Non,75 Rue de Versoix,FERNEY VOLTAIRE,0012,SDC Résidence LES FLORALIES ,Heithem ABID
0002,"Agence Fontaine, contrat AFEO",ASC0001,Ascenseur,Non,400 Faubourg Maché ,CHAMBERY,0074,CENTRE HOSPITALIER METROPOLE SAVOIE ,Julien TETU
0002,"Agence Fontaine, contrat AFEO",ASC0002,Ascenseur,"Oui, Travaux",400 Faubourg Maché  ,CHAMBERY,0074,CENTRE HOSPITALIER METROPOLE SAVOIE ,Julien TETU
0002,"Agence Fontaine, contrat AFEO",ASC0003,Ascenseur,Non,400 Faubourg Maché ,CHAMBERY,0074,CENTRE HOSPITALIER METROPOLE SAVOIE ,Julien TETU
0002,"Agence Fontaine, contrat AFEO",ASC0004,Ascenseur,Non,400 Faubourg Maché ,CHAMBERY,0074,CENTRE HOSPITALIER METROPOLE SAVOIE ,Julien TETU
0002,"Agence Fontaine, contrat AFEO",ASC0005,Ascenseur,Non,400 Faubourg Maché,CHAMBERY,0074,CENTRE HOSPITALIER METROPOLE SAVOIE ,Julien TETU
0002,"Agence Fontaine, contrat AFEO",ASC0006,Ascenseur,Non,400 Faubourg Maché ,CHAMBERY,0074,CENTRE HOSPITALIER METROPOLE SAVOIE ,Julien TETU
0002,"Agence Fontaine, contrat AFEO",ASC0007,Ascenseur,Non,400 Faubourg Maché  ,CHAMBERY,0074,CENTRE HOSPITALIER METROPOLE SAVOIE ,Julien TETU
0002,"Agence Fontaine, contrat AFEO",ASC0008,Ascenseur,Non,400 Faubourg Maché,CHAMBERY,0074,CENTRE HOSPITALIER METROPOLE SAVOIE ,Julien TETU
0002,"Agence Fontaine, contrat AFEO",ASC0009,Ascenseur,Non,400 Faubourg Maché,CHAMBERY,0074,CENTRE HOSPITALIER METROPOLE SAVOIE ,Julien TETU
0002,"Agence Fontaine, contrat AFEO",ASC0010,Ascenseur,Non,400 Faubourg Maché ,CHAMBERY,0074,CENTRE HOSPITALIER METROPOLE SAVOIE ,Julien TETU
0002,"Agence Fontaine, contrat AFEO",ASC0020,Ascenseur,Non,Site de l'Hôtel Dieu ,CHAMBERY,0074,CENTRE HOSPITALIER METROPOLE SAVOIE ,Julien TETU
0002,"Agence Fontaine, contrat AFEO",ASC0021,Ascenseur,Non,Site de l'Hôtel Dieu ,CHAMBERY,0074,CENTRE HOSPITALIER METROPOLE SAVOIE ,Julien TETU
0002,"Agence Fontaine, contrat AFEO",ASC0022,Ascenseur,Non,Site de l'Hôtel Dieu ,CHAMBERY,0074,CENTRE HOSPITALIER METROPOLE SAVOIE ,Julien TETU
0002,"Agence Fontaine, contrat AFEO",ASC0030,Ascenseur,Non,Site de l'Hôtel Dieu ,CHAMBERY,0074,CENTRE HOSPITALIER METROPOLE SAVOIE ,Julien TETU
0002,"Agence Fontaine, contrat AFEO",ASC0032,Ascenseur,Non,Site de l'Hôtel Dieu ,CHAMBERY,0074,CENTRE HOSPITALIER METROPOLE SAVOIE ,Julien TETU
0002,"Agence Fontaine, contrat AFEO",ASC0040,Ascenseur,Non,HDF Terrasse de l'Horloge,CHAMBERY,0074,CENTRE HOSPITALIER METROPOLE SAVOIE ,Julien TETU
0002,"Agence Fontaine, contrat AFEO",ASC0041,Ascenseur,Non,HDF Terrasses de l'Horloge,CHAMBERY,0074,CENTRE HOSPITALIER METROPOLE SAVOIE ,Julien TETU
0002,"Agence Fontaine, contrat AFEO",ASC0052,Ascenseur,Non,Site de l'Hôtel Dieu ,CHAMBERY,0074,CENTRE HOSPITALIER METROPOLE SAVOIE ,Julien TETU
0002,"Agence Fontaine, contrat AFEO",ASC0060,Ascenseur,Non,5 Rue Pierre et Marie Curie ,CHAMBERY,0074,CENTRE HOSPITALIER METROPOLE SAVOIE ,Julien TETU
0002,"Agence Fontaine, contrat AFEO",ASC0061,Ascenseur,Non,5 Rue Pierre et Marie Curie ,CHAMBERY,0074,CENTRE HOSPITALIER METROPOLE SAVOIE ,Julien TETU
0002,"Agence Fontaine, contrat AFEO",ASC0062,Ascenseur,Non,5 Rue Pierre et Marie Curie ,CHAMBERY,0074,CENTRE HOSPITALIER METROPOLE SAVOIE ,Julien TETU
0002,"Agence Fontaine, contrat AFEO",ASC0063,Ascenseur,Non,5 Rue Pierre et Marie Curie ,CHAMBERY,0074,CENTRE HOSPITALIER METROPOLE SAVOIE ,Julien TETU
0002,"Agence Fontaine, contrat AFEO",ASC0064,Ascenseur,Non,5 Rue Pierre et Marie Curie ,CHAMBERY,0074,CENTRE HOSPITALIER METROPOLE SAVOIE ,Julien TETU
0002,"Agence Fontaine, contrat AFEO",MCH0002,Monte-Charge,Non,5 Rue Pierre et Marie Curie ,CHAMBERY,0074,CENTRE HOSPITALIER METROPOLE SAVOIE ,Julien TETU
0002,"Agence Fontaine, contrat AFEO",MCH0001,Monte-Charge,Non,5 Rue Pierre et Marie Curie ,CHAMBERY,0074,CENTRE HOSPITALIER METROPOLE SAVOIE ,Julien TETU
0002,"Agence Fontaine, contrat AFEO",ASC0070,Ascenseur,Non,740 Faubourg Maché ,CHAMBERY,0074,CENTRE HOSPITALIER METROPOLE SAVOIE ,Julien TETU
0002,"Agence Fontaine, contrat AFEO",ASC0080,Ascenseur,Non,Rue Paul Verlaine ,JACOB BELLECOMBETTE,0074,CENTRE HOSPITALIER METROPOLE SAVOIE ,Julien TETU
0002,"Agence Fontaine, contrat AFEO",ASC0081,Ascenseur,Non,Rue Paul Verlaine ,JACOB BELLECOMBETTE,0074,CENTRE HOSPITALIER METROPOLE SAVOIE ,Julien TETU
0002,"Agence Fontaine, contrat AFEO",ASC0090,Ascenseur,Non,2 Rue Jean Baptiste Richard ,JACOB BELLECOMBETTE,0074,CENTRE HOSPITALIER METROPOLE SAVOIE ,Julien TETU
0002,"Agence Fontaine, contrat AFEO",ASC0091,Ascenseur,Non,2 Rue Jean Baptiste Richard ,JACOB BELLECOMBETTE,0074,CENTRE HOSPITALIER METROPOLE SAVOIE ,Julien TETU
0002,"Agence Fontaine, contrat AFEO",ASC0092,Ascenseur,Non,2 Rue Jean Baptiste Richard ,JACOB BELLECOMBETTE,0074,CENTRE HOSPITALIER METROPOLE SAVOIE ,Julien TETU
0002,"Agence Fontaine, contrat AFEO",ASC0100,Ascenseur,Non,2 Rue Jean Baptiste Richard ,JACOB BELLECOMBETTE,0074,CENTRE HOSPITALIER METROPOLE SAVOIE ,Julien TETU
0002,"Agence Fontaine, contrat AFEO",ASC0101,Ascenseur,Non,2 Rue Jean Baptiste Richard ,JACOB BELLECOMBETTE,0074,CENTRE HOSPITALIER METROPOLE SAVOIE ,Julien TETU
0002,"Agence Fontaine, contrat AFEO",AF258763,Ascenseur,Non,10 Rue Pierre Sémard ,FONTAINE,0068,SCPI UNIDEL TA ESPACE LANGEVIN 9020,Léna GRAND CLEMENT
0002,"Agence Fontaine, contrat AFEO",AF258764,Porte de garage,Non,42 Boulevard de Campaloud ,VOIRON,0022,SDC L'OPERA,Jean-Paul SCARINGELLA
0002,"Agence Fontaine, contrat AFEO",AF258765,Porte de garage,Non,42 Boulevard de Campaloud ,VOIRON,0022,SDC L'OPERA,Jean-Paul SCARINGELLA
0002,"Agence Fontaine, contrat AFEO",6671,Plate-Forme,Non,ZA LES RUIRES- Rue Evariste Galois,EYBENS,0052,CAURET ,Martin DO NASCIMENTO
0002,"Agence Fontaine, contrat AFEO",AF237673 ,Ascenseur,Non,73 impasse des cerisiers,MEGEVE,0054,Chalet Mde & Mr MULLEN,Kalifa DIOMANDE
0002,"Agence Fontaine, contrat AFEO",AF258782,Tourniquet,Non,2 avenue du vercors ,MEYLAN,0033,ROCHE DIAGNOSTICS FRANCE,Roman NOIREZ
0002,"Agence Fontaine, contrat AFEO",AF258783,Tourniquet,Non,2 avenue du vercors ,MEYLAN,0033,ROCHE DIAGNOSTICS FRANCE,Roman NOIREZ
0002,"Agence Fontaine, contrat AFEO",AF258784,Tourniquet,Non,2 avenue du vercors ,MEYLAN,0033,ROCHE DIAGNOSTICS FRANCE,Roman NOIREZ
0002,"Agence Fontaine, contrat AFEO",AF258785,Portail,Non,46 Avenue du Vercors ,TULLINS,0022,SDC Les Balcons du Vercors ,Jean-Paul SCARINGELLA
0002,"Agence Fontaine, contrat AFEO",AF258804,Porte automatique,Non,11 Rue de la République ,GRENOBLE,0033,SAS J ET G AU CHARBON,Roman NOIREZ
0002,"Agence Fontaine, contrat AFEO",AF258805,Porte automatique,Non,11 Rue de la République ,GRENOBLE,0033,SAS J ET G AU CHARBON,Roman NOIREZ
0002,"Agence Fontaine, contrat AFEO",AF258806,Porte automatique,Non,23 Avenue Alsace Lorraine ,GRENOBLE,0033,SAS J ET G AU CHARBON,Roman NOIREZ
0002,"Agence Fontaine, contrat AFEO",AF258807,Porte automatique,Non,23 Avenue Alsace Lorraine ,GRENOBLE,0033,SAS J ET G AU CHARBON,Roman NOIREZ
0002,"Agence Fontaine, contrat AFEO",AF258808,Porte automatique,Non,27 Avenue Alsace Lorraine ,GRENOBLE,0033,SAS J ET G AU CHARBON,Roman NOIREZ
0002,"Agence Fontaine, contrat AFEO",AF258809,Porte automatique,Non,27 Avenue Alsace Lorraine ,GRENOBLE,0033,SAS J ET G AU CHARBON,Roman NOIREZ
0002,"Agence Fontaine, contrat AFEO",AF258811,Ascenseur,Non,2 Rue de la Neva ,GRENOBLE,0068,SIEMENS,Léna GRAND CLEMENT
0002,"Agence Fontaine, contrat AFEO",AF258812,Ascenseur,Non,2 Rue de la Neva ,GRENOBLE,0068,SIEMENS,Léna GRAND CLEMENT
0002,"Agence Fontaine, contrat AFEO",AF258837,Rideau,Non,941 ROUTE DEPARTEMENTALE 1090,BIVIERS,0033,SAS J ET G AU CHARBON,Roman NOIREZ
0002,"Agence Fontaine, contrat AFEO",AF258838,Rideau,Non,11 Rue de la République ,GRENOBLE,0033,SAS J ET G AU CHARBON,Roman NOIREZ
0002,"Agence Fontaine, contrat AFEO",AF258839,Rideau,Non,11 Rue de la République ,GRENOBLE,0033,SAS J ET G AU CHARBON,Roman NOIREZ
0002,"Agence Fontaine, contrat AFEO",AF258840,Rideau,Non,23 Avenue Alsace Lorraine ,GRENOBLE,0033,SAS J ET G AU CHARBON,Roman NOIREZ
0002,"Agence Fontaine, contrat AFEO",AF258841,Rideau,Non,23 Avenue Alsace Lorraine ,GRENOBLE,0033,SAS J ET G AU CHARBON,Roman NOIREZ
0002,"Agence Fontaine, contrat AFEO",AF258843,Porte de garage,Non,480 Rue de la Mairie ,CESSY ,0012,SDC Résidence De Cessy ,Heithem ABID
0002,"Agence Fontaine, contrat AFEO",AF258850,Porte de garage,Non,5 rue des Cordiers,LA COTE ST ANDRE,0030,SDC Côté Village,Karim MOKNECHE
0002,"Agence Fontaine, contrat AFEO",AF258851,Portail,Non,5 Rue des Cordiers,LA COTE ST ANDRE,0030,SDC Côté Village,Karim MOKNECHE
0002,"Agence Fontaine, contrat AFEO",AF258857,Ascenseur,Non,29 RUE PIERRE SEMARD,GRENOBLE,0068,HOTEL EUROPOLE,Léna GRAND CLEMENT
0002,"Agence Fontaine, contrat AFEO",AF258935,EPMR elevtr pr pers a mobilité reduite,Non,51 Rue Ducis ,CHAMBERY,0074,Secours Catholique - Délégation de Savoie ,Julien TETU
0002,"Agence Fontaine, contrat AFEO",AF226783,Ascenseur,Non,Allée de la Forêt,SASSENAGE,0068,CHATEAU DE BEAUREVOIR,Léna GRAND CLEMENT
0002,"Agence Fontaine, contrat AFEO",AF258997,Elévateur,Non,176 Rue Rolland Chevalier,BILIEU,0022,Petit Prince,Jean-Paul SCARINGELLA
0002,"Agence Fontaine, contrat AFEO",AF259012,Elévateur,"Oui, Travaux",70 Impasse du Schuss,THOLLON LES MEMISES,0054,Restaurant Les Balcons du Lac,Kalifa DIOMANDE
0002,"Agence Fontaine, contrat AFEO",AF259013,EPMR elevtr pr pers a mobilité reduite,Non,1 bis Rue Alfred de Musset,GRENOBLE,0052,Avenir Formation,Martin DO NASCIMENTO
0002,"Agence Fontaine, contrat AFEO",AF259036,Portail,Non,480 Rue de la Mairie ,CESSY ,0012,SDC Résidence De Cessy ,Heithem ABID
0002,"Agence Fontaine, contrat AFEO",AF259037,Portail,Non,480 Rue de la Mairie ,CESSY ,0012,SDC Résidence De Cessy ,Heithem ABID
0002,"Agence Fontaine, contrat AFEO",AF259038,Portail,Non,480 Rue de la Mairie ,CESSY ,0012,SDC Résidence De Cessy ,Heithem ABID
0002,"Agence Fontaine, contrat AFEO",AF248276,Ascenseur,Non,CHALET OLIVIER,MEGEVE,0054,CHALET OLIVIER,Kalifa DIOMANDE
0002,"Agence Fontaine, contrat AFEO",AF259067,Porte de garage,Non,3910 Rue de Genève,Saint Genis Pouilly,0012,Résidence LA RIVIERE,Heithem ABID
0002,"Agence Fontaine, contrat AFEO",AF259086,Portail,Non,Avenue Emile Charvoz ,MODANE,0029,SNEF - Marché Orange Alpes Fermeture,Houssam BOUAZIZ
0002,"Agence Fontaine, contrat AFEO",AF259095,Ascenseur,Non,3 Rue de la Halle ,ST MARTIN D HERES,0052,SDC COTE PARC ,Martin DO NASCIMENTO
0002,"Agence Fontaine, contrat AFEO",AF259096,Ascenseur,Non,20 Rue de la Biscuiterie ,ST MARTIN D HERES,0052,SDC COTE PARC ,Martin DO NASCIMENTO
0002,"Agence Fontaine, contrat AFEO",AF259097,Ascenseur,Oui,22 Rue de la Biscuiterie ,ST MARTIN D HERES,0052,SDC COTE PARC ,Martin DO NASCIMENTO
0002,"Agence Fontaine, contrat AFEO",AF259098,Porte de garage,Non,3 Rue de la Halle/20 et 22 Rue de la Biscuiterie ,ST MARTIN D HERES,0033,SDC COTE PARC ,Roman NOIREZ
0002,"Agence Fontaine, contrat AFEO",AF259113,Rideau,Non,25 AVENUE DU PARMELAN,ANNECY,0054,MILLET MOUNTAIN GROUP,Kalifa DIOMANDE
0002,"Agence Fontaine, contrat AFEO",AF259114,Rideau,Non,165 RUE DU DR PACCARD,CHAMONIX MONT BLANC,0054,MILLET MOUNTAIN GROUP,Kalifa DIOMANDE
0002,"Agence Fontaine, contrat AFEO",AF259121,Portail,Non,RUE DES ACACIAS,GEX,0012,SNEF - Marché Orange Alpes Fermeture,Heithem ABID
0002,"Agence Fontaine, contrat AFEO",AF259123,Portail,Non,Impasse Charles Bourseul ,VOREPPE,0033,SNEF - Marché Orange Alpes Fermeture,Roman NOIREZ
0002,"Agence Fontaine, contrat AFEO",AF247963,Ascenseur,Non,160 RUE MARC PANISSOD,GEX,0012,CENTRE HOSPITALIER DU PAYS DE GEX ,Heithem ABID
0002,"Agence Fontaine, contrat AFEO",AF259153,Porte piétonne,Non,47 route des Ecassaz,BELLEY,0058,Hermes - Belley,Olivier VUILLAUME 
0002,"Agence Fontaine, contrat AFEO",AF259154,Porte piétonne,Non,47 route des Ecassaz,BELLEY,0058,Hermes - Belley,Olivier VUILLAUME 
0002,"Agence Fontaine, contrat AFEO",AF259155,Porte piétonne,Non,47 route des Ecassaz,BELLEY,0058,Hermes - Belley,Olivier VUILLAUME 
0002,"Agence Fontaine, contrat AFEO",AF259156,Porte piétonne,Non,47 route des Ecassaz,BELLEY,0058,Hermes - Belley,Olivier VUILLAUME 
0002,"Agence Fontaine, contrat AFEO",AF259157,Rideau,Non,47 route des Ecassaz,BELLEY,0058,Hermes - Belley,Olivier VUILLAUME 
0002,"Agence Fontaine, contrat AFEO",AF259158,Rideau,Non,47 route des Ecassaz,BELLEY,0058,Hermes - Belley,Olivier VUILLAUME 
0002,"Agence Fontaine, contrat AFEO",AF259159,Rideau,Non,47 route des Ecassaz,BELLEY,0058,Hermes - Belley,Olivier VUILLAUME 
0002,"Agence Fontaine, contrat AFEO",AF259160,Rideau,Non,47 route des Ecassaz,BELLEY,0058,Hermes - Belley,Olivier VUILLAUME 
0002,"Agence Fontaine, contrat AFEO",AF259161,Niveleur de quai,Non,47 route des Ecassaz,BELLEY,0058,Hermes - Belley,Olivier VUILLAUME 
0002,"Agence Fontaine, contrat AFEO",AF259162,Niveleur de quai,Non,47 route des Ecassaz,BELLEY,0058,Hermes - Belley,Olivier VUILLAUME 
0002,"Agence Fontaine, contrat AFEO",AF259163,Porte sectionnelle,Non,47 route des Ecassaz,BELLEY,0058,Hermes - Belley,Olivier VUILLAUME 
0002,"Agence Fontaine, contrat AFEO",AF259164,Porte sectionnelle,Non,47 route des Ecassaz,BELLEY,0058,Hermes - Belley,Olivier VUILLAUME 
0002,"Agence Fontaine, contrat AFEO",AF259165,Porte coulissante,Non,47 route des Ecassaz,BELLEY,0058,Hermes - Belley,Olivier VUILLAUME 
0002,"Agence Fontaine, contrat AFEO",AF259171,Porte de garage,Non,8 Route de Chez Besson ,ST JORIOZ,0054,LA FERME DU CHATEAU DE NOIRET,Kalifa DIOMANDE
0002,"Agence Fontaine, contrat AFEO",AF259186,Ascenseur,Non,5 Boulevard Clémenceau ,GRENOBLE,0028,GRANP CAP,Xavier VICTORION
0002,"Agence Fontaine, contrat AFEO",AF259187,Ascenseur,Non,15 Avenue Jeanne d'Arc ,GRENOBLE,0028,SDC L'AMIRAL ,Xavier VICTORION
0002,"Agence Fontaine, contrat AFEO",AF259188,Ascenseur,Non,7 Boulevard Clémenceau ,GRENOBLE,0028,SDC L'AMIRAL ,Xavier VICTORION
0002,"Agence Fontaine, contrat AFEO",AF259189,Rideau,Non,Rue Paul Verlaine ,SASSENAGE,0033,Ville de Sassenage ,Roman NOIREZ
0002,"Agence Fontaine, contrat AFEO",AF259190,Rideau,Non,62 Avenue de Valence ,SASSENAGE,0033,Ville de Sassenage ,Roman NOIREZ
0002,"Agence Fontaine, contrat AFEO",AF259191,Rideau,Non,62 Avenue de Valence ,SASSENAGE,0033,Ville de Sassenage ,Roman NOIREZ
0002,"Agence Fontaine, contrat AFEO",AF259192,Rideau,Non,62 Avenue de Valence ,SASSENAGE,0033,Ville de Sassenage ,Roman NOIREZ
0002,"Agence Fontaine, contrat AFEO",AF259193,Rideau,Non,Esplanade François Mitterand ,SASSENAGE,0033,Ville de Sassenage ,Roman NOIREZ
0002,"Agence Fontaine, contrat AFEO",AF259194,Rideau,Non,Esplanade François Mitterand ,SASSENAGE,0033,Ville de Sassenage ,Roman NOIREZ
0002,"Agence Fontaine, contrat AFEO",AF259195,Rideau,Non,Esplanade François Mitterand ,SASSENAGE,0033,Ville de Sassenage ,Roman NOIREZ
0002,"Agence Fontaine, contrat AFEO",AF259196,Rideau,Non,Esplanade François Mitterand ,SASSENAGE,0033,Ville de Sassenage ,Roman NOIREZ
0002,"Agence Fontaine, contrat AFEO",AF259197,Rideau,Non,Esplanade François Mitterand ,SASSENAGE,0033,Ville de Sassenage ,Roman NOIREZ
0002,"Agence Fontaine, contrat AFEO",AF259198,Rideau,Non,Rue du Moucherotte ,SASSENAGE,0033,Ville de Sassenage ,Roman NOIREZ
0002,"Agence Fontaine, contrat AFEO",AF259199,Rideau,Non,Rue du Moucherotte ,SASSENAGE,0033,Ville de Sassenage ,Roman NOIREZ
0002,"Agence Fontaine, contrat AFEO",AF259200,Rideau,Non,Rue du Moucherotte ,SASSENAGE,0033,Ville de Sassenage ,Roman NOIREZ
0002,"Agence Fontaine, contrat AFEO",AF259201,Rideau,Non,Rue du Moucherotte ,SASSENAGE,0033,Ville de Sassenage ,Roman NOIREZ
0002,"Agence Fontaine, contrat AFEO",AF259202,Rideau,Non,Rue du Moucherotte ,SASSENAGE,0033,Ville de Sassenage ,Roman NOIREZ
0002,"Agence Fontaine, contrat AFEO",AF259203,Rideau,Non,Rue du Moucherotte ,SASSENAGE,0033,Ville de Sassenage ,Roman NOIREZ
0002,"Agence Fontaine, contrat AFEO",AF259204,Rideau,Non,Rue du Moucherotte ,SASSENAGE,0033,Ville de Sassenage ,Roman NOIREZ
0002,"Agence Fontaine, contrat AFEO",AF259205,Rideau,Non,8 Rue des Pies ,SASSENAGE,0033,Ville de Sassenage ,Roman NOIREZ
0002,"Agence Fontaine, contrat AFEO",AF259206,Rideau,Non,8 Rue des Pies ,SASSENAGE,0033,Ville de Sassenage ,Roman NOIREZ
0002,"Agence Fontaine, contrat AFEO",AF259207,Rideau,Non,Chemin des Cuves ,SASSENAGE,0033,Ville de Sassenage ,Roman NOIREZ
0002,"Agence Fontaine, contrat AFEO",AF259208,Porte piétonne,Non,4 Rue du 08 mai 1945,SASSENAGE,0033,Ville de Sassenage ,Roman NOIREZ
0002,"Agence Fontaine, contrat AFEO",AF259209,Rideau,Non,4 Rue du 08 mai 1945,SASSENAGE,0033,Ville de Sassenage ,Roman NOIREZ
0002,"Agence Fontaine, contrat AFEO",AF259210,Porte piétonne,Non,Place de la Libération ,SASSENAGE,0033,Ville de Sassenage ,Roman NOIREZ
0002,"Agence Fontaine, contrat AFEO",AF259212,Porte piétonne,Non,Place de la Libération ,SASSENAGE,0033,Ville de Sassenage ,Roman NOIREZ
0002,"Agence Fontaine, contrat AFEO",AF259213,Porte piétonne,Non,Place de la Libération ,SASSENAGE,0033,Ville de Sassenage ,Roman NOIREZ
0002,"Agence Fontaine, contrat AFEO",AF259214,Porte piétonne,Non,Place de la Libération ,SASSENAGE,0033,Ville de Sassenage ,Roman NOIREZ
0002,"Agence Fontaine, contrat AFEO",AF259215,Porte piétonne,Non,5 Rue des Blondes,SASSENAGE,0033,Ville de Sassenage ,Roman NOIREZ
0002,"Agence Fontaine, contrat AFEO",AF259216,Porte piétonne,Non,5 Rue des Blondes ,SASSENAGE,0033,Ville de Sassenage ,Roman NOIREZ
0002,"Agence Fontaine, contrat AFEO",AF259217,Porte piétonne,Non,4 Bis Square de la Libération ,SASSENAGE,0033,Ville de Sassenage ,Roman NOIREZ
0002,"Agence Fontaine, contrat AFEO",AF259218,Porte piétonne,Non,4 Bis Square de la Libération ,SASSENAGE,0033,Ville de Sassenage ,Roman NOIREZ
0002,"Agence Fontaine, contrat AFEO",AF259219,Portail,Non,1 Rue Lesdiguières,SASSENAGE,0033,Ville de Sassenage ,Roman NOIREZ
0002,"Agence Fontaine, contrat AFEO",AF259220,Porte sectionnelle,Non,1 Rue Lesdiguières ,SASSENAGE,0033,Ville de Sassenage ,Roman NOIREZ
0002,"Agence Fontaine, contrat AFEO",AF259224,Porte sectionnelle,Non,1 Rue Lesdiguières ,SASSENAGE,0033,Ville de Sassenage ,Roman NOIREZ
0002,"Agence Fontaine, contrat AFEO",AF259225,Porte sectionnelle,Non,1 Rue Lesdiguières ,SASSENAGE,0033,Ville de Sassenage ,Roman NOIREZ
0002,"Agence Fontaine, contrat AFEO",AF259226,Rideau métallique,Non,1 Rue Lesdiguières ,SASSENAGE,0033,Ville de Sassenage ,Roman NOIREZ
0002,"Agence Fontaine, contrat AFEO",AF259227,Portail,Non,4 Rue Pierre de Coubertin ,SASSENAGE,0033,Ville de Sassenage ,Roman NOIREZ
0002,"Agence Fontaine, contrat AFEO",AF259228,Barrière Levante,Non,4 Rue Pierre de Coubertin ,SASSENAGE,0033,Ville de Sassenage ,Roman NOIREZ
0002,"Agence Fontaine, contrat AFEO",AF259229,Rideau métallique,Non,4 Rue Pierre de Coubertin ,SASSENAGE,0033,Ville de Sassenage ,Roman NOIREZ
0002,"Agence Fontaine, contrat AFEO",AF259230,Rideau métallique,Non,4 Rue Pierre de Coubertin ,SASSENAGE,0033,Ville de Sassenage ,Roman NOIREZ
0002,"Agence Fontaine, contrat AFEO",AF259231,Rideau métallique,Non,4 Rue Pierre de Coubertin ,SASSENAGE,0033,Ville de Sassenage ,Roman NOIREZ
0002,"Agence Fontaine, contrat AFEO",AF259232,Rideau métallique,Non,4 Rue Pierre de Coubertin ,SASSENAGE,0033,Ville de Sassenage ,Roman NOIREZ
0002,"Agence Fontaine, contrat AFEO",AF259233,Rideau métallique,Non,4 Rue Pierre de Coubertin ,SASSENAGE,0033,Ville de Sassenage ,Roman NOIREZ
0002,"Agence Fontaine, contrat AFEO",AF259234,Rideau métallique,Non,4 Rue Pierre de Coubertin ,SASSENAGE,0033,Ville de Sassenage ,Roman NOIREZ
0002,"Agence Fontaine, contrat AFEO",AF259235,Rideau métallique,Non,4 Rue Pierre de Coubertin ,SASSENAGE,0033,Ville de Sassenage ,Roman NOIREZ
0002,"Agence Fontaine, contrat AFEO",AF259236,Rideau métallique,Non,4 Rue Pierre de Coubertin ,SASSENAGE,0033,Ville de Sassenage ,Roman NOIREZ
0002,"Agence Fontaine, contrat AFEO",AF259237,Rideau métallique,Non,4 Rue Pierre de Coubertin ,SASSENAGE,0033,Ville de Sassenage ,Roman NOIREZ
0002,"Agence Fontaine, contrat AFEO",AF259238,Rideau métallique,Non,4 Rue Pierre de Coubertin ,SASSENAGE,0033,Ville de Sassenage ,Roman NOIREZ
0002,"Agence Fontaine, contrat AFEO",AF259239,Rideau métallique,Non,4 Rue Pierre de Coubertin ,SASSENAGE,0033,Ville de Sassenage ,Roman NOIREZ
0002,"Agence Fontaine, contrat AFEO",AF259240,Rideau métallique,Non,4 Rue Pierre de Coubertin ,SASSENAGE,0033,Ville de Sassenage ,Roman NOIREZ
0002,"Agence Fontaine, contrat AFEO",AF259241,Rideau métallique,Non,4 Rue Pierre de Coubertin ,SASSENAGE,0033,Ville de Sassenage ,Roman NOIREZ
0002,"Agence Fontaine, contrat AFEO",AF259242,Rideau métallique,Non,4 Rue Pierre de Coubertin ,SASSENAGE,0033,Ville de Sassenage ,Roman NOIREZ
0002,"Agence Fontaine, contrat AFEO",AF259243,Rideau métallique,Non,4 Rue Pierre de Coubertin ,SASSENAGE,0033,Ville de Sassenage ,Roman NOIREZ
0002,"Agence Fontaine, contrat AFEO",AF259244,Rideau métallique,Non,4 Rue Pierre de Coubertin ,SASSENAGE,0033,Ville de Sassenage ,Roman NOIREZ
0002,"Agence Fontaine, contrat AFEO",AF259245,Rideau métallique,Non,4 Rue Pierre de Coubertin ,SASSENAGE,0033,Ville de Sassenage ,Roman NOIREZ
0002,"Agence Fontaine, contrat AFEO",AF259246,Rideau métallique,Non,4 Rue Pierre de Coubertin ,SASSENAGE,0033,Ville de Sassenage ,Roman NOIREZ
0002,"Agence Fontaine, contrat AFEO",AF259247,Rideau métallique,Non,4 Rue Pierre de Coubertin ,SASSENAGE,0033,Ville de Sassenage ,Roman NOIREZ
0002,"Agence Fontaine, contrat AFEO",AF259248,Rideau métallique,Non,4 Rue Pierre de Coubertin ,SASSENAGE,0033,Ville de Sassenage ,Roman NOIREZ
0002,"Agence Fontaine, contrat AFEO",AF259249,Rideau métallique,Non,4 Rue Pierre de Coubertin ,SASSENAGE,0033,Ville de Sassenage ,Roman NOIREZ
0002,"Agence Fontaine, contrat AFEO",AF259250,Rideau métallique,Non,4 Rue Pierre de Coubertin ,SASSENAGE,0033,Ville de Sassenage ,Roman NOIREZ
0002,"Agence Fontaine, contrat AFEO",AF259251,Rideau métallique,Non,4 Rue Pierre de Coubertin ,SASSENAGE,0033,Ville de Sassenage ,Roman NOIREZ
0002,"Agence Fontaine, contrat AFEO",AF259252,Rideau métallique,Non,4 Rue Pierre de Coubertin ,SASSENAGE,0033,Ville de Sassenage ,Roman NOIREZ
0002,"Agence Fontaine, contrat AFEO",AF259253,Rideau métallique,Non,4 Rue Pierre de Coubertin ,SASSENAGE,0033,Ville de Sassenage ,Roman NOIREZ
0002,"Agence Fontaine, contrat AFEO",AF259254,Rideau métallique,Non,4 Rue Pierre de Coubertin ,SASSENAGE,0033,Ville de Sassenage ,Roman NOIREZ
0002,"Agence Fontaine, contrat AFEO",AF259255,Rideau métallique,Non,4 Rue Pierre de Coubertin ,SASSENAGE,0033,Ville de Sassenage ,Roman NOIREZ
0002,"Agence Fontaine, contrat AFEO",AF259256,Rideau métallique,Non,4 Rue Pierre de Coubertin ,SASSENAGE,0033,Ville de Sassenage ,Roman NOIREZ
0002,"Agence Fontaine, contrat AFEO",AF259257,Rideau métallique,Non,4 Rue Pierre de Coubertin ,SASSENAGE,0033,Ville de Sassenage ,Roman NOIREZ
0002,"Agence Fontaine, contrat AFEO",AF259258,Rideau métallique,Non,4 Rue Pierre de Coubertin ,SASSENAGE,0033,Ville de Sassenage ,Roman NOIREZ
0002,"Agence Fontaine, contrat AFEO",AF259259,Rideau métallique,Non,4 Rue Pierre de Coubertin ,SASSENAGE,0033,Ville de Sassenage ,Roman NOIREZ
0002,"Agence Fontaine, contrat AFEO",AF259260,Rideau métallique,Non,4 Rue Pierre de Coubertin ,SASSENAGE,0033,Ville de Sassenage ,Roman NOIREZ
0002,"Agence Fontaine, contrat AFEO",AF259261,Rideau métallique,Non,4 Rue Pierre de Coubertin ,SASSENAGE,0033,Ville de Sassenage ,Roman NOIREZ
0002,"Agence Fontaine, contrat AFEO",AF259262,Rideau métallique,Non,4 Rue Pierre de Coubertin ,SASSENAGE,0033,Ville de Sassenage ,Roman NOIREZ
0002,"Agence Fontaine, contrat AFEO",AF259272,Ascenseur,Non,Thonon Les Bains ,THONON LES BAINS,0054,G. DUBOULOZ QUINCAILLERIE ,Kalifa DIOMANDE
0002,"Agence Fontaine, contrat AFEO",AF259328,Barrière Levante,Non,166 RUE MARCEL ANTHONIOZ,DIVONNE LES BAINS,0012,SDC LE DIAMANT,Heithem ABID
0002,"Agence Fontaine, contrat AFEO",AF259329,Porte de garage,Non,166 RUE MARCEL ANTHONIOZ,DIVONNE LES BAINS,0012,SDC LE DIAMANT,Heithem ABID
0002,"Agence Fontaine, contrat AFEO",AF259330,Ascenseur,Non,166 RUE MARCEL ANTHONIOZ,DIVONNE LES BAINS,0012,SDC LE DIAMANT,Heithem ABID
0002,"Agence Fontaine, contrat AFEO",AF259331,Ascenseur,Non,166 RUE MARCEL ANTHONIOZ,DIVONNE LES BAINS,0012,SDC LE DIAMANT,Heithem ABID
0002,"Agence Fontaine, contrat AFEO",AF259337,Ascenseur,Non,29 Rue Pierre Sémard ,GRENOBLE,0068,HOTEL EUROPOLE,Léna GRAND CLEMENT
0002,"Agence Fontaine, contrat AFEO",AF259340,Rideau métallique,Non,128 PLACE DE L'EGLISE,MEGEVE,0054,HERMES MEGEVE,Kalifa DIOMANDE
0002,"Agence Fontaine, contrat AFEO",AF259341,Rideau métallique,Non,128 PLACE DE L'EGLISE,MEGEVE,0054,HERMES MEGEVE,Kalifa DIOMANDE
0002,"Agence Fontaine, contrat AFEO",AF259342,Rideau métallique,Non,128 PLACE DE L'EGLISE,MEGEVE,0054,HERMES MEGEVE,Kalifa DIOMANDE
0002,"Agence Fontaine, contrat AFEO",AF259343,Rideau métallique,Non,128 PLACE DE L'EGLISE,MEGEVE,0054,HERMES MEGEVE,Kalifa DIOMANDE
0002,"Agence Fontaine, contrat AFEO",AF259363,Ascenseur,Non,5 rue Salteur,CHAMBERY,0074,BANQUE DE SAVOIE,Julien TETU
0002,"Agence Fontaine, contrat AFEO",AFB25936,Ascenseur,Non,Av. Paul Langevin,BELLEGARDE,0012,ESAT Bellegarde,Heithem ABID
0002,"Agence Fontaine, contrat AFEO",AFB25981,Ascenseur,Non,6 Allée Victor Hugo,BELLEGARDE,0012,FOYER LES FLORALIES,Heithem ABID
0002,"Agence Fontaine, contrat AFEO",AFB25994,Ascenseur,Non,51 rue de la Bigandrie ,TALISSIEU,0012,FAM SOUS LA ROCHE,Heithem ABID
0002,"Agence Fontaine, contrat AFEO",ASC0161 ,Ascenseur,Non,112 rue de l'Iseran,CHAMBERY,0074,CENTRE HOSPITALIER METROPOLE SAVOIE ,Julien TETU
0002,"Agence Fontaine, contrat AFEO",AF259394,Ascenseur,Non,120 148 186 Chemin des Hérissos,PREVESSIN MOENS,0012,S 550 - SDC VILLA MATHILDA,Heithem ABID
0002,"Agence Fontaine, contrat AFEO",AF259395,Ascenseur,Non,120 148 186 Chemin des Hérissos,PREVESSIN MOENS,0012,S 550 - SDC VILLA MATHILDA,Heithem ABID
0002,"Agence Fontaine, contrat AFEO",AF239696,Ascenseur,Non,120 148 186 Chemin des Hérissos,PREVESSIN MOENS,0012,S 550 - SDC VILLA MATHILDA,Heithem ABID
0002,"Agence Fontaine, contrat AFEO",AF259397,Ascenseur,Non,120 148 186 Chemin des Hérissos,PREVESSIN MOENS,0012,S 550 - SDC VILLA MATHILDA,Heithem ABID
0002,"Agence Fontaine, contrat AFEO",AF259401,Porte de garage,Non,283/285 Chemin des Vignes ,RIVES SUR FURE,0022,LE DOMAINE DES VIGNES,Jean-Paul SCARINGELLA
0002,"Agence Fontaine, contrat AFEO",AF259402,Barrière Levante,Non,283/285 Chemin des Vignes ,RIVES SUR FURE,0022,LE DOMAINE DES VIGNES,Jean-Paul SCARINGELLA
0002,"Agence Fontaine, contrat AFEO",AF259403,Ascenseur,Non,3 RUE MONNET D'AIGUENOIRE,VOIRON,0022,SDC LES ARCADES,Jean-Paul SCARINGELLA
0002,"Agence Fontaine, contrat AFEO",AF259428,Ascenseur,Non,775 Rue de Nogentil ,COURCHEVEL ,0029,HOTEL COURCHENEIGE COURCHEVEL ,Houssam BOUAZIZ
0002,"Agence Fontaine, contrat AFEO",AF259429,Ascenseur,Non,775 Rue de Nogentil ,COURCHEVEL ,0029,HOTEL COURCHENEIGE COURCHEVEL ,Houssam BOUAZIZ
0002,"Agence Fontaine, contrat AFEO",AF259430,Ascenseur,Non,775 Rue de Nogentil ,COURCHEVEL ,0029,HOTEL COURCHENEIGE COURCHEVEL ,Houssam BOUAZIZ
0002,"Agence Fontaine, contrat AFEO",AF259431,Monte Plats,Non,775 Rue de Nogentil ,COURCHEVEL ,0029,HOTEL COURCHENEIGE COURCHEVEL ,Houssam BOUAZIZ
0002,"Agence Fontaine, contrat AFEO",AF259432,Porte de garage,Non,31/33 Rue Georges Sand ,RIVES SUR FURE,0022,LE COEUR DES VIGNES,Jean-Paul SCARINGELLA
0002,"Agence Fontaine, contrat AFEO",AF259433,Barrière Levante,Non,31/33 Rue Georges Sand ,RIVES SUR FURE,0022,LE COEUR DES VIGNES,Jean-Paul SCARINGELLA
0002,"Agence Fontaine, contrat AFEO",AF259437,Ascenseur,Non,8 RUE SAINT GERMAIN,GRENOBLE,0028,LE TEMPOLOGIS -RESIDENCE ST GERMAIN,Xavier VICTORION
0002,"Agence Fontaine, contrat AFEO",AF259449,Ascenseur,Non,98 COURS SAINT ANDRE,LE PONT DE CLAIX,0052,HOTEL LE VILLANCOURT ,Martin DO NASCIMENTO
0002,"Agence Fontaine, contrat AFEO",AF259450,Ascenseur,Non,LES ANCOLIES ,ST MARTIN DE BELLEVILLE ,0029,HAMEAU DES AIRELLES,Houssam BOUAZIZ
0002,"Agence Fontaine, contrat AFEO",AF259451,Ascenseur,Non,LES BLEUETS,ST MARTIN DE BELLEVILLE ,0029,HAMEAU DES AIRELLES,Houssam BOUAZIZ
0002,"Agence Fontaine, contrat AFEO",AF259452,Ascenseur,Non,LES COLCHIQUES ,ST MARTIN DE BELLEVILLE ,0029,HAMEAU DES AIRELLES,Houssam BOUAZIZ
0002,"Agence Fontaine, contrat AFEO",AF259459,Ascenseur,Non,LES GENTIANES,ST MARTIN DE BELLEVILLE ,0029,HAMEAU DES AIRELLES,Houssam BOUAZIZ
0002,"Agence Fontaine, contrat AFEO",AF259454,Ascenseur,Non,LES EDLELWEISS,ST MARTIN DE BELLEVILLE ,0029,HAMEAU DES AIRELLES,Houssam BOUAZIZ
0002,"Agence Fontaine, contrat AFEO",AF259455,Ascenseur,Non,LES LYS ,ST MARTIN DE BELLEVILLE ,0029,HAMEAU DES AIRELLES,Houssam BOUAZIZ
0002,"Agence Fontaine, contrat AFEO",AF259456,Ascenseur,Non,LES PRIMEVERES ,ST MARTIN DE BELLEVILLE ,0029,HAMEAU DES AIRELLES,Houssam BOUAZIZ
0002,"Agence Fontaine, contrat AFEO",AF259457,Ascenseur,Non,LES VIOLETTES,ST MARTIN DE BELLEVILLE ,0029,HAMEAU DES AIRELLES,Houssam BOUAZIZ
0002,"Agence Fontaine, contrat AFEO",AF259458,Porte de garage,Non,Lieu dit les Bemes ,ST MARTIN DE BELLEVILLE ,0029,HAMEAU DES AIRELLES,Houssam BOUAZIZ
0002,"Agence Fontaine, contrat AFEO",AF248560,Ascenseur,Non,280 ROUTE DU PLANAY,MEGEVE,0054,CHALET CHAMLOUKA,Kalifa DIOMANDE
0002,"Agence Fontaine, contrat AFEO",AF259465,Ascenseur,Non,43 Rue de la Minoterie ,ANNECY,0054,RESIDENCE LE FLORESCENCE,Kalifa DIOMANDE
0002,"Agence Fontaine, contrat AFEO",AF259466,Ascenseur,Non,41 Rue de la Minoterie ,ANNECY,0054,RESIDENCE LE FLORESCENCE,Kalifa DIOMANDE
0002,"Agence Fontaine, contrat AFEO",AF259467,Ascenseur,Non,39 Rue de la Minoterie ,ANNECY,0054,RESIDENCE LE FLORESCENCE,Kalifa DIOMANDE
0002,"Agence Fontaine, contrat AFEO",AF259468,Ascenseur,Non,37 Rue de la Minoterie ,ANNECY,0054,RESIDENCE LE FLORESCENCE,Kalifa DIOMANDE
0002,"Agence Fontaine, contrat AFEO",AF259469,Ascenseur,Non,35 Rue de la Minoterie ,ANNECY,0054,RESIDENCE LE FLORESCENCE,Kalifa DIOMANDE
0002,"Agence Fontaine, contrat AFEO",AF259470,Ascenseur,Non,29 Rue de la Minoterie ,ANNECY,0054,RESIDENCE LE FLORESCENCE,Kalifa DIOMANDE
0002,"Agence Fontaine, contrat AFEO",AF259471,Ascenseur,Non,33 Rue de la Minoterie ,ANNECY,0054,RESIDENCE LE FLORESCENCE,Kalifa DIOMANDE
0002,"Agence Fontaine, contrat AFEO",AF259472,Ascenseur,Non,27 Rue de la Minoterie ,ANNECY,0054,RESIDENCE LE FLORESCENCE,Kalifa DIOMANDE
0002,"Agence Fontaine, contrat AFEO",AF259473,Ascenseur,Non,23 Rue de la Minoterie ,ANNECY,0054,RESIDENCE LE FLORESCENCE,Kalifa DIOMANDE
0002,"Agence Fontaine, contrat AFEO",AF259479,EPMR elevtr pr pers a mobilité reduite,Non,2 AVENUE DU GRESIVAUDAN ,CORENC,0033,BANQUE POPULAIRE,Roman NOIREZ
0002,"Agence Fontaine, contrat AFEO",AF248501,Ascenseur,Oui,95 Route de la Chartreuse ,CORENC,0033,Association Marc SIMIAN ,Roman NOIREZ
0002,"Agence Fontaine, contrat AFEO",AF259509,Porte piétonne,Non,56 IMPASSE DES FAUVETTES,PREVESSIN MOENS,0012,SDC VILLA SIMA,Heithem ABID
0002,"Agence Fontaine, contrat AFEO",AF259568,Monte Plats,Non,4 Rue Dode ,VOIRON,0022,FROMAGERIE DU VOIRONNAIS,Jean-Paul SCARINGELLA
0002,"Agence Fontaine, contrat AFEO",AF259581,Monte-escaliers ,Non,2 AVENUE DU GRESIVAUDAN ,CORENC,0033,BANQUE POPULAIRE,Roman NOIREZ
0002,"Agence Fontaine, contrat AFEO",AF259592,Ascenseur,Non,Avenue Charles de Gaulle ,LE PONT DE CLAIX,0052,GRENOBLE ALPES METROPOLE,Martin DO NASCIMENTO
0002,"Agence Fontaine, contrat AFEO",AF259593,Ascenseur,Non,Avenue Charles de Gaulle ,LE PONT DE CLAIX,0052,GRENOBLE ALPES METROPOLE,Martin DO NASCIMENTO
0002,"Agence Fontaine, contrat AFEO",AF259594,Ascenseur,Non,Avenue Charles de Gaulle ,LE PONT DE CLAIX,0052,GRENOBLE ALPES METROPOLE,Martin DO NASCIMENTO
0002,"Agence Fontaine, contrat AFEO",AF259595,Ascenseur,Non,Avenue Charles de Gaulle ,LE PONT DE CLAIX,0052,GRENOBLE ALPES METROPOLE,Martin DO NASCIMENTO
0002,"Agence Fontaine, contrat AFEO",AF259596,EPMR elevtr pr pers a mobilité reduite,Non,Centre Pierre de Coubertin,SASSENAGE,0068,Ville de Sassenage ,Léna GRAND CLEMENT
0002,"Agence Fontaine, contrat AFEO",AF259597,EPMR elevtr pr pers a mobilité reduite,Non,2 Rue Pierre de Courbertin ,SASSENAGE,0068,Ville de Sassenage ,Léna GRAND CLEMENT
0002,"Agence Fontaine, contrat AFEO",AF259598,EPMR elevtr pr pers a mobilité reduite,Non,8 Rue des Pies ,SASSENAGE,0068,Ville de Sassenage ,Léna GRAND CLEMENT
0002,"Agence Fontaine, contrat AFEO",AF259599,Ascenseur,Non,28 rue du Gua ,SASSENAGE,0068,Ville de Sassenage ,Léna GRAND CLEMENT
0002,"Agence Fontaine, contrat AFEO",AF259600,Ascenseur,Non,Place de la Libération ,SASSENAGE,0068,Ville de Sassenage ,Léna GRAND CLEMENT
0002,"Agence Fontaine, contrat AFEO",AF259601,Ascenseur,Non,4 Bis Square de la Libération ,SASSENAGE,0068,Ville de Sassenage ,Léna GRAND CLEMENT
0002,"Agence Fontaine, contrat AFEO",AF259602,Ascenseur,Non,4 RUE DU PARC MESSKIRCH ,SASSENAGE,0068,Ville de Sassenage ,Léna GRAND CLEMENT
0002,"Agence Fontaine, contrat AFEO",AF269621,Ascenseur,Non,PLACE VICTOR HUGO,GRENOBLE,0028,BNP IMEX,Xavier VICTORION
0002,"Agence Fontaine, contrat AFEO",AF269622,Ascenseur,Non,PLACE VICTOR HUGO,GRENOBLE,0028,BNP IMEX,Xavier VICTORION
0002,"Agence Fontaine, contrat AFEO",AF269623,Ascenseur,Non,BOULEVARD BANCEL,VALENCE,0030,BNP IMEX,Karim MOKNECHE
0002,"Agence Fontaine, contrat AFEO",AF269624,EPMR elevtr pr pers a mobilité reduite,Non,RUE CHARLES DUPRAZ,ANNEMASSE,0012,BNP IMEX,Heithem ABID
0002,"Agence Fontaine, contrat AFEO",AF269623,Ascenseur,Non,BOULEVARD BANCEL,VALENCE,0030,BNP IMEX,Karim MOKNECHE
0002,"Agence Fontaine, contrat AFEO",AF269624,EPMR elevtr pr pers a mobilité reduite,Non,RUE CHARLES DUPRAZ,ANNEMASSE,0012,BNP IMEX,Heithem ABID
